id_usuario,ingreso_mensual,nivel_endeudamiento,frecuencia_ahorro,gasto_total,ratio_gasto_ingreso,perfil_financiero
1,4245,27.9,Alta,3678.65,0.87,En observación
2,3149,26.5,Baja,3256.88,1.03,En riesgo
3,2796,38.1,Baja,1863.77,0.67,En observación
4,3863,1.3,Alta,1697.85,0.44,Saludable
5,1981,34.7,Media,1161.97,0.59,Saludable
6,5698,26.6,Baja,4342.76,0.76,En observación
7,2683,31.7,Baja,1456.39,0.54,En observación
8,2599,25.6,Baja,1667.76,0.64,En riesgo
9,3480,14.1,Alta,3125.24,0.9,Saludable
10,3813,0.6,Baja,1948.16,0.51,En observación
11,4608,32.6,Alta,3360.08,0.73,Saludable
12,1282,19.2,Alta,855.2,0.67,En observación
13,4015,3.6,Alta,3245.47,0.81,Saludable
14,2485,39.2,Baja,2324.92,0.94,En riesgo
15,2241,25.4,Alta,1814.38,0.81,En observación
16,2781,27.2,Media,1531.94,0.55,Saludable
17,4719,50.3,Baja,3478.08,0.74,En riesgo
18,4042,20.3,Baja,3294.44,0.82,En riesgo
19,3446,53.5,Baja,959.52,0.28,En observación
20,3631,25.5,Baja,2783.22,0.77,En observación
21,3170,35.4,Baja,3220.79,1.02,En riesgo
22,2287,22.5,Alta,2092.08,0.91,En observación
23,2705,37.7,Alta,2076.02,0.77,En observación
24,2447,25.1,Baja,1662.54,0.68,En observación
25,3944,33.9,Alta,2961.63,0.75,Saludable
26,1377,23.7,Baja,947.8,0.69,En observación
27,3258,36.1,Alta,3549.63,1.09,En observación
28,3886,28.9,Alta,1572.36,0.4,Saludable
29,3590,66.9,Alta,2568.2,0.72,En observación
30,3448,12.5,Alta,3295.28,0.96,En observación
31,4687,16.4,Media,4698.73,1.0,En observación
32,4380,62.9,Baja,2504.06,0.57,En observación
33,3649,22.4,Media,1718.24,0.47,Saludable
34,1907,37.1,Alta,1114.65,0.58,En observación
35,2325,25.2,Media,2084.21,0.9,En observación
36,3841,49.6,Baja,1769.37,0.46,En observación
37,3890,41.7,Baja,2051.39,0.53,En observación
38,4283,34.5,Alta,3405.36,0.8,En observación
39,2480,33.5,Media,1990.83,0.8,En observación
40,6299,37.1,Media,3373.53,0.54,En observación
41,2038,41.8,Media,1953.52,0.96,En observación
42,4945,36.2,Baja,4440.47,0.9,En riesgo
43,3132,18.7,Baja,1847.53,0.59,En observación
44,3384,35.1,Media,2706.54,0.8,En observación
45,3520,51.8,Baja,2472.31,0.7,En riesgo
46,4439,17.1,Baja,2473.59,0.56,En observación
47,3165,40.7,Media,2643.35,0.84,En observación
48,2230,7.3,Baja,1493.27,0.67,En observación
49,3821,11.3,Media,2984.86,0.78,En observación
50,2174,32.3,Media,1653.28,0.76,En observación
51,4037,38.4,Alta,3814.76,0.94,En observación
52,1433,15.9,Media,1207.6,0.84,En observación
53,4273,85.0,Baja,3643.84,0.85,En riesgo
54,4931,39.8,Alta,3418.42,0.69,En observación
55,2341,26.4,Media,1551.23,0.66,En observación
56,6972,2.0,Alta,6090.23,0.87,Saludable
57,2792,46.3,Baja,2126.3,0.76,En observación
58,2427,40.2,Media,1501.18,0.62,En observación
59,3568,20.2,Baja,4052.93,1.14,En riesgo
60,800,32.8,Alta,504.7,0.63,En observación
61,2311,28.3,Media,1943.31,0.84,En observación
62,1700,25.0,Alta,1129.67,0.66,Saludable
63,6148,36.1,Alta,3215.66,0.52,En observación
64,6683,45.5,Media,3184.54,0.48,En observación
65,5400,19.4,Alta,4481.39,0.83,En observación
66,2110,29.1,Baja,527.5,0.25,Saludable
67,3121,11.3,Alta,3257.81,1.04,Saludable
68,2840,32.0,Baja,2866.78,1.01,En observación
69,5245,30.2,Baja,3007.11,0.57,En observación
70,3799,21.0,Alta,2896.98,0.76,Saludable
71,3670,39.9,Baja,3800.22,1.04,En observación
72,6700,0.7,Media,4841.95,0.72,En observación
73,3921,20.7,Baja,2793.86,0.71,En observación
74,2616,42.7,Baja,2130.11,0.81,En observación
75,4849,34.6,Baja,4346.23,0.9,En riesgo
76,2257,21.6,Media,1996.35,0.88,En observación
77,3469,31.8,Media,3399.55,0.98,En observación
78,4321,27.0,Media,3071.44,0.71,En observación
79,4738,42.2,Alta,4666.86,0.98,En observación
80,4523,25.3,Media,3656.17,0.81,En observación
81,3645,38.9,Baja,2196.92,0.6,En riesgo
82,1991,11.8,Media,1908.29,0.96,En observación
83,4436,39.4,Media,3317.22,0.75,En observación
84,3614,19.8,Baja,3344.83,0.93,En observación
85,2262,25.2,Alta,1864.63,0.82,Saludable
86,2267,33.7,Media,1800.21,0.79,En observación
87,2793,33.5,Alta,1366.74,0.49,Saludable
88,2422,26.8,Alta,1952.04,0.81,En observación
89,4786,27.6,Alta,3573.12,0.75,Saludable
90,3472,25.7,Baja,2805.69,0.81,En observación
91,4279,53.0,Alta,3125.48,0.73,En observación
92,4535,24.0,Alta,3584.18,0.79,Saludable
93,3647,18.4,Baja,2751.34,0.75,En observación
94,5677,44.4,Alta,6458.0,1.14,En observación
95,4808,32.8,Alta,5501.14,1.14,En observación
96,2240,21.0,Baja,823.65,0.37,Saludable
97,2361,32.3,Baja,1915.99,0.81,En riesgo
98,4926,21.3,Media,2897.89,0.59,En observación
99,1520,57.5,Media,1462.69,0.96,En observación
100,930,50.3,Media,678.33,0.73,En riesgo
101,1108,21.0,Alta,832.05,0.75,Saludable
102,2825,39.3,Alta,1575.87,0.56,Saludable
103,3680,37.7,Alta,3231.37,0.88,Saludable
104,1199,49.2,Baja,970.97,0.81,En observación
105,5827,31.7,Alta,5607.17,0.96,En observación
106,6591,56.3,Media,4647.88,0.71,En riesgo
107,4468,50.5,Baja,2574.97,0.58,En riesgo
108,5088,3.6,Baja,2732.32,0.54,Saludable
109,3096,40.8,Baja,3159.23,1.02,En riesgo
110,5943,9.3,Media,2635.07,0.44,Saludable
111,4076,29.5,Media,1540.16,0.38,Saludable
112,1543,40.0,Media,1259.07,0.82,En observación
113,2729,14.1,Baja,2015.96,0.74,En observación
114,2021,37.6,Baja,1322.85,0.65,En observación
115,3339,14.5,Alta,2171.5,0.65,Saludable
116,6447,30.5,Alta,4023.25,0.62,Saludable
117,3332,26.7,Media,2867.35,0.86,En observación
118,2704,21.4,Baja,1894.13,0.7,Saludable
119,1227,50.5,Alta,1283.56,1.05,En observación
120,4365,34.7,Media,5674.5,1.3,En riesgo
121,3308,15.7,Media,1524.46,0.46,Saludable
122,2365,8.7,Alta,1498.5,0.63,Saludable
123,6031,43.2,Media,4514.6,0.75,En riesgo
124,3616,17.1,Baja,3703.37,1.02,En riesgo
125,1944,27.1,Media,1151.6,0.59,Saludable
126,4889,58.6,Baja,2435.98,0.5,En riesgo
127,2524,22.7,Baja,1623.86,0.64,En observación
128,3573,17.5,Alta,2853.69,0.8,Saludable
129,3142,16.4,Alta,2030.3,0.65,Saludable
130,4251,15.3,Alta,3264.26,0.77,Saludable
131,996,38.2,Media,628.2,0.63,En observación
132,2355,2.9,Alta,1076.33,0.46,Saludable
133,3890,16.4,Alta,3364.64,0.86,Saludable
134,3401,11.8,Media,2151.71,0.63,Saludable
135,2209,24.2,Alta,2056.87,0.93,Saludable
136,4754,13.1,Media,4018.86,0.85,En observación
137,800,18.0,Media,683.1,0.85,En observación
138,4057,20.9,Baja,3105.98,0.77,En observación
139,5252,33.8,Baja,4258.16,0.81,En observación
140,2769,23.5,Alta,2273.35,0.82,Saludable
141,3935,61.1,Media,3568.27,0.91,En observación
142,5302,23.9,Baja,2031.4,0.38,Saludable
143,800,24.7,Baja,602.65,0.75,En riesgo
144,3990,26.7,Baja,3588.18,0.9,En observación
145,3853,41.6,Baja,1864.29,0.48,En observación
146,4008,23.8,Alta,3462.51,0.86,En observación
147,3773,33.7,Baja,2517.78,0.67,En observación
148,4746,17.2,Alta,3620.64,0.76,Saludable
149,4218,35.0,Media,3951.24,0.94,En observación
150,3095,15.3,Alta,2073.73,0.67,Saludable
151,4635,16.2,Baja,4201.76,0.91,En riesgo
152,4120,58.2,Media,2516.16,0.61,En observación
153,832,52.4,Media,722.0,0.87,En observación
154,3920,13.1,Alta,4665.72,1.19,En observación
155,3664,40.9,Media,3065.24,0.84,En observación
156,2314,37.1,Alta,2519.4,1.09,En observación
157,5890,22.3,Media,3368.32,0.57,Saludable
158,3584,46.4,Alta,1596.16,0.45,En observación
159,3263,23.6,Baja,1852.8,0.57,Saludable
160,4735,31.1,Alta,2451.82,0.52,Saludable
161,2996,55.0,Alta,2107.01,0.7,Saludable
162,3131,25.9,Baja,828.34,0.26,En observación
163,3154,40.4,Alta,3415.19,1.08,En observación
164,3097,13.4,Alta,3757.3,1.21,En observación
165,3521,29.6,Media,2766.29,0.79,En observación
166,2640,21.8,Alta,1964.44,0.74,Saludable
167,2431,31.6,Media,1711.68,0.7,En observación
168,800,46.4,Baja,779.44,0.97,En observación
169,2986,24.4,Media,1482.99,0.5,Saludable
170,1834,56.3,Media,1684.39,0.92,En riesgo
171,4583,13.1,Baja,3004.55,0.66,En observación
172,1667,40.7,Media,1178.14,0.71,En observación
173,4566,36.7,Baja,3127.83,0.69,En riesgo
174,1878,39.2,Alta,1608.99,0.86,En observación
175,3989,11.2,Alta,3655.22,0.92,Saludable
176,2716,45.7,Media,1692.66,0.62,Saludable
177,1165,39.1,Alta,605.24,0.52,En observación
178,800,55.4,Baja,630.39,0.79,En riesgo
179,2683,36.0,Alta,1994.07,0.74,En observación
180,3671,32.3,Baja,2512.98,0.68,En observación
181,3962,4.3,Alta,2010.03,0.51,Saludable
182,3756,27.2,Media,2829.46,0.75,En observación
183,2690,18.3,Alta,2112.33,0.79,Saludable
184,4112,4.5,Alta,3845.74,0.94,Saludable
185,3884,44.7,Alta,4077.37,1.05,En observación
186,800,10.8,Baja,510.03,0.64,En observación
187,4276,19.1,Baja,3350.75,0.78,En observación
188,2583,8.9,Media,1508.0,0.58,Saludable
189,2036,45.8,Baja,1179.06,0.58,En riesgo
190,4240,32.8,Alta,2524.9,0.6,En observación
191,2637,31.8,Alta,3192.92,1.21,En observación
192,5224,19.5,Baja,3885.1,0.74,En riesgo
193,2560,57.2,Alta,2246.13,0.88,En observación
194,4449,44.6,Media,3834.71,0.86,En observación
195,2409,26.3,Media,1774.47,0.74,En observación
196,3767,10.0,Baja,3083.05,0.82,En observación
197,4340,46.2,Baja,3906.46,0.9,En riesgo
198,3395,5.1,Media,2808.79,0.83,En observación
199,3907,10.8,Media,2169.99,0.56,En observación
200,3441,40.2,Baja,2598.29,0.76,En observación
201,4907,22.3,Baja,3765.15,0.77,En observación
202,2848,25.4,Baja,2249.87,0.79,En observación
203,5384,16.6,Alta,3856.9,0.72,Saludable
204,5670,32.9,Baja,5305.6,0.94,En observación
205,3901,43.3,Baja,2983.53,0.76,En riesgo
206,2724,51.1,Alta,3170.2,1.16,En observación
207,2832,51.8,Media,2929.2,1.03,En observación
208,2870,25.8,Baja,1457.96,0.51,En observación
209,1994,18.5,Alta,1483.05,0.74,Saludable
210,5826,15.0,Baja,5401.74,0.93,En observación
211,3426,40.1,Baja,1877.14,0.55,En observación
212,3750,37.4,Alta,3007.69,0.8,En observación
213,2543,22.0,Media,1622.01,0.64,Saludable
214,2544,47.8,Alta,2558.48,1.01,En observación
215,2251,37.1,Baja,1464.5,0.65,En observación
216,3804,7.3,Media,3912.61,1.03,En observación
217,2581,24.2,Alta,2068.56,0.8,En observación
218,4488,60.2,Alta,3223.05,0.72,En observación
219,1431,19.0,Media,1064.72,0.74,En observación
220,2724,33.4,Baja,2034.95,0.75,En riesgo
221,7290,22.0,Alta,4825.26,0.66,En observación
222,4523,57.7,Alta,3867.65,0.86,En observación
223,4386,46.6,Alta,3937.25,0.9,En observación
224,5100,47.5,Baja,5093.82,1.0,En riesgo
225,3249,32.2,Alta,3142.34,0.97,En observación
226,4053,24.1,Media,3060.72,0.76,En observación
227,3787,30.7,Media,1913.29,0.51,En observación
228,4468,62.4,Alta,3103.47,0.69,En observación
229,3874,53.7,Alta,2839.05,0.73,En observación
230,4412,32.8,Media,2954.46,0.67,En observación
231,5110,14.6,Media,3954.81,0.77,Saludable
232,5293,7.2,Alta,3437.24,0.65,Saludable
233,5848,29.0,Media,3801.57,0.65,En observación
234,1328,0.0,Baja,1101.18,0.83,En observación
235,1968,40.6,Baja,1562.36,0.79,En observación
236,1580,43.1,Baja,1369.92,0.87,En riesgo
237,6270,13.9,Baja,2980.79,0.48,Saludable
238,3432,33.7,Media,2424.97,0.71,En observación
239,1623,51.7,Baja,1193.25,0.74,En riesgo
240,4014,36.9,Alta,3422.17,0.85,En observación
241,4464,49.9,Alta,3505.91,0.79,En observación
242,3365,51.6,Baja,2114.06,0.63,En riesgo
243,3440,8.5,Alta,2659.32,0.77,Saludable
244,4761,20.2,Baja,3188.38,0.67,Saludable
245,2822,0.0,Baja,1311.94,0.46,En observación
246,4679,36.4,Baja,2694.84,0.58,En observación
247,3495,12.6,Alta,3567.04,1.02,En observación
248,3169,30.4,Alta,2495.62,0.79,Saludable
249,3129,19.8,Baja,1782.62,0.57,En observación
250,6197,39.6,Baja,4010.62,0.65,En observación
251,5599,43.9,Baja,4259.35,0.76,En observación
252,4547,35.9,Baja,4142.93,0.91,En riesgo
253,5074,22.0,Media,5008.7,0.99,En observación
254,6613,19.7,Baja,7026.14,1.06,En riesgo
255,2523,22.7,Alta,1746.77,0.69,Saludable
256,4284,21.4,Baja,3194.22,0.75,En riesgo
257,6091,36.5,Media,4609.92,0.76,En observación
258,4420,14.7,Alta,3110.23,0.7,Saludable
259,4099,39.7,Media,2717.75,0.66,En observación
260,1661,8.0,Baja,1312.86,0.79,En observación
261,6026,23.1,Alta,5689.52,0.94,En observación
262,3241,43.3,Baja,2811.3,0.87,En observación
263,5715,50.7,Alta,3642.73,0.64,En observación
264,4241,33.9,Alta,2760.66,0.65,Saludable
265,3462,47.6,Alta,2935.25,0.85,En observación
266,4658,0.0,Media,4456.67,0.96,Saludable
267,2956,13.2,Baja,1528.13,0.52,En observación
268,2798,35.2,Media,2074.87,0.74,En observación
269,3615,10.8,Media,3359.52,0.93,En observación
270,1165,23.6,Baja,1188.46,1.02,En riesgo
271,2977,24.8,Baja,2060.4,0.69,En riesgo
272,4073,36.5,Baja,3810.09,0.94,En riesgo
273,3111,27.1,Alta,2293.15,0.74,Saludable
274,4591,30.8,Media,4048.69,0.88,En observación
275,3618,0.0,Media,3310.25,0.91,En observación
276,4997,0.0,Media,5626.16,1.13,En observación
277,5162,14.4,Media,4440.87,0.86,Saludable
278,2564,58.7,Media,1835.0,0.72,En observación
279,4805,37.4,Alta,3733.85,0.78,En observación
280,7105,29.1,Baja,5585.94,0.79,En riesgo
281,5158,47.8,Alta,4461.52,0.86,En observación
282,5950,12.8,Alta,4786.62,0.8,Saludable
283,3404,34.9,Alta,2749.9,0.81,En observación
284,5921,36.8,Baja,4180.53,0.71,En riesgo
285,5284,11.6,Baja,4531.2,0.86,En observación
286,3054,50.6,Media,2208.01,0.72,En observación
287,3240,30.2,Alta,1790.65,0.55,Saludable
288,5892,17.3,Media,3367.57,0.57,Saludable
289,2542,10.2,Baja,2657.82,1.05,En riesgo
290,2468,63.8,Baja,2287.14,0.93,En riesgo
291,800,64.4,Baja,399.9,0.5,En observación
292,5034,66.6,Baja,5029.82,1.0,En riesgo
293,4392,42.8,Alta,3893.98,0.89,En observación
294,3656,29.1,Media,2245.83,0.61,En observación
295,961,28.5,Baja,549.74,0.57,En observación
296,3770,50.9,Media,3450.67,0.92,En observación
297,2016,44.1,Baja,1155.47,0.57,En observación
298,4325,15.5,Media,3325.78,0.77,Saludable
299,2598,34.8,Media,1203.55,0.46,En observación
300,3471,38.3,Baja,2743.15,0.79,En riesgo
301,3688,23.6,Baja,2847.19,0.77,En observación
302,3573,30.6,Media,2228.27,0.62,Saludable
303,1396,56.2,Alta,734.44,0.53,Saludable
304,2422,43.4,Baja,1687.91,0.7,En riesgo
305,2490,34.2,Baja,1493.1,0.6,En riesgo
306,1719,34.6,Alta,1485.35,0.86,En observación
307,3222,28.1,Alta,2441.91,0.76,Saludable
308,4946,63.2,Baja,3213.18,0.65,En observación
309,3368,68.7,Baja,2038.78,0.61,En riesgo
310,6017,21.7,Baja,5128.99,0.85,En riesgo
311,2931,26.9,Baja,1891.37,0.65,En observación
312,2526,11.6,Media,1910.0,0.76,Saludable
313,3851,6.7,Media,3117.61,0.81,En observación
314,800,35.6,Media,776.78,0.97,En observación
315,6009,36.3,Baja,3744.2,0.62,En observación
316,4337,31.1,Media,3673.34,0.85,En observación
317,3754,8.8,Baja,2740.34,0.73,En observación
318,2397,48.5,Baja,2268.61,0.95,En riesgo
319,1862,25.3,Media,1803.08,0.97,En observación
320,6979,35.9,Baja,5475.51,0.78,En observación
321,3700,27.7,Media,3246.6,0.88,En observación
322,2321,10.0,Media,973.62,0.42,Saludable
323,1845,0.0,Media,1512.8,0.82,En observación
324,3491,42.6,Media,2669.67,0.76,En observación
325,4879,25.6,Media,3894.08,0.8,En observación
326,2498,44.9,Alta,1794.83,0.72,Saludable
327,4305,16.5,Alta,3250.59,0.76,Saludable
328,5129,37.1,Alta,3823.64,0.75,En observación
329,5585,38.4,Alta,4199.16,0.75,Saludable
330,1902,25.4,Alta,1217.83,0.64,Saludable
331,3585,37.9,Media,2643.26,0.74,En observación
332,3597,0.4,Baja,2089.57,0.58,Saludable
333,1685,39.0,Baja,1728.03,1.03,En riesgo
334,3180,52.4,Media,2470.1,0.78,En observación
335,2580,25.5,Baja,1754.73,0.68,En observación
336,3741,30.0,Baja,3099.98,0.83,En riesgo
337,4924,7.7,Alta,1429.41,0.29,Saludable
338,1450,26.6,Alta,782.1,0.54,Saludable
339,4312,41.4,Alta,2786.54,0.65,Saludable
340,2681,35.9,Baja,1297.06,0.48,En observación
341,3477,38.7,Alta,2682.59,0.77,Saludable
342,5295,27.6,Media,3945.23,0.75,En observación
343,2835,16.7,Baja,2038.0,0.72,En riesgo
344,1442,5.8,Baja,1463.36,1.01,En observación
345,2496,45.6,Alta,1599.91,0.64,En observación
346,4517,22.7,Media,5141.77,1.14,En observación
347,4613,34.5,Alta,4540.64,0.98,En observación
348,3548,18.7,Alta,2954.76,0.83,Saludable
349,6520,32.0,Baja,4461.26,0.68,En observación
350,1479,15.4,Baja,1428.82,0.97,En observación
351,1930,38.0,Alta,1859.41,0.96,En observación
352,4994,18.6,Baja,2467.41,0.49,En observación
353,3016,26.2,Baja,2983.05,0.99,En riesgo
354,4184,62.5,Baja,2653.35,0.63,En riesgo
355,3586,34.0,Alta,3676.1,1.03,En observación
356,4307,46.1,Baja,2947.32,0.68,En observación
357,1933,0.5,Alta,2165.19,1.12,Saludable
358,3168,25.8,Baja,2551.3,0.81,En riesgo
359,4791,21.3,Media,3449.13,0.72,En observación
360,3127,54.1,Baja,2621.6,0.84,En riesgo
361,4494,47.6,Alta,3516.93,0.78,Saludable
362,4100,20.2,Baja,2684.88,0.65,En observación
363,5357,30.3,Alta,4315.55,0.81,En observación
364,3861,69.0,Alta,3288.77,0.85,En observación
365,4630,35.7,Baja,4547.38,0.98,En riesgo
366,3292,11.6,Alta,2345.14,0.71,Saludable
367,2629,38.8,Baja,2761.98,1.05,En riesgo
368,1706,36.7,Media,1646.96,0.97,En observación
369,3299,30.2,Alta,2008.16,0.61,Saludable
370,3319,36.3,Alta,1959.04,0.59,Saludable
371,4584,24.4,Alta,4862.95,1.06,En observación
372,3837,44.0,Alta,1898.14,0.49,Saludable
373,1212,48.9,Media,788.61,0.65,En riesgo
374,2654,32.8,Media,2727.2,1.03,En riesgo
375,6592,48.1,Baja,6159.11,0.93,En riesgo
376,4668,21.7,Alta,2813.52,0.6,Saludable
377,3245,23.2,Alta,2840.51,0.88,En observación
378,3633,52.2,Media,1978.15,0.54,En observación
379,2425,2.0,Baja,1782.66,0.74,En observación
380,5770,39.5,Media,3263.78,0.57,En observación
381,5332,38.7,Media,3781.63,0.71,En observación
382,2942,46.3,Baja,3204.5,1.09,En riesgo
383,2767,13.2,Alta,2145.42,0.78,Saludable
384,3985,27.8,Alta,2654.46,0.67,Saludable
385,4270,22.0,Media,2303.3,0.54,Saludable
386,3459,56.6,Media,3628.58,1.05,En riesgo
387,2597,37.0,Media,1481.04,0.57,En observación
388,4649,48.4,Baja,3402.94,0.73,En observación
389,2183,17.6,Baja,1548.26,0.71,En observación
390,4870,18.0,Media,4960.99,1.02,En observación
391,3468,18.8,Alta,1087.69,0.31,Saludable
392,4605,25.8,Alta,3509.28,0.76,En observación
393,1156,22.1,Baja,1032.27,0.89,En observación
394,3940,9.7,Baja,3285.79,0.83,En observación
395,1077,47.5,Alta,665.34,0.62,Saludable
396,3801,47.2,Baja,2155.75,0.57,En observación
397,4143,40.4,Alta,3238.83,0.78,En observación
398,2259,31.3,Media,1258.3,0.56,Saludable
399,4155,43.6,Baja,1349.01,0.32,En observación
400,4429,60.9,Media,3338.33,0.75,En observación
401,3226,50.6,Baja,2044.4,0.63,En observación
402,2776,15.7,Baja,2143.3,0.77,En riesgo
403,3985,26.2,Media,2779.43,0.7,Saludable
404,4825,28.8,Media,3462.0,0.72,En riesgo
405,3948,18.7,Baja,2658.01,0.67,En observación
406,3670,8.4,Media,3359.74,0.92,En observación
407,6310,46.2,Alta,4224.43,0.67,En observación
408,3602,42.8,Alta,3015.78,0.84,En observación
409,2535,45.4,Media,1748.49,0.69,En observación
410,2067,36.4,Alta,2317.63,1.12,En observación
411,3536,51.2,Alta,2601.31,0.74,En observación
412,1906,36.4,Alta,1365.29,0.72,En observación
413,5281,68.8,Baja,4511.74,0.85,En riesgo
414,3792,24.7,Alta,3075.04,0.81,Saludable
415,3753,49.8,Alta,2134.79,0.57,En observación
416,5476,28.2,Media,2015.53,0.37,Saludable
417,5445,29.7,Alta,3104.33,0.57,Saludable
418,4761,38.2,Baja,3365.99,0.71,En observación
419,2912,16.2,Baja,3030.72,1.04,En observación
420,5326,52.8,Media,4951.56,0.93,En observación
421,4106,29.6,Baja,2411.59,0.59,En observación
422,1731,47.8,Baja,1153.48,0.67,En riesgo
423,3925,26.1,Alta,3358.25,0.86,Saludable
424,4807,9.8,Alta,3714.6,0.77,En observación
425,2000,19.8,Baja,1685.01,0.84,En observación
426,4026,37.3,Media,3479.47,0.86,En riesgo
427,4115,26.4,Media,3584.43,0.87,En riesgo
428,3301,15.4,Alta,3133.56,0.95,Saludable
429,800,42.7,Baja,522.91,0.65,En observación
430,3998,32.9,Alta,3509.05,0.88,En observación
431,4270,26.1,Media,3770.35,0.88,En observación
432,2097,46.3,Baja,1370.45,0.65,En riesgo
433,4051,57.6,Alta,2875.3,0.71,En observación
434,3471,25.5,Alta,3103.04,0.89,Saludable
435,1919,14.0,Media,1767.51,0.92,En observación
436,3343,27.5,Alta,2549.4,0.76,En observación
437,2109,33.6,Media,1951.95,0.93,En observación
438,3784,45.0,Media,996.77,0.26,En observación
439,2519,2.5,Baja,2121.04,0.84,En observación
440,3294,44.3,Baja,3426.45,1.04,En riesgo
441,5960,41.1,Alta,4550.93,0.76,Saludable
442,3131,17.4,Media,3571.75,1.14,En observación
443,3685,38.3,Media,2792.67,0.76,En riesgo
444,2566,32.9,Baja,1581.57,0.62,En observación
445,2582,29.4,Baja,1736.98,0.67,En observación
446,1391,28.8,Media,666.5,0.48,En observación
447,3624,8.1,Baja,2516.3,0.69,En observación
448,3979,50.1,Alta,1641.21,0.41,Saludable
449,3260,40.1,Media,2570.1,0.79,En observación
450,3021,18.1,Baja,2850.86,0.94,En observación
451,6352,29.1,Alta,3954.04,0.62,Saludable
452,800,6.2,Media,638.47,0.8,En observación
453,1128,43.4,Alta,747.92,0.66,En observación
454,5918,43.5,Alta,4152.45,0.7,Saludable
455,800,19.2,Media,569.6,0.71,Saludable
456,3303,31.2,Alta,2343.56,0.71,Saludable
457,3753,36.6,Baja,2078.14,0.55,En riesgo
458,3352,30.3,Baja,2941.31,0.88,En riesgo
459,4930,34.3,Baja,3154.02,0.64,En observación
460,1784,31.6,Alta,1327.33,0.74,Saludable
461,3307,1.8,Baja,2153.62,0.65,En observación
462,3740,14.6,Alta,3657.07,0.98,Saludable
463,4954,36.4,Baja,3139.25,0.63,En riesgo
464,1710,43.8,Media,1590.48,0.93,En observación
465,5589,26.2,Alta,4482.18,0.8,En observación
466,3299,42.2,Alta,2945.44,0.89,Saludable
467,5457,5.1,Baja,5106.98,0.94,En observación
468,1864,23.8,Media,1027.01,0.55,Saludable
469,3038,41.7,Baja,2995.03,0.99,En riesgo
470,2657,26.9,Baja,1187.63,0.45,En observación
471,4947,54.2,Media,2611.11,0.53,En observación
472,3460,34.2,Media,2090.78,0.6,En observación
473,2789,29.8,Baja,2366.0,0.85,En observación
474,2845,28.4,Media,2088.5,0.73,En observación
475,3112,54.0,Baja,2648.2,0.85,En riesgo
476,4545,25.0,Alta,4368.48,0.96,En observación
477,3339,36.7,Baja,1560.12,0.47,En observación
478,1709,32.1,Alta,1814.71,1.06,En riesgo
479,4457,37.5,Baja,1897.83,0.43,En observación
480,2318,20.7,Media,1668.34,0.72,En observación
481,800,41.2,Alta,445.53,0.56,Saludable
482,6611,16.2,Media,1947.26,0.29,Saludable
483,5151,59.4,Alta,2723.24,0.53,En observación
484,2802,28.4,Alta,3435.2,1.23,En observación
485,3881,37.0,Baja,3669.26,0.95,En riesgo
486,3962,24.1,Baja,3163.43,0.8,En observación
487,4432,24.5,Baja,3624.84,0.82,En observación
488,5189,29.2,Baja,2235.7,0.43,En observación
489,2141,20.2,Media,1376.19,0.64,En observación
490,800,77.1,Baja,752.07,0.94,En riesgo
491,3418,34.3,Baja,2884.12,0.84,En riesgo
492,4333,31.3,Alta,3095.84,0.71,Saludable
493,3208,47.0,Media,2748.74,0.86,Saludable
494,4484,32.9,Media,3347.9,0.75,En observación
495,5186,44.2,Alta,3168.03,0.61,En observación
496,2043,9.3,Alta,1301.78,0.64,Saludable
497,4930,37.7,Baja,4340.95,0.88,En riesgo
498,2538,36.5,Media,2269.16,0.89,En observación
499,5283,40.6,Baja,4296.46,0.81,En riesgo
500,3460,16.8,Alta,2493.44,0.72,Saludable
501,2487,27.8,Baja,1510.52,0.61,En observación
502,800,33.2,Media,600.17,0.75,En observación
503,4489,44.1,Baja,2067.81,0.46,En observación
504,2346,15.9,Media,2109.77,0.9,En observación
505,3103,0.0,Baja,2682.16,0.86,En observación
506,3590,34.2,Baja,3571.76,0.99,En observación
507,800,32.8,Media,859.27,1.07,En riesgo
508,3814,22.6,Media,3414.61,0.9,En observación
509,4215,37.6,Media,3965.63,0.94,En riesgo
510,4089,22.4,Baja,3047.93,0.75,En observación
511,2458,23.9,Baja,1611.62,0.66,En observación
512,2266,46.8,Baja,1699.58,0.75,En riesgo
513,3008,32.3,Alta,2702.74,0.9,Saludable
514,2513,25.4,Baja,1275.96,0.51,En observación
515,2786,43.1,Media,2221.17,0.8,En observación
516,4776,27.9,Media,3917.67,0.82,En observación
517,3898,21.3,Media,1212.33,0.31,Saludable
518,5634,43.9,Baja,5204.53,0.92,En riesgo
519,3633,33.0,Media,2320.84,0.64,En observación
520,4424,48.1,Media,3206.96,0.72,En observación
521,3501,39.0,Alta,1715.86,0.49,Saludable
522,2674,11.7,Alta,1760.92,0.66,Saludable
523,2820,51.8,Media,2280.86,0.81,En observación
524,4433,12.9,Alta,4153.9,0.94,Saludable
525,4506,13.9,Alta,2119.28,0.47,Saludable
526,4065,16.5,Media,2412.42,0.59,En observación
527,1716,54.6,Baja,1008.82,0.59,En riesgo
528,3007,39.0,Baja,1960.74,0.65,En observación
529,3561,15.0,Media,3145.6,0.88,En observación
530,3157,15.1,Baja,911.68,0.29,Saludable
531,7119,41.8,Alta,5314.57,0.75,En observación
532,3534,38.2,Media,1899.36,0.54,En observación
533,4573,40.8,Baja,3790.68,0.83,En riesgo
534,4509,38.9,Baja,3094.4,0.69,En observación
535,3653,53.2,Alta,1924.99,0.53,Saludable
536,3747,30.8,Media,2927.16,0.78,En observación
537,3165,52.3,Media,1461.72,0.46,En observación
538,3345,5.4,Alta,2402.87,0.72,En observación
539,3531,33.5,Media,1847.31,0.52,Saludable
540,2937,25.2,Media,2880.3,0.98,En observación
541,1833,33.7,Alta,1539.13,0.84,En observación
542,5871,14.8,Alta,3546.35,0.6,Saludable
543,3149,37.0,Baja,2921.39,0.93,En riesgo
544,3020,32.3,Media,1811.02,0.6,En observación
545,1089,32.8,Alta,1213.42,1.11,En observación
546,3215,24.6,Baja,2306.86,0.72,En riesgo
547,800,53.0,Media,394.95,0.49,En observación
548,2856,38.8,Baja,1320.44,0.46,En observación
549,6536,9.6,Alta,5125.19,0.78,Saludable
550,4139,30.3,Media,2626.33,0.63,En observación
551,6207,27.1,Baja,5459.41,0.88,En observación
552,2065,37.1,Alta,2100.4,1.02,En observación
553,3030,30.0,Alta,1590.53,0.52,Saludable
554,4823,23.2,Alta,3209.19,0.67,Saludable
555,2845,29.0,Alta,3209.02,1.13,En observación
556,2962,20.3,Alta,2618.27,0.88,Saludable
557,2526,49.8,Alta,2539.97,1.01,En observación
558,800,45.1,Alta,501.41,0.63,En observación
559,800,43.4,Baja,425.59,0.53,En observación
560,3521,15.7,Media,2382.78,0.68,En observación
561,3659,38.8,Media,4045.97,1.11,En observación
562,5926,31.6,Baja,3485.79,0.59,En observación
563,3216,43.8,Alta,2338.16,0.73,En observación
564,1323,29.8,Media,694.01,0.52,En observación
565,4830,23.7,Alta,1358.4,0.28,Saludable
566,4155,36.1,Media,4040.49,0.97,En observación
567,4520,47.9,Alta,1942.94,0.43,Saludable
568,2744,28.8,Baja,2229.72,0.81,En observación
569,2486,30.5,Alta,1377.98,0.55,Saludable
570,4519,12.8,Media,3931.24,0.87,En observación
571,911,19.8,Alta,879.06,0.96,Saludable
572,2803,36.9,Media,2497.5,0.89,En observación
573,2604,51.3,Alta,2768.06,1.06,En riesgo
574,3628,17.9,Media,2178.69,0.6,En observación
575,4128,51.0,Media,3579.31,0.87,En observación
576,5078,15.0,Media,3457.53,0.68,En observación
577,6494,76.6,Alta,5579.71,0.86,En observación
578,4302,43.3,Media,2978.19,0.69,En riesgo
579,3845,37.5,Alta,3344.64,0.87,En observación
580,4758,20.7,Baja,3090.35,0.65,En observación
581,4159,41.7,Baja,3461.95,0.83,En riesgo
582,3492,40.0,Media,1932.8,0.55,En observación
583,4543,42.7,Alta,3166.86,0.7,En observación
584,1223,24.6,Media,1113.26,0.91,En observación
585,4251,30.7,Alta,3193.65,0.75,Saludable
586,4548,36.3,Alta,3813.79,0.84,En observación
587,800,46.5,Baja,531.05,0.66,En observación
588,4540,24.1,Alta,4271.18,0.94,En observación
589,4525,9.5,Alta,4380.88,0.97,En observación
590,2946,32.2,Media,1267.6,0.43,En observación
591,1956,9.7,Media,931.01,0.48,En observación
592,2556,53.0,Alta,1670.49,0.65,Saludable
593,1825,48.5,Baja,1317.54,0.72,En observación
594,3740,37.5,Media,3557.23,0.95,En riesgo
595,2960,10.1,Media,1999.71,0.68,En observación
596,2054,15.6,Baja,1667.61,0.81,En observación
597,3549,18.6,Media,2514.57,0.71,Saludable
598,4835,45.5,Alta,2019.51,0.42,Saludable
599,1255,20.2,Alta,922.4,0.73,Saludable
600,2117,14.9,Alta,1666.73,0.79,Saludable
601,2417,32.7,Media,1574.91,0.65,En observación
602,6010,50.1,Media,3101.61,0.52,En observación
603,4717,12.8,Media,4232.94,0.9,En observación
604,1816,16.2,Media,1694.65,0.93,En observación
605,4327,35.1,Alta,3549.55,0.82,Saludable
606,5071,47.5,Baja,3593.87,0.71,En observación
607,1203,37.7,Alta,1026.12,0.85,En observación
608,5187,25.0,Media,4417.4,0.85,En observación
609,3465,27.4,Alta,2739.27,0.79,Saludable
610,3303,42.4,Baja,2217.58,0.67,En observación
611,6124,50.7,Alta,3168.51,0.52,En observación
612,2746,34.0,Baja,2204.93,0.8,En observación
613,2324,19.6,Media,1359.74,0.59,Saludable
614,3399,19.3,Alta,2966.54,0.87,En observación
615,2630,33.6,Alta,2209.05,0.84,En observación
616,3614,41.1,Alta,3024.21,0.84,Saludable
617,4804,43.3,Alta,2942.97,0.61,En observación
618,4525,26.9,Media,4267.69,0.94,En riesgo
619,2321,9.3,Baja,1867.68,0.8,En observación
620,3154,51.8,Baja,1605.55,0.51,En riesgo
621,2591,55.8,Alta,2872.52,1.11,En observación
622,2676,42.9,Media,1820.53,0.68,En observación
623,3538,1.2,Baja,2644.69,0.75,En observación
624,2760,51.7,Baja,1445.77,0.52,En riesgo
625,3082,25.8,Baja,2749.97,0.89,En observación
626,4356,44.5,Baja,3007.23,0.69,En observación
627,1872,17.6,Baja,2397.73,1.28,En riesgo
628,1473,10.2,Baja,1232.51,0.84,En observación
629,4323,26.2,Media,3144.63,0.73,En observación
630,3629,0.0,Alta,2571.64,0.71,Saludable
631,3763,74.8,Baja,3071.16,0.82,En riesgo
632,4883,37.2,Media,4031.49,0.83,En observación
633,6585,13.0,Media,5500.15,0.84,Saludable
634,4333,16.2,Alta,2924.23,0.67,Saludable
635,4964,43.8,Alta,2609.93,0.53,Saludable
636,2436,11.1,Baja,1731.84,0.71,En observación
637,7140,36.5,Alta,3584.49,0.5,Saludable
638,5032,61.3,Alta,2337.48,0.46,Saludable
639,6306,35.8,Media,3743.92,0.59,En observación
640,800,30.1,Media,647.21,0.81,En observación
641,1979,31.3,Media,1154.6,0.58,En observación
642,2157,23.9,Baja,1231.11,0.57,En observación
643,4788,26.5,Baja,3623.96,0.76,En observación
644,3050,29.2,Alta,3726.32,1.22,En observación
645,5696,45.0,Alta,4559.73,0.8,En observación
646,4058,35.8,Baja,3004.7,0.74,En riesgo
647,5145,20.6,Baja,2637.0,0.51,En observación
648,2300,29.0,Media,2237.3,0.97,En observación
649,3436,30.9,Baja,3101.74,0.9,En observación
650,2590,33.2,Baja,2501.98,0.97,En observación
651,800,39.3,Alta,508.51,0.64,Saludable
652,2563,27.2,Alta,1643.26,0.64,Saludable
653,4846,49.1,Media,4202.81,0.87,En observación
654,3198,29.9,Baja,2743.19,0.86,En riesgo
655,2399,31.2,Alta,1996.71,0.83,En observación
656,4557,41.8,Baja,3486.51,0.77,En riesgo
657,4115,17.1,Baja,4125.73,1.0,En riesgo
658,2835,22.8,Media,2277.59,0.8,En observación
659,3796,34.7,Baja,4008.55,1.06,En riesgo
660,3786,44.1,Media,2135.86,0.56,En observación
661,6214,26.7,Alta,3712.4,0.6,Saludable
662,1866,18.2,Alta,1275.05,0.68,Saludable
663,3523,43.5,Alta,2066.61,0.59,En observación
664,4266,45.5,Alta,2694.36,0.63,En observación
665,1862,43.4,Media,1454.09,0.78,En observación
666,1737,16.6,Media,1489.48,0.86,Saludable
667,4195,9.5,Alta,3786.71,0.9,Saludable
668,4328,39.4,Alta,2703.19,0.62,En observación
669,3891,21.9,Alta,2211.88,0.57,Saludable
670,4024,6.5,Media,3087.06,0.77,Saludable
671,4519,25.5,Alta,3121.27,0.69,En observación
672,4003,34.7,Media,3340.38,0.83,En observación
673,4635,39.2,Baja,2628.03,0.57,En observación
674,3441,28.0,Alta,2787.54,0.81,En observación
675,5123,10.3,Media,4415.89,0.86,En observación
676,4080,46.4,Media,4537.81,1.11,En riesgo
677,3874,45.7,Media,3006.53,0.78,En observación
678,2973,53.5,Baja,1791.78,0.6,En riesgo
679,4250,9.0,Alta,3468.75,0.82,Saludable
680,4438,43.3,Media,2855.3,0.64,En observación
681,6431,22.4,Alta,3597.48,0.56,En observación
682,6444,30.1,Media,6006.22,0.93,En riesgo
683,2386,22.7,Alta,2318.14,0.97,En observación
684,4344,16.8,Baja,4811.72,1.11,En observación
685,2997,35.1,Media,3086.16,1.03,En riesgo
686,4122,36.9,Media,3123.79,0.76,En observación
687,800,25.6,Baja,634.75,0.79,En observación
688,4079,26.9,Alta,4348.16,1.07,En observación
689,2801,27.7,Media,2063.47,0.74,En observación
690,3793,18.6,Baja,2072.83,0.55,En observación
691,4444,17.9,Media,4049.21,0.91,En observación
692,3880,42.3,Media,2886.52,0.74,En observación
693,2725,27.1,Media,1942.78,0.71,En observación
694,3235,6.8,Alta,2140.25,0.66,Saludable
695,3116,26.4,Baja,2302.36,0.74,En observación
696,4812,20.3,Baja,2566.84,0.53,Saludable
697,2769,24.7,Baja,1692.97,0.61,En observación
698,2816,32.7,Baja,2413.61,0.86,En observación
699,2881,16.1,Media,2144.45,0.74,Saludable
700,4360,3.2,Alta,2987.76,0.69,Saludable
701,3776,70.4,Baja,3069.75,0.81,En riesgo
702,3357,3.4,Alta,2469.05,0.74,Saludable
703,4873,21.8,Baja,3552.33,0.73,En observación
704,6108,25.2,Baja,6595.79,1.08,En riesgo
705,4223,35.5,Media,3466.59,0.82,Saludable
706,3082,42.7,Media,2284.37,0.74,En observación
707,3421,55.6,Media,3333.56,0.97,En riesgo
708,4927,24.5,Alta,2184.15,0.44,Saludable
709,5844,25.9,Media,4126.98,0.71,En observación
710,6356,54.4,Media,7305.46,1.15,En riesgo
711,3943,7.3,Baja,4005.49,1.02,En observación
712,3825,13.5,Baja,2463.32,0.64,En observación
713,2588,21.9,Media,1685.59,0.65,En observación
714,1843,33.3,Media,1786.3,0.97,En observación
715,2423,26.5,Alta,2331.78,0.96,En observación
716,2703,37.3,Alta,1490.94,0.55,En observación
717,4113,25.4,Baja,2463.91,0.6,En observación
718,4302,48.4,Alta,2732.99,0.64,En observación
719,800,21.2,Media,595.53,0.74,Saludable
720,2095,20.0,Media,1681.44,0.8,En observación
721,800,0.0,Baja,512.61,0.64,En observación
722,800,22.5,Media,524.22,0.66,En observación
723,2922,35.7,Media,2265.8,0.78,Saludable
724,4652,33.2,Media,3914.6,0.84,En riesgo
725,800,55.9,Media,558.61,0.7,En observación
726,3432,23.6,Alta,2221.98,0.65,Saludable
727,1224,41.3,Alta,826.3,0.68,Saludable
728,2825,48.9,Alta,1846.53,0.65,En observación
729,2404,41.4,Alta,2099.63,0.87,En observación
730,3237,40.0,Alta,2484.89,0.77,En observación
731,2422,41.2,Baja,1731.62,0.71,En observación
732,3638,33.8,Media,2652.39,0.73,En observación
733,5867,44.8,Baja,5318.13,0.91,En riesgo
734,2166,44.3,Media,1966.05,0.91,En riesgo
735,2594,26.6,Media,1179.99,0.45,Saludable
736,4995,23.0,Media,4322.11,0.87,En observación
737,3986,12.8,Baja,3050.64,0.77,Saludable
738,3220,5.5,Media,3113.99,0.97,En observación
739,4200,52.8,Media,2432.62,0.58,En riesgo
740,4898,26.5,Alta,4674.71,0.95,Saludable
741,2263,20.9,Alta,1481.78,0.65,Saludable
742,5335,26.1,Media,4339.76,0.81,En observación
743,800,34.1,Alta,324.64,0.41,Saludable
744,1448,59.8,Baja,1323.54,0.91,En riesgo
745,5396,17.3,Media,4574.87,0.85,En observación
746,3896,49.1,Baja,3435.68,0.88,En riesgo
747,1018,15.6,Alta,741.01,0.73,Saludable
748,1805,66.2,Alta,1846.43,1.02,En riesgo
749,3608,26.8,Baja,2087.79,0.58,En observación
750,3887,11.4,Media,3149.06,0.81,En observación
751,800,17.1,Alta,540.44,0.68,En observación
752,4335,10.0,Alta,3630.5,0.84,Saludable
753,5124,22.9,Alta,3756.64,0.73,En observación
754,1569,9.0,Baja,1011.93,0.64,En observación
755,1221,0.0,Baja,816.59,0.67,En observación
756,5300,23.1,Alta,3582.5,0.68,En observación
757,800,24.2,Media,627.42,0.78,En observación
758,2735,30.5,Baja,826.25,0.3,Saludable
759,4180,15.3,Media,3179.38,0.76,En observación
760,2986,32.6,Baja,1722.05,0.58,En observación
761,4415,32.4,Baja,2845.13,0.64,En observación
762,4572,0.0,Media,4382.87,0.96,En observación
763,4138,48.0,Media,2081.82,0.5,En observación
764,3067,18.2,Media,3258.04,1.06,En observación
765,2667,33.1,Baja,1423.15,0.53,En observación
766,3976,25.0,Media,2915.16,0.73,En observación
767,1228,34.8,Media,1308.91,1.07,En observación
768,3838,40.4,Media,2001.6,0.52,En observación
769,3803,54.5,Media,2350.46,0.62,En riesgo
770,4663,38.3,Media,3693.68,0.79,En observación
771,5301,32.1,Media,2098.81,0.4,Saludable
772,3221,34.6,Media,2382.94,0.74,En observación
773,800,32.2,Baja,338.21,0.42,En observación
774,3358,36.3,Media,1996.33,0.59,En observación
775,5063,38.8,Baja,3679.22,0.73,En riesgo
776,2440,42.8,Alta,2554.45,1.05,En observación
777,2406,35.4,Alta,1244.47,0.52,Saludable
778,4176,2.0,Baja,2258.71,0.54,Saludable
779,3049,11.9,Media,2500.23,0.82,En observación
780,3209,18.7,Baja,3012.5,0.94,En riesgo
781,2775,20.8,Alta,2326.61,0.84,Saludable
782,3291,41.1,Baja,1337.19,0.41,En observación
783,3609,23.8,Alta,2648.78,0.73,Saludable
784,903,52.4,Baja,683.97,0.76,En riesgo
785,4927,14.7,Baja,4115.15,0.84,En observación
786,4770,0.0,Baja,3492.42,0.73,En observación
787,4148,37.1,Baja,2582.66,0.62,En observación
788,3334,16.6,Baja,3005.79,0.9,En observación
789,800,24.4,Alta,450.45,0.56,Saludable
790,1644,31.6,Baja,1626.17,0.99,En riesgo
791,2590,36.8,Baja,1728.47,0.67,En observación
792,1768,3.7,Baja,1201.91,0.68,En observación
793,3355,23.8,Media,1945.11,0.58,En observación
794,1524,41.6,Alta,868.07,0.57,Saludable
795,1300,22.5,Baja,1203.22,0.93,En riesgo
796,4968,37.8,Alta,2739.05,0.55,Saludable
797,2330,50.0,Baja,1245.57,0.53,En riesgo
798,4839,57.4,Media,3272.4,0.68,En observación
799,6922,20.7,Alta,3278.9,0.47,Saludable
800,4569,1.8,Media,3120.55,0.68,Saludable
801,3778,36.4,Media,2984.67,0.79,En observación
802,2072,19.8,Baja,1265.83,0.61,En observación
803,4851,36.8,Alta,4671.65,0.96,Saludable
804,6001,52.8,Alta,5295.35,0.88,En riesgo
805,1015,22.1,Alta,626.91,0.62,Saludable
806,1925,41.4,Alta,1918.64,1.0,En observación
807,3926,15.2,Baja,2346.05,0.6,En observación
808,4669,29.4,Baja,3150.53,0.67,Saludable
809,1894,58.7,Media,983.97,0.52,En observación
810,5011,11.2,Baja,3924.86,0.78,En observación
811,3519,73.0,Alta,1582.33,0.45,En observación
812,3241,41.6,Baja,2688.2,0.83,En observación
813,3843,2.1,Media,3299.54,0.86,En observación
814,4458,45.9,Alta,3638.49,0.82,En observación
815,2178,19.3,Alta,2098.75,0.96,En observación
816,3143,30.7,Media,1845.47,0.59,En observación
817,4498,59.1,Media,2662.37,0.59,En observación
818,3847,39.7,Alta,2735.91,0.71,Saludable
819,4822,40.8,Baja,2821.21,0.59,En riesgo
820,5255,32.0,Baja,4016.54,0.76,En riesgo
821,2207,30.5,Alta,800.19,0.36,Saludable
822,1158,52.6,Alta,799.69,0.69,En observación
823,2558,25.7,Alta,2571.65,1.01,Saludable
824,5415,35.1,Baja,2884.77,0.53,En observación
825,6015,15.8,Baja,3262.52,0.54,En observación
826,4008,15.9,Alta,3162.28,0.79,Saludable
827,5151,45.9,Media,4356.52,0.85,En observación
828,6142,30.0,Alta,3299.87,0.54,Saludable
829,6629,14.8,Alta,4540.45,0.68,Saludable
830,3419,15.3,Baja,3254.66,0.95,En riesgo
831,3794,16.4,Alta,1787.68,0.47,Saludable
832,5156,37.1,Baja,3864.77,0.75,En observación
833,1862,42.5,Media,1702.76,0.91,En observación
834,5885,38.6,Alta,5896.34,1.0,Saludable
835,1451,27.8,Media,1219.57,0.84,En riesgo
836,4559,26.4,Alta,2576.99,0.57,En observación
837,2053,54.4,Media,1434.66,0.7,En riesgo
838,4518,27.9,Baja,2966.11,0.66,En observación
839,4142,31.2,Alta,2663.78,0.64,Saludable
840,3618,0.0,Alta,3011.88,0.83,Saludable
841,1770,4.7,Media,755.97,0.43,Saludable
842,2436,59.3,Baja,1596.41,0.66,En riesgo
843,4101,32.0,Media,3018.58,0.74,Saludable
844,5676,57.1,Media,2537.86,0.45,En observación
845,3080,15.5,Baja,2590.51,0.84,En observación
846,6748,47.9,Media,5319.2,0.79,En riesgo
847,5159,21.5,Media,3111.29,0.6,En observación
848,4792,32.1,Alta,2233.75,0.47,Saludable
849,3389,28.9,Media,3745.04,1.11,En observación
850,4258,52.3,Alta,4934.43,1.16,En observación
851,4237,38.5,Baja,3326.84,0.79,En observación
852,4154,0.0,Media,3625.5,0.87,En observación
853,3166,60.7,Baja,1989.87,0.63,En observación
854,6487,17.5,Alta,4222.9,0.65,Saludable
855,4761,33.1,Alta,2463.0,0.52,Saludable
856,2589,28.8,Alta,2140.2,0.83,En observación
857,836,46.0,Media,665.01,0.8,En riesgo
858,4166,46.5,Alta,3474.35,0.83,En observación
859,4283,28.5,Alta,4964.16,1.16,En observación
860,4361,10.9,Media,2259.45,0.52,Saludable
861,3718,20.8,Media,2882.85,0.78,En observación
862,4543,12.9,Media,3316.06,0.73,Saludable
863,2918,23.8,Alta,1937.62,0.66,Saludable
864,3309,21.6,Alta,827.25,0.25,Saludable
865,5133,24.4,Media,3867.14,0.75,Saludable
866,6044,58.5,Media,4703.47,0.78,En riesgo
867,3763,9.9,Baja,2543.31,0.68,En observación
868,2818,26.7,Baja,2067.14,0.73,En observación
869,3578,14.1,Media,2221.71,0.62,Saludable
870,4967,0.0,Media,4756.63,0.96,En observación
871,3047,0.0,Baja,2087.09,0.68,En observación
872,1984,22.3,Media,2034.46,1.03,En observación
873,2113,6.0,Alta,1460.37,0.69,Saludable
874,4244,22.0,Alta,3573.74,0.84,En observación
875,4723,29.3,Alta,3386.55,0.72,Saludable
876,5271,20.6,Media,3996.16,0.76,En observación
877,2747,9.4,Media,2219.95,0.81,En observación
878,4250,22.0,Baja,4121.43,0.97,En observación
879,6068,3.8,Media,5025.87,0.83,En observación
880,2307,36.4,Media,2261.58,0.98,En observación
881,4254,0.0,Baja,2451.07,0.58,En observación
882,2627,12.4,Media,1876.65,0.71,En observación
883,800,14.2,Baja,815.63,1.02,En riesgo
884,3345,11.4,Media,3770.66,1.13,En riesgo
885,4518,17.8,Media,3348.63,0.74,En observación
886,3996,51.8,Media,3629.55,0.91,En observación
887,5565,34.7,Media,4861.98,0.87,En riesgo
888,1833,29.5,Alta,1199.4,0.65,Saludable
889,4020,67.7,Alta,1683.52,0.42,En observación
890,4461,31.8,Media,3254.91,0.73,Saludable
891,3849,18.6,Alta,1369.53,0.36,Saludable
892,4938,30.8,Baja,3907.11,0.79,En riesgo
893,3837,43.6,Alta,2672.29,0.7,En observación
894,3981,32.9,Baja,2075.65,0.52,En observación
895,2252,20.4,Baja,1358.48,0.6,En observación
896,6687,50.0,Baja,7326.72,1.1,En riesgo
897,3607,10.6,Alta,2253.56,0.62,Saludable
898,5359,24.1,Media,5049.83,0.94,En observación
899,6955,7.8,Media,6792.68,0.98,En observación
900,2040,45.1,Alta,1653.43,0.81,En observación
901,2264,19.2,Baja,2533.34,1.12,En riesgo
902,4673,18.1,Alta,2848.78,0.61,Saludable
903,1476,23.8,Media,1116.04,0.76,En observación
904,3231,35.9,Alta,2826.2,0.87,En observación
905,2021,25.7,Alta,1950.38,0.97,En observación
906,1441,35.3,Media,567.64,0.39,Saludable
907,6347,15.8,Media,3807.07,0.6,En observación
908,1186,20.5,Baja,1016.83,0.86,En observación
909,3146,41.2,Baja,2598.21,0.83,En riesgo
910,2991,35.6,Media,2176.63,0.73,En observación
911,2755,27.3,Baja,1575.33,0.57,En observación
912,2283,13.3,Media,1818.54,0.8,En observación
913,4674,23.5,Alta,3848.8,0.82,En observación
914,4167,17.6,Baja,3237.28,0.78,En observación
915,3511,0.0,Media,2734.68,0.78,En observación
916,2960,19.1,Alta,2418.92,0.82,Saludable
917,5289,11.1,Alta,4663.04,0.88,En observación
918,3287,35.1,Media,3074.34,0.94,En observación
919,1785,42.3,Media,1317.97,0.74,En observación
920,3610,27.7,Alta,3481.87,0.96,En observación
921,1821,24.1,Alta,1424.32,0.78,En observación
922,4405,17.2,Media,5274.26,1.2,En observación
923,5413,27.7,Media,4579.42,0.85,En observación
924,5327,45.9,Alta,4831.56,0.91,En observación
925,2642,35.0,Alta,2425.26,0.92,En observación
926,5098,51.8,Media,2982.65,0.59,En observación
927,3289,34.6,Media,2156.2,0.66,En observación
928,4136,30.6,Alta,2032.99,0.49,Saludable
929,3922,0.0,Media,3656.38,0.93,En observación
930,8365,64.6,Media,6000.54,0.72,En observación
931,4993,55.5,Media,2272.59,0.46,Saludable
932,2567,38.7,Media,2154.84,0.84,En observación
933,1700,0.0,Baja,1537.55,0.9,En observación
934,800,32.2,Baja,714.22,0.89,En observación
935,2813,27.6,Alta,1922.11,0.68,Saludable
936,2428,37.8,Baja,1961.59,0.81,En riesgo
937,2007,27.3,Media,718.76,0.36,Saludable
938,5643,7.9,Baja,3637.1,0.64,En observación
939,5379,23.3,Alta,3364.0,0.63,Saludable
940,3655,60.6,Alta,2923.72,0.8,En observación
941,3983,29.8,Alta,2404.37,0.6,En observación
942,3839,30.3,Baja,2205.25,0.57,En observación
943,4497,21.7,Baja,4183.69,0.93,En observación
944,2327,18.6,Baja,1003.42,0.43,En observación
945,800,11.6,Alta,301.12,0.38,Saludable
946,3275,25.1,Media,1841.65,0.56,Saludable
947,4197,21.7,Media,3386.75,0.81,En observación
948,3772,49.5,Alta,3226.98,0.86,En observación
949,3886,26.4,Alta,2920.01,0.75,Saludable
950,3253,33.2,Alta,1858.1,0.57,Saludable
951,1417,6.0,Alta,752.27,0.53,Saludable
952,2161,37.7,Media,1634.25,0.76,Saludable
953,4482,42.2,Baja,2559.69,0.57,En observación
954,2215,31.5,Baja,1157.09,0.52,Saludable
955,2926,28.1,Media,1985.05,0.68,Saludable
956,2900,34.0,Baja,2151.57,0.74,En observación
957,2495,47.6,Media,1343.03,0.54,En observación
958,5273,37.2,Baja,3762.53,0.71,En observación
959,5054,8.7,Media,2907.96,0.58,Saludable
960,5356,35.7,Baja,3083.73,0.58,En observación
961,2579,19.4,Alta,2388.67,0.93,Saludable
962,5913,42.4,Alta,5595.8,0.95,En observación
963,3275,8.5,Baja,2146.96,0.66,En observación
964,5444,13.4,Media,3724.83,0.68,Saludable
965,1406,38.9,Baja,871.27,0.62,En observación
966,2822,18.2,Baja,2112.92,0.75,En observación
967,2942,19.1,Alta,2375.71,0.81,En observación
968,3710,44.9,Media,1854.11,0.5,En observación
969,1854,7.8,Alta,1143.76,0.62,Saludable
970,4925,33.6,Baja,2335.01,0.47,En observación
971,3953,32.6,Alta,1652.82,0.42,Saludable
972,3404,38.0,Media,1207.39,0.35,Saludable
973,3715,42.7,Baja,3249.56,0.87,En riesgo
974,2300,1.4,Baja,1562.28,0.68,En observación
975,5590,40.7,Alta,4624.5,0.83,En observación
976,2666,28.0,Media,2800.45,1.05,En observación
977,5922,25.2,Media,5854.36,0.99,En observación
978,4379,18.9,Media,2168.71,0.5,Saludable
979,5014,17.3,Media,2407.61,0.48,Saludable
980,3369,38.2,Media,3102.6,0.92,En observación
981,6283,33.4,Baja,4320.46,0.69,En observación
982,3106,25.0,Baja,2866.39,0.92,En riesgo
983,1731,32.6,Media,1507.49,0.87,En riesgo
984,4831,41.4,Media,3675.5,0.76,En observación
985,5374,10.0,Baja,3692.48,0.69,En observación
986,4069,48.5,Baja,2614.51,0.64,En observación
987,2882,43.7,Media,2440.4,0.85,En observación
988,3080,10.8,Media,2595.68,0.84,Saludable
989,6776,38.6,Baja,4373.79,0.65,En observación
990,3361,26.4,Alta,3196.41,0.95,En observación
991,2403,58.4,Alta,1823.58,0.76,En observación
992,2588,35.4,Alta,2085.93,0.81,Saludable
993,6523,49.4,Baja,4425.89,0.68,En observación
994,4021,31.3,Baja,3273.18,0.81,En observación
995,4259,51.7,Baja,3629.77,0.85,En observación
996,5544,54.6,Alta,7207.2,1.3,En observación
997,3864,0.0,Media,3282.73,0.85,Saludable
998,6385,18.4,Baja,2847.37,0.45,En observación
999,800,41.3,Baja,302.63,0.38,En observación
1000,800,25.2,Baja,836.65,1.05,En riesgo
1001,2205,29.5,Alta,1660.9,0.75,En observación
1002,1450,38.9,Media,381.65,0.26,Saludable
1003,2768,39.5,Alta,2087.28,0.75,Saludable
1004,2023,33.0,Alta,1488.46,0.74,Saludable
1005,2779,40.4,Alta,1825.29,0.66,Saludable
1006,6755,8.6,Baja,2814.59,0.42,En observación
1007,2482,25.2,Alta,1512.51,0.61,Saludable
1008,5898,42.0,Media,5338.87,0.91,En observación
1009,1773,0.0,Media,1071.44,0.6,Saludable
1010,4275,26.7,Media,3189.09,0.75,En observación
1011,3807,41.5,Media,1747.95,0.46,En observación
1012,4899,23.8,Alta,4292.14,0.88,En observación
1013,3343,35.9,Media,2063.13,0.62,En observación
1014,4190,32.9,Media,2373.45,0.57,En observación
1015,5693,36.7,Alta,5255.54,0.92,En observación
1016,4625,34.2,Alta,2677.12,0.58,Saludable
1017,2012,20.5,Baja,1577.57,0.78,En observación
1018,1716,45.8,Alta,1463.68,0.85,En observación
1019,1194,27.8,Alta,799.66,0.67,Saludable
1020,2955,0.0,Baja,2009.69,0.68,En observación
1021,4450,19.5,Baja,4682.12,1.05,En observación
1022,5467,26.6,Alta,4946.13,0.9,En observación
1023,5209,24.2,Baja,2876.66,0.55,En observación
1024,3330,33.3,Media,3237.61,0.97,En observación
1025,4393,21.2,Alta,3190.24,0.73,Saludable
1026,1250,18.3,Baja,1241.49,0.99,En riesgo
1027,3406,33.6,Baja,2374.11,0.7,En riesgo
1028,3199,33.5,Baja,3059.16,0.96,En observación
1029,5838,7.0,Baja,6090.99,1.04,En observación
1030,3136,1.6,Alta,2095.28,0.67,Saludable
1031,2589,27.9,Baja,2388.1,0.92,En riesgo
1032,3962,13.6,Baja,2343.38,0.59,En observación
1033,2397,54.8,Baja,1692.88,0.71,En riesgo
1034,5106,49.1,Media,3727.65,0.73,En observación
1035,3416,35.1,Media,3110.04,0.91,En observación
1036,4428,54.6,Alta,3624.92,0.82,En observación
1037,1222,0.0,Alta,1001.93,0.82,Saludable
1038,2728,33.7,Media,2016.34,0.74,En observación
1039,3629,18.8,Media,3368.55,0.93,En observación
1040,4290,22.8,Baja,2715.7,0.63,En observación
1041,3519,37.2,Baja,2469.08,0.7,En observación
1042,2851,41.9,Media,1985.64,0.7,En observación
1043,4980,19.3,Alta,2352.03,0.47,Saludable
1044,2774,15.5,Media,1992.93,0.72,En observación
1045,3486,34.6,Alta,3752.38,1.08,En observación
1046,3918,22.4,Media,2341.61,0.6,Saludable
1047,2782,35.4,Baja,3262.82,1.17,En riesgo
1048,2875,29.1,Alta,2361.08,0.82,En observación
1049,5426,0.0,Baja,1738.23,0.32,Saludable
1050,5146,6.5,Media,1286.5,0.25,Saludable
1051,3865,13.6,Alta,2213.11,0.57,Saludable
1052,3666,20.6,Alta,3075.52,0.84,Saludable
1053,2215,13.1,Alta,1559.05,0.7,Saludable
1054,4697,2.1,Baja,3561.21,0.76,En observación
1055,6285,22.8,Media,5080.81,0.81,Saludable
1056,800,42.7,Baja,599.2,0.75,En riesgo
1057,1440,37.8,Alta,1564.4,1.09,En observación
1058,3915,30.1,Baja,1829.25,0.47,En observación
1059,2584,37.6,Alta,1211.0,0.47,Saludable
1060,5653,24.8,Baja,5718.52,1.01,En riesgo
1061,800,43.4,Media,515.06,0.64,En observación
1062,3538,6.9,Baja,2758.13,0.78,En riesgo
1063,4239,29.1,Baja,3999.76,0.94,En riesgo
1064,3814,13.6,Baja,3021.04,0.79,En observación
1065,2246,51.4,Baja,1647.43,0.73,En observación
1066,4996,25.7,Media,4430.02,0.89,En observación
1067,3410,37.4,Alta,2736.05,0.8,Saludable
1068,1818,43.9,Alta,1320.26,0.73,Saludable
1069,1462,13.8,Alta,564.44,0.39,Saludable
1070,2602,15.5,Media,1919.59,0.74,En observación
1071,6640,7.3,Media,6365.69,0.96,En observación
1072,2331,33.0,Baja,1556.24,0.67,En observación
1073,5764,39.1,Media,4850.69,0.84,En observación
1074,1274,26.9,Alta,1232.2,0.97,Saludable
1075,1917,31.9,Media,1097.99,0.57,Saludable
1076,2865,9.5,Alta,1646.4,0.57,Saludable
1077,1539,6.0,Media,979.72,0.64,En observación
1078,3205,23.0,Media,2429.34,0.76,Saludable
1079,4242,35.8,Alta,2868.97,0.68,En observación
1080,1809,46.9,Alta,1407.06,0.78,En observación
1081,3470,28.4,Media,3364.69,0.97,En observación
1082,2356,45.5,Media,1514.45,0.64,En observación
1083,6049,24.0,Baja,5278.63,0.87,En observación
1084,4632,33.0,Alta,3868.4,0.84,Saludable
1085,1008,37.5,Baja,381.62,0.38,En observación
1086,4912,32.9,Media,5406.65,1.1,En riesgo
1087,2519,30.4,Alta,1867.77,0.74,Saludable
1088,2089,21.6,Media,801.09,0.38,Saludable
1089,3126,4.9,Alta,2571.94,0.82,Saludable
1090,3841,25.1,Media,3289.66,0.86,En observación
1091,3961,17.6,Baja,3167.96,0.8,En riesgo
1092,2605,61.5,Baja,1707.28,0.66,En riesgo
1093,2491,33.3,Baja,1087.07,0.44,En observación
1094,1862,32.0,Alta,1729.8,0.93,En observación
1095,800,60.6,Alta,642.52,0.8,En observación
1096,3736,32.6,Alta,2353.56,0.63,Saludable
1097,2589,23.9,Baja,1621.93,0.63,En observación
1098,3719,38.8,Alta,3133.92,0.84,En observación
1099,3987,22.0,Media,3592.84,0.9,Saludable
1100,2149,15.5,Alta,2029.54,0.94,En observación
1101,4231,46.1,Baja,2503.61,0.59,En observación
1102,3312,42.7,Baja,2415.31,0.73,En observación
1103,4311,43.1,Media,2714.63,0.63,En observación
1104,1912,0.0,Alta,1502.99,0.79,Saludable
1105,3893,0.8,Alta,2673.9,0.69,Saludable
1106,5555,13.7,Media,5421.53,0.98,En observación
1107,2149,13.0,Media,1747.28,0.81,Saludable
1108,3654,22.8,Baja,1569.0,0.43,Saludable
1109,3840,21.6,Alta,2497.7,0.65,Saludable
1110,5260,25.9,Media,3622.52,0.69,En observación
1111,1465,33.3,Alta,1244.28,0.85,En observación
1112,800,18.6,Media,473.53,0.59,Saludable
1113,4221,52.5,Baja,2789.69,0.66,En observación
1114,5225,34.4,Media,5110.98,0.98,En observación
1115,1764,10.0,Media,830.36,0.47,Saludable
1116,5283,57.7,Media,4763.99,0.9,En riesgo
1117,2630,12.7,Media,2374.93,0.9,En observación
1118,3661,35.8,Media,2958.72,0.81,En observación
1119,5442,38.2,Alta,4910.01,0.9,En observación
1120,2808,41.3,Baja,1401.17,0.5,En observación
1121,1708,34.3,Baja,1021.17,0.6,En observación
1122,3449,6.1,Media,2847.93,0.83,Saludable
1123,4822,30.0,Media,3959.71,0.82,En observación
1124,2616,23.1,Alta,2365.4,0.9,En observación
1125,2292,46.2,Media,823.88,0.36,Saludable
1126,2062,9.7,Media,958.74,0.46,Saludable
1127,3179,35.7,Alta,2779.35,0.87,En observación
1128,4487,29.0,Media,2406.56,0.54,En observación
1129,2616,16.0,Alta,1878.22,0.72,Saludable
1130,2874,35.2,Baja,2335.7,0.81,En observación
1131,2768,46.1,Media,2323.33,0.84,En riesgo
1132,5270,47.2,Baja,2635.97,0.5,En observación
1133,3420,21.7,Media,2668.43,0.78,En observación
1134,4251,16.8,Media,3756.36,0.88,En observación
1135,3825,25.4,Media,2718.06,0.71,En observación
1136,1940,59.2,Baja,819.08,0.42,En observación
1137,4055,38.8,Media,2967.91,0.73,En observación
1138,4116,26.5,Alta,4119.18,1.0,En observación
1139,4809,15.5,Baja,3538.03,0.74,En observación
1140,1992,35.4,Alta,1301.22,0.65,En observación
1141,1895,55.8,Alta,1115.51,0.59,En observación
1142,4688,21.4,Media,4235.35,0.9,En observación
1143,5678,30.2,Media,3648.94,0.64,En observación
1144,4713,21.2,Baja,2899.04,0.62,En observación
1145,1735,57.3,Baja,1124.36,0.65,En riesgo
1146,3814,15.2,Alta,2856.41,0.75,Saludable
1147,3218,47.9,Media,3005.2,0.93,En riesgo
1148,2811,13.8,Alta,1797.79,0.64,Saludable
1149,4319,0.0,Media,3232.94,0.75,Saludable
1150,3084,49.4,Alta,2547.14,0.83,En observación
1151,3176,44.1,Media,3316.73,1.04,En riesgo
1152,1862,26.2,Baja,1280.81,0.69,En observación
1153,4530,17.4,Baja,3452.82,0.76,Saludable
1154,5663,22.3,Media,4304.19,0.76,En observación
1155,5219,0.0,Alta,3898.65,0.75,Saludable
1156,2820,55.9,Baja,1664.59,0.59,En riesgo
1157,4034,48.9,Media,2541.04,0.63,En observación
1158,5144,36.4,Media,2427.51,0.47,Saludable
1159,4080,42.6,Alta,2561.17,0.63,Saludable
1160,4285,11.7,Media,1657.78,0.39,Saludable
1161,4721,31.9,Baja,3348.99,0.71,En riesgo
1162,4456,54.2,Baja,2224.91,0.5,En observación
1163,1075,26.6,Alta,758.14,0.71,En observación
1164,3568,39.4,Alta,3127.78,0.88,En riesgo
1165,3027,15.9,Baja,2404.33,0.79,En observación
1166,5723,25.8,Alta,3709.63,0.65,Saludable
1167,4578,27.6,Baja,2904.74,0.63,En riesgo
1168,2216,30.5,Media,1922.19,0.87,Saludable
1169,4220,14.2,Alta,3789.99,0.9,Saludable
1170,4539,46.6,Baja,4108.06,0.91,En riesgo
1171,3153,21.4,Alta,3199.62,1.01,Saludable
1172,1944,40.0,Media,1179.42,0.61,En observación
1173,1335,22.8,Baja,981.37,0.74,En observación
1174,4927,37.9,Baja,3525.97,0.72,En observación
1175,4265,49.1,Baja,3295.72,0.77,En observación
1176,2011,8.3,Media,1749.43,0.87,En observación
1177,4366,28.1,Baja,4380.18,1.0,En observación
1178,4933,29.4,Alta,3159.57,0.64,En observación
1179,4114,35.4,Baja,3145.69,0.76,En observación
1180,7083,47.8,Media,6233.81,0.88,En observación
1181,5011,37.8,Alta,3781.89,0.75,En observación
1182,3379,0.0,Media,2662.34,0.79,Saludable
1183,5889,30.3,Alta,3156.42,0.54,Saludable
1184,1931,37.1,Alta,1549.38,0.8,En observación
1185,2314,30.5,Media,1166.94,0.5,En observación
1186,4278,37.4,Media,3209.75,0.75,En observación
1187,5907,25.7,Media,4577.67,0.77,Saludable
1188,2198,31.5,Media,2085.26,0.95,En observación
1189,3146,23.9,Baja,2056.68,0.65,En observación
1190,1254,49.2,Media,790.3,0.63,En observación
1191,1595,40.0,Alta,1389.17,0.87,En observación
1192,2008,33.7,Baja,1078.4,0.54,En observación
1193,5044,42.0,Media,3796.78,0.75,En observación
1194,4468,30.3,Baja,1484.91,0.33,En observación
1195,3464,48.0,Alta,1915.08,0.55,Saludable
1196,3919,34.4,Alta,1746.62,0.45,Saludable
1197,7633,25.4,Alta,6729.04,0.88,Saludable
1198,800,27.4,Baja,561.75,0.7,En observación
1199,3328,34.0,Baja,2406.07,0.72,En observación
1200,4229,0.8,Media,1610.98,0.38,Saludable
1201,4261,29.1,Media,2125.47,0.5,Saludable
1202,3106,6.1,Media,1916.32,0.62,En observación
1203,5641,23.7,Alta,4998.87,0.89,Saludable
1204,4489,17.9,Media,3615.09,0.81,En observación
1205,5481,16.9,Baja,4729.93,0.86,En observación
1206,3263,27.2,Media,1950.55,0.6,En observación
1207,3406,33.6,Alta,2606.31,0.77,En observación
1208,4885,14.2,Media,4427.66,0.91,Saludable
1209,4382,39.3,Alta,1778.93,0.41,Saludable
1210,2797,18.6,Alta,2777.85,0.99,Saludable
1211,2290,31.1,Alta,2000.1,0.87,En observación
1212,5250,38.0,Media,1879.09,0.36,Saludable
1213,2657,37.2,Baja,737.4,0.28,En riesgo
1214,4297,32.2,Media,4136.65,0.96,En riesgo
1215,4806,44.2,Alta,3717.56,0.77,En observación
1216,2786,17.6,Media,1744.98,0.63,Saludable
1217,3386,4.7,Media,2655.86,0.78,Saludable
1218,3720,22.2,Media,4836.0,1.3,En riesgo
1219,1633,33.5,Alta,1046.03,0.64,Saludable
1220,1490,36.5,Alta,934.75,0.63,En observación
1221,4991,50.6,Media,2977.48,0.6,En observación
1222,4449,22.9,Media,2718.7,0.61,En observación
1223,3841,39.5,Media,2312.38,0.6,Saludable
1224,2646,28.1,Baja,1477.63,0.56,En observación
1225,967,13.2,Alta,842.03,0.87,En observación
1226,2912,14.7,Baja,1645.48,0.57,En observación
1227,4467,43.9,Alta,2951.01,0.66,Saludable
1228,3902,17.6,Media,2562.5,0.66,En observación
1229,4741,32.4,Baja,2470.32,0.52,En observación
1230,5094,24.4,Media,5059.36,0.99,En riesgo
1231,5996,34.6,Baja,5130.96,0.86,En riesgo
1232,4171,22.5,Media,2791.49,0.67,En observación
1233,1564,27.9,Alta,1481.7,0.95,Saludable
1234,5802,46.8,Media,3871.34,0.67,En observación
1235,3505,48.4,Alta,3248.72,0.93,En observación
1236,4381,26.9,Media,3351.07,0.76,En observación
1237,6122,45.6,Media,3776.3,0.62,En observación
1238,2921,36.5,Alta,2317.05,0.79,En observación
1239,4685,44.5,Alta,3789.39,0.81,Saludable
1240,3206,45.9,Baja,2374.77,0.74,En riesgo
1241,3022,14.6,Media,2199.41,0.73,En observación
1242,2516,26.5,Baja,1461.54,0.58,En observación
1243,3058,51.8,Baja,3134.98,1.03,En riesgo
1244,1987,0.0,Alta,963.76,0.49,Saludable
1245,5568,31.7,Alta,4566.48,0.82,Saludable
1246,1703,43.3,Media,1365.16,0.8,En observación
1247,4347,54.5,Baja,3087.29,0.71,En riesgo
1248,3789,65.9,Media,1409.95,0.37,En observación
1249,3328,38.5,Baja,2102.21,0.63,En observación
1250,4567,76.7,Alta,4089.5,0.9,En observación
1251,2864,23.2,Media,1222.31,0.43,Saludable
1252,4599,10.9,Baja,4317.2,0.94,En observación
1253,2399,27.9,Alta,2489.44,1.04,En observación
1254,3513,26.4,Baja,2683.19,0.76,En observación
1255,800,60.6,Media,622.37,0.78,En riesgo
1256,3413,19.0,Alta,2445.53,0.72,Saludable
1257,6916,11.5,Baja,3902.33,0.56,En observación
1258,5432,30.2,Baja,2865.36,0.53,En observación
1259,4597,38.1,Media,4039.99,0.88,En riesgo
1260,6778,19.7,Media,7064.7,1.04,En observación
1261,4249,4.6,Media,3056.44,0.72,Saludable
1262,4742,46.1,Alta,1785.8,0.38,Saludable
1263,5183,27.2,Alta,4567.42,0.88,En observación
1264,4012,25.9,Media,2130.43,0.53,Saludable
1265,4564,30.3,Alta,3309.21,0.73,Saludable
1266,3042,45.7,Baja,2097.93,0.69,En observación
1267,4615,26.9,Media,3487.33,0.76,En observación
1268,3469,34.3,Alta,1865.61,0.54,Saludable
1269,4414,6.7,Alta,3470.08,0.79,Saludable
1270,3562,45.6,Media,2885.93,0.81,En riesgo
1271,2010,32.0,Media,1538.06,0.77,En observación
1272,4934,64.9,Alta,3685.4,0.75,En observación
1273,3627,19.3,Alta,1531.55,0.42,Saludable
1274,1412,55.6,Media,1029.74,0.73,En observación
1275,4834,13.2,Alta,2958.24,0.61,Saludable
1276,5043,37.5,Baja,4007.66,0.79,En observación
1277,4100,33.0,Alta,2314.88,0.56,Saludable
1278,1889,31.2,Baja,1253.32,0.66,En riesgo
1279,3440,8.9,Baja,2496.92,0.73,En observación
1280,6010,21.2,Alta,2795.63,0.47,Saludable
1281,1429,23.5,Alta,1005.48,0.7,Saludable
1282,4534,19.7,Media,3177.1,0.7,En observación
1283,3724,31.5,Baja,3085.26,0.83,En riesgo
1284,4089,36.8,Alta,1902.2,0.47,Saludable
1285,4219,40.9,Baja,2638.46,0.63,En observación
1286,2639,38.0,Media,2470.36,0.94,En observación
1287,4862,31.9,Baja,3537.73,0.73,En observación
1288,4620,34.9,Alta,5357.58,1.16,En observación
1289,4277,22.1,Alta,2538.52,0.59,Saludable
1290,3706,73.8,Baja,2656.66,0.72,En riesgo
1291,3910,0.0,Media,2867.78,0.73,Saludable
1292,4692,44.6,Baja,3093.71,0.66,En observación
1293,2351,13.1,Alta,1894.39,0.81,Saludable
1294,2878,15.1,Media,2443.26,0.85,En observación
1295,1548,2.2,Baja,1126.2,0.73,En observación
1296,3828,23.3,Baja,2732.75,0.71,En observación
1297,5061,0.7,Media,3459.65,0.68,Saludable
1298,2123,56.0,Baja,1349.43,0.64,En riesgo
1299,4334,21.1,Media,1809.95,0.42,Saludable
1300,5044,24.9,Media,3014.51,0.6,En observación
1301,3004,22.3,Media,2333.81,0.78,En observación
1302,7073,42.4,Media,6781.39,0.96,En observación
1303,1961,30.9,Baja,1508.58,0.77,En observación
1304,3237,36.0,Baja,2637.74,0.81,En riesgo
1305,3936,22.4,Alta,2587.91,0.66,Saludable
1306,6177,30.2,Media,4382.74,0.71,En observación
1307,7903,13.9,Alta,5317.2,0.67,Saludable
1308,4400,44.4,Alta,4731.63,1.08,En observación
1309,1916,26.1,Baja,1543.17,0.81,En riesgo
1310,1403,48.0,Baja,1097.69,0.78,En riesgo
1311,3347,17.4,Baja,2962.62,0.89,En observación
1312,4958,29.8,Baja,3183.19,0.64,En observación
1313,4729,36.4,Alta,2724.66,0.58,Saludable
1314,2800,7.8,Media,1687.89,0.6,Saludable
1315,2881,18.9,Alta,1317.02,0.46,En observación
1316,5379,18.3,Alta,4298.01,0.8,Saludable
1317,5287,17.7,Baja,5004.56,0.95,En observación
1318,1496,40.9,Media,1469.58,0.98,En riesgo
1319,1700,40.5,Alta,1149.6,0.68,En observación
1320,1294,11.1,Baja,789.78,0.61,En observación
1321,2538,39.9,Baja,2372.63,0.93,En riesgo
1322,5928,36.2,Media,3147.52,0.53,En observación
1323,2592,43.7,Alta,2678.24,1.03,En observación
1324,1256,16.2,Media,1241.05,0.99,En observación
1325,3619,41.4,Media,3167.85,0.88,En observación
1326,3187,25.3,Media,2882.39,0.9,En observación
1327,3114,46.2,Alta,2263.17,0.73,Saludable
1328,2362,15.3,Baja,1655.68,0.7,En observación
1329,2292,32.8,Media,1448.08,0.63,En observación
1330,1235,26.7,Media,883.19,0.72,En observación
1331,3835,12.0,Alta,3624.67,0.95,Saludable
1332,3798,29.9,Alta,2494.54,0.66,Saludable
1333,4213,3.8,Baja,2751.19,0.65,En observación
1334,3884,47.9,Baja,2373.46,0.61,En observación
1335,2731,18.0,Media,1877.58,0.69,En observación
1336,1919,36.4,Media,851.38,0.44,Saludable
1337,3006,55.1,Alta,2105.81,0.7,Saludable
1338,800,30.5,Media,688.38,0.86,En observación
1339,3751,47.4,Alta,2448.93,0.65,En observación
1340,1052,16.4,Media,446.82,0.42,Saludable
1341,3431,31.7,Alta,2611.47,0.76,Saludable
1342,3215,7.5,Media,3200.15,1.0,En observación
1343,2767,53.8,Media,1456.54,0.53,En observación
1344,1856,29.0,Media,1536.2,0.83,En observación
1345,7358,0.0,Baja,6324.73,0.86,En observación
1346,2620,20.7,Media,1536.42,0.59,En observación
1347,4763,30.3,Media,4730.53,0.99,En observación
1348,1504,0.0,Baja,938.65,0.62,En observación
1349,3654,32.2,Baja,1812.42,0.5,En observación
1350,3859,41.0,Media,1579.5,0.41,En observación
1351,1718,24.0,Alta,1453.75,0.85,En observación
1352,2223,30.1,Media,1054.42,0.47,En observación
1353,3192,46.8,Alta,2091.48,0.66,Saludable
1354,2354,43.1,Media,1464.9,0.62,En observación
1355,2926,0.4,Alta,1894.13,0.65,Saludable
1356,3551,12.1,Media,3255.11,0.92,En observación
1357,3234,39.8,Baja,2986.61,0.92,En riesgo
1358,2343,3.4,Alta,1467.92,0.63,Saludable
1359,3661,24.8,Media,3199.08,0.87,En observación
1360,3414,47.8,Media,2770.56,0.81,En observación
1361,2597,20.5,Baja,1550.12,0.6,En observación
1362,4633,26.7,Alta,2349.12,0.51,En observación
1363,3980,8.9,Alta,2668.46,0.67,Saludable
1364,6057,13.4,Alta,5606.89,0.93,En observación
1365,2557,25.8,Baja,1440.78,0.56,En observación
1366,3445,39.9,Alta,3259.77,0.95,En observación
1367,800,29.7,Alta,642.27,0.8,En observación
1368,3010,31.9,Media,3078.57,1.02,En observación
1369,2940,22.5,Media,2115.11,0.72,En observación
1370,3225,29.7,Baja,2138.77,0.66,En riesgo
1371,6440,36.8,Alta,4925.95,0.76,En observación
1372,800,41.2,Media,619.32,0.77,En observación
1373,2433,24.2,Baja,1644.75,0.68,En observación
1374,2932,61.2,Alta,2426.39,0.83,En observación
1375,3307,20.2,Baja,1174.02,0.36,En observación
1376,4555,38.0,Alta,3551.86,0.78,Saludable
1377,2775,42.6,Media,1556.17,0.56,Saludable
1378,3159,27.9,Alta,2446.33,0.77,En observación
1379,4456,33.9,Alta,4300.91,0.97,Saludable
1380,4257,39.4,Alta,2242.92,0.53,Saludable
1381,2381,20.1,Alta,2108.65,0.89,Saludable
1382,2215,20.8,Baja,2107.25,0.95,En observación
1383,3231,28.3,Alta,3174.69,0.98,Saludable
1384,5473,33.2,Baja,3946.71,0.72,En riesgo
1385,1917,24.7,Alta,1012.49,0.53,Saludable
1386,6034,55.0,Alta,5854.86,0.97,En observación
1387,2952,4.9,Baja,3295.78,1.12,En observación
1388,2762,49.9,Media,1587.88,0.57,En observación
1389,3241,39.6,Media,2393.66,0.74,En observación
1390,3613,45.7,Baja,2690.75,0.74,En riesgo
1391,1932,29.6,Alta,1231.82,0.64,En observación
1392,3547,40.4,Media,3354.71,0.95,En riesgo
1393,3910,15.0,Alta,2930.54,0.75,Saludable
1394,2984,24.4,Baja,1711.66,0.57,Saludable
1395,2498,32.9,Baja,1267.31,0.51,En observación
1396,6350,45.3,Media,6641.07,1.05,En riesgo
1397,5251,19.1,Media,3329.23,0.63,Saludable
1398,5279,53.1,Alta,3433.61,0.65,En observación
1399,2369,35.7,Media,2256.44,0.95,En observación
1400,4114,25.8,Baja,3169.47,0.77,En observación
1401,3218,28.4,Baja,2289.61,0.71,En riesgo
1402,4128,33.3,Baja,2151.63,0.52,En observación
1403,4848,30.6,Alta,4211.53,0.87,En observación
1404,5058,31.4,Media,3328.28,0.66,Saludable
1405,3247,25.1,Alta,2663.4,0.82,Saludable
1406,3019,3.3,Alta,1753.45,0.58,Saludable
1407,6074,28.5,Media,4913.9,0.81,En observación
1408,2284,35.5,Baja,1408.57,0.62,En observación
1409,3727,34.5,Media,2270.24,0.61,En observación
1410,6627,14.9,Media,4564.97,0.69,En observación
1411,4680,21.6,Media,1170.0,0.25,En observación
1412,4641,3.9,Alta,2973.2,0.64,Saludable
1413,5672,44.1,Media,4074.2,0.72,En observación
1414,3304,46.9,Baja,1957.12,0.59,En observación
1415,5015,29.3,Media,5005.59,1.0,En observación
1416,3418,16.2,Baja,2568.03,0.75,En observación
1417,2769,8.5,Baja,2422.62,0.87,En observación
1418,905,50.0,Baja,1085.58,1.2,En riesgo
1419,2538,72.4,Alta,1300.94,0.51,En observación
1420,3769,50.2,Alta,3070.8,0.81,En observación
1421,2073,24.9,Alta,1179.03,0.57,Saludable
1422,2654,7.6,Media,2590.11,0.98,En observación
1423,1598,27.5,Alta,1218.17,0.76,Saludable
1424,3997,14.3,Media,4228.77,1.06,En observación
1425,2900,18.8,Baja,2120.21,0.73,En observación
1426,3462,26.7,Media,2632.87,0.76,En observación
1427,2985,0.0,Baja,2761.93,0.93,En observación
1428,2340,58.5,Media,1791.65,0.77,En observación
1429,4785,36.0,Alta,3928.6,0.82,En observación
1430,4176,26.1,Baja,3549.89,0.85,En observación
1431,2849,55.8,Media,1743.38,0.61,En observación
1432,2828,11.8,Media,996.9,0.35,Saludable
1433,3704,29.2,Alta,2681.41,0.72,Saludable
1434,5034,27.1,Alta,3255.31,0.65,Saludable
1435,4369,51.2,Alta,2782.77,0.64,En observación
1436,4008,15.1,Media,3020.73,0.75,Saludable
1437,846,35.5,Alta,576.04,0.68,En observación
1438,3473,15.4,Media,2576.46,0.74,Saludable
1439,5586,9.7,Alta,3992.64,0.71,Saludable
1440,4356,25.0,Media,2860.32,0.66,En observación
1441,3544,37.7,Baja,2031.99,0.57,En observación
1442,3661,25.2,Alta,3158.56,0.86,En observación
1443,3808,5.6,Baja,4150.41,1.09,En observación
1444,4546,17.5,Media,3661.54,0.81,Saludable
1445,4178,24.7,Baja,3155.45,0.76,En observación
1446,1651,19.7,Alta,1374.16,0.83,En observación
1447,3293,38.9,Alta,2406.34,0.73,En observación
1448,879,31.4,Media,402.06,0.46,Saludable
1449,3946,32.1,Alta,2757.19,0.7,Saludable
1450,8147,26.1,Baja,6858.33,0.84,En observación
1451,3943,26.4,Alta,2665.89,0.68,En observación
1452,5266,32.1,Baja,1765.38,0.34,En observación
1453,7555,26.5,Alta,7166.52,0.95,En observación
1454,3828,17.4,Media,1192.97,0.31,Saludable
1455,2278,32.6,Alta,1196.02,0.53,Saludable
1456,3551,34.0,Media,1950.68,0.55,En observación
1457,2605,4.9,Alta,1902.63,0.73,Saludable
1458,3741,50.4,Media,2646.53,0.71,En observación
1459,1845,42.3,Baja,1444.96,0.78,En observación
1460,800,51.7,Baja,423.21,0.53,En observación
1461,4038,12.1,Baja,1942.96,0.48,Saludable
1462,4581,21.8,Baja,5849.52,1.28,En riesgo
1463,2118,21.5,Media,1681.19,0.79,En observación
1464,4418,15.3,Media,2214.8,0.5,Saludable
1465,800,22.2,Baja,556.66,0.7,En observación
1466,5365,48.4,Baja,3700.43,0.69,En observación
1467,2650,21.0,Baja,1674.05,0.63,En observación
1468,2520,24.2,Alta,1601.72,0.64,Saludable
1469,4041,16.3,Baja,3955.3,0.98,En observación
1470,1073,35.7,Media,646.88,0.6,En observación
1471,800,50.9,Media,696.81,0.87,En observación
1472,1282,55.1,Media,791.34,0.62,En observación
1473,800,24.7,Alta,567.21,0.71,En observación
1474,1401,7.2,Alta,1164.47,0.83,En observación
1475,1143,46.2,Alta,864.97,0.76,En observación
1476,3395,0.0,Alta,2453.38,0.72,Saludable
1477,2159,24.2,Media,1550.8,0.72,Saludable
1478,6007,16.5,Alta,5052.08,0.84,Saludable
1479,5386,36.1,Alta,3811.75,0.71,Saludable
1480,4697,1.9,Alta,4068.82,0.87,Saludable
1481,5378,32.4,Baja,4657.04,0.87,En observación
1482,871,17.1,Media,758.67,0.87,En observación
1483,5271,36.0,Alta,3036.06,0.58,Saludable
1484,3654,0.0,Baja,3841.16,1.05,En observación
1485,5341,6.3,Media,5202.25,0.97,En riesgo
1486,1519,41.6,Alta,1139.55,0.75,Saludable
1487,4239,42.5,Media,2720.58,0.64,En observación
1488,1000,7.6,Media,774.59,0.77,En observación
1489,2425,42.1,Baja,2050.49,0.85,En riesgo
1490,3315,39.0,Alta,2220.33,0.67,En observación
1491,2281,61.6,Media,1725.07,0.76,En observación
1492,5552,31.9,Baja,5014.58,0.9,En riesgo
1493,4007,21.1,Media,3708.99,0.93,En observación
1494,4529,0.0,Media,3761.14,0.83,Saludable
1495,5980,39.3,Baja,4743.18,0.79,En riesgo
1496,2002,54.3,Media,2219.11,1.11,En riesgo
1497,5886,21.5,Baja,3569.97,0.61,En observación
1498,4152,24.1,Alta,3515.91,0.85,En observación
1499,2003,37.8,Media,1813.59,0.91,En observación
1500,5229,11.7,Alta,4362.19,0.83,Saludable
1501,1829,20.5,Alta,1061.6,0.58,Saludable
1502,3179,42.6,Media,2200.48,0.69,Saludable
1503,5210,17.4,Baja,3852.43,0.74,En observación
1504,3799,46.4,Media,3176.8,0.84,En observación
1505,6768,32.9,Media,4896.5,0.72,En observación
1506,3874,36.0,Baja,4643.35,1.2,En riesgo
1507,3023,31.7,Baja,2850.3,0.94,En observación
1508,800,21.2,Media,364.72,0.46,Saludable
1509,4254,16.6,Baja,2097.95,0.49,En observación
1510,4794,4.6,Alta,4303.29,0.9,En observación
1511,4931,48.3,Baja,5652.71,1.15,En riesgo
1512,3664,23.8,Alta,2749.3,0.75,En observación
1513,1482,17.1,Alta,1478.88,1.0,En observación
1514,2955,42.8,Alta,2397.74,0.81,En observación
1515,3612,45.4,Baja,4426.73,1.23,En riesgo
1516,3574,40.8,Baja,2445.51,0.68,En riesgo
1517,3770,25.9,Media,2260.4,0.6,En observación
1518,4801,22.5,Baja,4098.91,0.85,En observación
1519,3777,36.8,Baja,3993.5,1.06,En riesgo
1520,1582,16.6,Alta,805.9,0.51,Saludable
1521,5823,34.8,Baja,5647.34,0.97,En riesgo
1522,3357,25.0,Baja,2330.19,0.69,En observación
1523,3896,29.4,Alta,3444.71,0.88,En observación
1524,3256,16.9,Baja,2484.29,0.76,En observación
1525,1785,31.3,Alta,1413.63,0.79,Saludable
1526,2618,33.5,Baja,1429.39,0.55,En observación
1527,2157,45.9,Baja,2525.44,1.17,En riesgo
1528,4301,19.1,Media,4031.64,0.94,En observación
1529,4221,16.9,Baja,3008.49,0.71,En observación
1530,4734,17.4,Alta,4020.84,0.85,Saludable
1531,3328,32.2,Baja,2039.64,0.61,En observación
1532,5796,18.3,Media,5569.53,0.96,En observación
1533,2276,8.2,Baja,1830.71,0.8,En observación
1534,6303,30.5,Baja,3817.12,0.61,En observación
1535,5135,21.4,Alta,3891.76,0.76,En observación
1536,2774,29.3,Media,2072.23,0.75,En observación
1537,4386,26.7,Baja,3339.75,0.76,En observación
1538,1284,33.9,Baja,1400.32,1.09,En observación
1539,2340,16.9,Alta,2060.2,0.88,En observación
1540,3262,16.2,Baja,2500.74,0.77,En observación
1541,3715,43.1,Baja,1949.57,0.52,En observación
1542,5869,20.8,Baja,5601.79,0.95,En observación
1543,3257,36.6,Media,1924.5,0.59,En observación
1544,2928,10.2,Baja,2373.87,0.81,En observación
1545,3264,11.8,Alta,3382.98,1.04,En observación
1546,4946,25.4,Media,2170.04,0.44,En observación
1547,3408,18.8,Baja,2811.68,0.83,En riesgo
1548,3465,49.2,Baja,3274.22,0.94,En observación
1549,2489,44.4,Media,651.45,0.26,Saludable
1550,1354,22.9,Baja,942.67,0.7,En observación
1551,2672,13.5,Baja,3106.32,1.16,En riesgo
1552,1757,53.7,Alta,1191.42,0.68,En observación
1553,3405,20.1,Media,3156.75,0.93,En observación
1554,2785,10.4,Alta,1640.79,0.59,Saludable
1555,3518,12.1,Baja,2470.34,0.7,En observación
1556,5299,29.5,Alta,3891.19,0.73,En observación
1557,4281,25.1,Baja,2111.89,0.49,En observación
1558,4744,20.5,Media,3806.66,0.8,En observación
1559,3224,0.0,Media,2289.3,0.71,En observación
1560,2553,30.8,Media,1567.36,0.61,En observación
1561,3175,15.9,Alta,3142.8,0.99,En observación
1562,2593,37.5,Alta,2195.58,0.85,En observación
1563,959,45.1,Baja,620.91,0.65,En observación
1564,7457,34.5,Media,5074.2,0.68,Saludable
1565,5585,9.8,Alta,3179.99,0.57,Saludable
1566,5625,41.6,Baja,4058.94,0.72,En riesgo
1567,2599,32.1,Alta,1983.56,0.76,En observación
1568,4951,37.4,Baja,3390.33,0.68,En riesgo
1569,3362,13.8,Alta,2277.45,0.68,Saludable
1570,4865,27.2,Alta,2589.85,0.53,Saludable
1571,3670,32.8,Alta,3360.17,0.92,En observación
1572,2609,20.8,Media,1468.25,0.56,En observación
1573,5673,25.3,Media,4008.22,0.71,En observación
1574,4258,36.5,Alta,2280.73,0.54,En observación
1575,2106,13.0,Baja,1448.05,0.69,En observación
1576,3168,8.4,Baja,2922.76,0.92,En riesgo
1577,800,44.7,Media,483.28,0.6,En observación
1578,3397,30.4,Media,2434.57,0.72,En observación
1579,1641,39.1,Media,1556.06,0.95,En riesgo
1580,6987,22.1,Alta,6444.21,0.92,En observación
1581,5350,29.9,Baja,3638.98,0.68,En riesgo
1582,2763,8.8,Media,1815.2,0.66,En observación
1583,5588,31.7,Alta,5516.9,0.99,Saludable
1584,2835,25.7,Media,2067.79,0.73,En observación
1585,4536,23.3,Baja,3515.51,0.78,En observación
1586,2111,28.3,Baja,1528.66,0.72,En observación
1587,3548,31.1,Media,2384.92,0.67,En observación
1588,1746,19.2,Alta,2183.19,1.25,En observación
1589,1469,41.0,Baja,552.52,0.38,En observación
1590,6719,6.8,Baja,2642.22,0.39,Saludable
1591,4848,46.9,Baja,3188.69,0.66,En riesgo
1592,5585,56.8,Media,3941.11,0.71,Saludable
1593,2269,23.6,Alta,1595.99,0.7,Saludable
1594,5178,49.1,Alta,3723.49,0.72,En observación
1595,4036,31.0,Alta,3685.59,0.91,En observación
1596,6587,8.4,Alta,4329.43,0.66,Saludable
1597,4159,49.0,Alta,3100.98,0.75,Saludable
1598,4764,41.3,Media,1907.82,0.4,En observación
1599,1115,20.0,Media,655.06,0.59,En observación
1600,3675,10.7,Alta,3338.41,0.91,Saludable
1601,3995,17.8,Alta,2733.29,0.68,Saludable
1602,4282,50.1,Media,3148.1,0.74,En observación
1603,2843,32.7,Media,2357.15,0.83,En observación
1604,800,35.0,Alta,652.5,0.82,Saludable
1605,1573,52.1,Alta,1318.9,0.84,En observación
1606,1794,17.7,Media,1766.13,0.98,En observación
1607,2674,37.6,Baja,1613.51,0.6,En riesgo
1608,5529,23.0,Alta,3521.08,0.64,Saludable
1609,1278,9.9,Baja,989.6,0.77,En observación
1610,1482,25.8,Alta,1246.3,0.84,En observación
1611,800,28.1,Alta,400.8,0.5,Saludable
1612,4676,16.5,Alta,2862.24,0.61,Saludable
1613,800,35.0,Alta,560.71,0.7,En observación
1614,1852,20.7,Baja,886.78,0.48,Saludable
1615,1727,44.9,Media,1078.19,0.62,En observación
1616,2929,11.0,Media,2108.02,0.72,En observación
1617,1688,42.1,Baja,1007.82,0.6,En observación
1618,4296,20.0,Media,3251.06,0.76,En observación
1619,3694,0.0,Media,1553.91,0.42,Saludable
1620,5056,16.3,Media,3569.91,0.71,En observación
1621,4540,0.0,Media,2680.93,0.59,Saludable
1622,4555,67.5,Media,3229.31,0.71,En observación
1623,4103,49.8,Alta,3157.02,0.77,En observación
1624,4937,40.0,Baja,2790.91,0.57,En observación
1625,4996,47.7,Media,3687.24,0.74,En observación
1626,5341,11.8,Media,4427.39,0.83,Saludable
1627,5098,26.1,Media,4987.6,0.98,En observación
1628,1665,51.4,Alta,1713.66,1.03,En observación
1629,2358,25.4,Media,1830.23,0.78,En observación
1630,6039,32.2,Media,1590.66,0.26,Saludable
1631,2978,28.9,Baja,2035.91,0.68,En observación
1632,5180,34.2,Alta,3568.63,0.69,Saludable
1633,3529,18.0,Media,3014.5,0.85,En observación
1634,5811,48.8,Baja,3641.05,0.63,En riesgo
1635,2074,40.4,Baja,1362.64,0.66,En observación
1636,3920,0.0,Baja,1704.51,0.43,Saludable
1637,3624,24.5,Baja,1687.7,0.47,En observación
1638,4087,38.7,Media,3053.32,0.75,En observación
1639,4096,18.8,Baja,2865.19,0.7,En observación
1640,3338,46.7,Alta,2915.25,0.87,En observación
1641,3046,50.2,Alta,2178.52,0.72,En observación
1642,3467,40.6,Media,3520.81,1.02,En observación
1643,3828,49.3,Baja,2779.36,0.73,En observación
1644,6715,23.0,Alta,5228.14,0.78,En observación
1645,2587,14.9,Baja,2058.41,0.8,Saludable
1646,3068,33.7,Alta,2151.92,0.7,Saludable
1647,5891,31.6,Alta,5935.82,1.01,En observación
1648,2180,34.0,Alta,1550.33,0.71,Saludable
1649,5705,20.7,Media,2388.98,0.42,En observación
1650,2744,20.9,Alta,1186.04,0.43,Saludable
1651,1566,30.9,Baja,1431.75,0.91,En riesgo
1652,3411,4.5,Media,2061.1,0.6,Saludable
1653,2319,33.1,Media,2023.82,0.87,En observación
1654,1661,62.9,Alta,1475.21,0.89,En observación
1655,5134,65.5,Media,2520.95,0.49,En observación
1656,800,32.9,Alta,652.62,0.82,En observación
1657,2518,0.0,Baja,2057.8,0.82,En observación
1658,2613,36.6,Media,1222.19,0.47,En observación
1659,2910,18.6,Alta,1784.22,0.61,Saludable
1660,4074,10.3,Media,2764.29,0.68,Saludable
1661,1851,56.9,Media,1103.88,0.6,En observación
1662,2033,57.0,Baja,1727.08,0.85,En riesgo
1663,5159,33.0,Alta,4108.14,0.8,Saludable
1664,2376,35.1,Alta,1548.88,0.65,En observación
1665,1596,53.0,Baja,1165.02,0.73,En riesgo
1666,4750,20.5,Baja,4301.43,0.91,Saludable
1667,2420,16.1,Alta,1268.97,0.52,Saludable
1668,4079,40.5,Media,3236.11,0.79,En observación
1669,4054,31.9,Baja,3723.56,0.92,En riesgo
1670,3546,16.5,Baja,2242.73,0.63,En observación
1671,3027,34.0,Media,2659.92,0.88,En observación
1672,3524,32.1,Alta,2315.75,0.66,Saludable
1673,867,19.6,Media,724.09,0.84,En observación
1674,3143,37.0,Baja,2651.82,0.84,En observación
1675,4996,46.9,Media,2730.95,0.55,En observación
1676,5287,27.8,Alta,1852.78,0.35,Saludable
1677,3126,12.6,Baja,2111.87,0.68,En observación
1678,5693,25.6,Media,5368.83,0.94,En riesgo
1679,5651,34.3,Alta,2241.23,0.4,Saludable
1680,5073,28.8,Alta,5397.8,1.06,En observación
1681,4352,46.3,Alta,3525.15,0.81,Saludable
1682,2751,48.0,Alta,1663.35,0.6,Saludable
1683,1933,56.8,Alta,2034.81,1.05,En observación
1684,3721,19.8,Alta,3202.63,0.86,En observación
1685,4718,35.0,Baja,6031.36,1.28,En riesgo
1686,934,24.1,Alta,436.89,0.47,Saludable
1687,1998,16.2,Alta,1155.18,0.58,Saludable
1688,2741,27.3,Alta,2496.95,0.91,Saludable
1689,3103,35.5,Media,1242.81,0.4,Saludable
1690,4019,37.4,Baja,4507.55,1.12,En riesgo
1691,4730,27.1,Baja,3800.56,0.8,En riesgo
1692,800,36.2,Media,907.52,1.13,En riesgo
1693,5976,20.6,Alta,4447.53,0.74,Saludable
1694,800,12.5,Media,442.05,0.55,En observación
1695,4808,34.9,Media,4319.21,0.9,En observación
1696,5303,30.1,Media,4032.48,0.76,En observación
1697,4527,23.7,Baja,4190.9,0.93,En observación
1698,1852,40.3,Baja,1359.48,0.73,En observación
1699,4835,20.9,Baja,3452.01,0.71,En riesgo
1700,5809,53.6,Alta,4061.75,0.7,En observación
1701,2077,16.4,Alta,679.01,0.33,Saludable
1702,2204,28.1,Media,1291.86,0.59,En observación
1703,2937,10.4,Baja,2436.24,0.83,En observación
1704,2244,0.0,Baja,1107.83,0.49,Saludable
1705,800,7.8,Alta,599.66,0.75,Saludable
1706,6488,57.5,Alta,3852.41,0.59,En observación
1707,4624,21.0,Baja,2223.23,0.48,En observación
1708,3241,23.5,Baja,2688.79,0.83,En observación
1709,1772,31.6,Alta,1452.11,0.82,Saludable
1710,4892,3.4,Alta,3159.94,0.65,Saludable
1711,2546,21.5,Baja,2766.98,1.09,En observación
1712,7162,36.6,Media,5490.17,0.77,En observación
1713,7295,15.1,Media,4000.03,0.55,Saludable
1714,3548,4.1,Media,2675.27,0.75,En observación
1715,3727,25.6,Media,2380.55,0.64,En observación
1716,2261,57.7,Baja,2482.59,1.1,En riesgo
1717,3483,45.5,Media,3298.62,0.95,En observación
1718,2710,10.2,Media,2232.04,0.82,En observación
1719,1475,23.2,Alta,748.55,0.51,Saludable
1720,4327,19.0,Media,3010.95,0.7,Saludable
1721,3780,29.3,Alta,2339.02,0.62,Saludable
1722,3770,17.8,Alta,1825.71,0.48,En observación
1723,2550,28.5,Baja,2376.48,0.93,En riesgo
1724,1633,36.7,Baja,1016.77,0.62,En observación
1725,2420,13.1,Baja,1797.01,0.74,Saludable
1726,4920,30.8,Baja,4064.11,0.83,En observación
1727,2949,34.3,Alta,1593.85,0.54,Saludable
1728,2211,16.6,Baja,818.58,0.37,En observación
1729,2470,47.5,Alta,2327.69,0.94,En observación
1730,1867,68.4,Baja,1988.67,1.07,En riesgo
1731,3886,20.5,Media,3216.92,0.83,En observación
1732,800,10.2,Media,603.04,0.75,Saludable
1733,3399,13.9,Alta,2070.59,0.61,Saludable
1734,3871,29.9,Media,3515.69,0.91,En observación
1735,5670,23.1,Media,3814.01,0.67,Saludable
1736,2857,44.5,Alta,2811.28,0.98,En observación
1737,809,46.2,Media,339.02,0.42,En observación
1738,2948,40.5,Media,1503.95,0.51,En observación
1739,1303,20.0,Media,743.16,0.57,Saludable
1740,3642,57.1,Baja,4479.82,1.23,En riesgo
1741,5175,33.5,Alta,4345.96,0.84,En observación
1742,3793,38.1,Baja,2449.81,0.65,En observación
1743,3412,42.4,Media,1904.29,0.56,En observación
1744,6368,47.5,Media,6322.48,0.99,En observación
1745,3981,45.0,Baja,4103.8,1.03,En observación
1746,1527,49.6,Media,1069.14,0.7,En observación
1747,1619,21.7,Alta,805.57,0.5,En observación
1748,3466,29.1,Alta,2966.39,0.86,En observación
1749,4919,46.1,Alta,3130.69,0.64,Saludable
1750,4654,22.1,Media,3486.22,0.75,En observación
1751,4678,3.3,Alta,4110.34,0.88,Saludable
1752,4561,41.7,Alta,4740.82,1.04,En observación
1753,5520,51.7,Media,4429.51,0.8,En observación
1754,4809,41.0,Baja,3339.22,0.69,En riesgo
1755,3447,17.2,Baja,3385.93,0.98,En observación
1756,6573,5.6,Media,4271.0,0.65,Saludable
1757,5206,36.0,Alta,4195.44,0.81,Saludable
1758,1765,34.8,Baja,890.37,0.5,En observación
1759,4251,15.3,Baja,4416.64,1.04,En riesgo
1760,1143,16.0,Baja,386.97,0.34,Saludable
1761,4650,23.8,Media,3873.19,0.83,Saludable
1762,4697,21.7,Baja,3533.04,0.75,En observación
1763,1593,12.7,Baja,1472.26,0.92,En observación
1764,5075,34.9,Media,3936.87,0.78,Saludable
1765,3094,29.6,Media,3408.22,1.1,En riesgo
1766,5804,39.0,Media,3609.89,0.62,En observación
1767,3854,15.9,Baja,2623.84,0.68,En observación
1768,5908,0.0,Baja,5713.32,0.97,En observación
1769,1442,47.7,Media,1271.47,0.88,En riesgo
1770,4701,60.9,Alta,3998.53,0.85,En observación
1771,4014,48.7,Media,2447.39,0.61,En observación
1772,3037,0.0,Baja,2353.23,0.77,Saludable
1773,3580,43.0,Baja,2377.7,0.66,En riesgo
1774,1309,47.9,Media,1140.83,0.87,En observación
1775,7566,29.0,Alta,4479.47,0.59,Saludable
1776,3170,28.1,Alta,2436.07,0.77,Saludable
1777,4450,24.2,Baja,1787.59,0.4,En observación
1778,800,35.3,Alta,458.98,0.57,Saludable
1779,5471,15.8,Alta,5148.35,0.94,Saludable
1780,6130,24.5,Alta,3670.1,0.6,Saludable
1781,2846,17.4,Media,1889.71,0.66,En observación
1782,5513,1.0,Baja,4157.65,0.75,En observación
1783,3790,49.6,Media,2791.78,0.74,En observación
1784,4388,31.5,Alta,2982.64,0.68,En observación
1785,2521,20.8,Baja,1651.16,0.65,En observación
1786,800,35.9,Media,604.94,0.76,Saludable
1787,3965,37.1,Baja,3394.58,0.86,En observación
1788,5550,18.9,Media,4848.38,0.87,En observación
1789,2185,39.9,Baja,1487.14,0.68,En observación
1790,5252,18.4,Media,3131.2,0.6,Saludable
1791,3908,29.1,Alta,3316.53,0.85,Saludable
1792,2386,28.3,Media,2604.6,1.09,En observación
1793,5128,30.6,Alta,3399.56,0.66,Saludable
1794,3247,39.1,Media,3238.66,1.0,En observación
1795,5281,15.5,Alta,3566.61,0.68,Saludable
1796,3972,24.6,Alta,3500.76,0.88,Saludable
1797,3565,40.3,Media,1348.45,0.38,En observación
1798,3075,0.0,Media,2393.75,0.78,Saludable
1799,3377,44.9,Baja,2987.09,0.88,En riesgo
1800,4175,28.4,Media,4465.53,1.07,En observación
1801,3709,31.0,Baja,3324.71,0.9,En observación
1802,884,32.4,Media,707.75,0.8,En observación
1803,1594,47.3,Baja,1874.76,1.18,En riesgo
1804,1564,23.9,Alta,1176.94,0.75,En observación
1805,2613,53.3,Media,1435.54,0.55,Saludable
1806,5160,0.0,Alta,3680.4,0.71,En observación
1807,3482,13.2,Media,2575.53,0.74,En observación
1808,3741,39.9,Baja,2106.03,0.56,En riesgo
1809,3868,40.9,Media,2463.66,0.64,En observación
1810,3114,34.2,Baja,1812.48,0.58,En observación
1811,4532,23.3,Baja,2702.49,0.6,En observación
1812,4548,20.6,Media,3314.68,0.73,En observación
1813,800,7.9,Alta,648.42,0.81,Saludable
1814,5085,44.5,Media,4472.01,0.88,En riesgo
1815,3375,39.7,Alta,2176.23,0.64,En observación
1816,6475,30.2,Baja,5306.82,0.82,En riesgo
1817,3279,20.2,Media,2975.1,0.91,En observación
1818,3774,17.5,Media,1663.65,0.44,Saludable
1819,4857,26.6,Alta,4898.56,1.01,En observación
1820,1918,29.0,Media,1409.99,0.74,En observación
1821,2338,50.5,Baja,2581.26,1.1,En riesgo
1822,5375,14.2,Media,5071.53,0.94,En observación
1823,4795,29.8,Baja,1198.75,0.25,Saludable
1824,2561,15.3,Baja,1977.1,0.77,En observación
1825,2263,14.1,Alta,1405.79,0.62,Saludable
1826,2508,22.3,Alta,1674.83,0.67,Saludable
1827,4184,0.0,Baja,3907.41,0.93,En observación
1828,1925,15.4,Alta,1287.74,0.67,Saludable
1829,3836,0.8,Alta,2105.09,0.55,Saludable
1830,2108,48.7,Baja,1715.83,0.81,En observación
1831,4453,28.2,Media,2974.67,0.67,En observación
1832,4212,40.6,Media,4052.3,0.96,En observación
1833,1437,22.9,Alta,1839.0,1.28,En observación
1834,7054,50.9,Alta,5597.52,0.79,En observación
1835,3445,3.9,Baja,2594.94,0.75,En observación
1836,2601,36.2,Baja,2349.45,0.9,En observación
1837,2823,14.7,Baja,1699.47,0.6,Saludable
1838,2149,51.3,Baja,1257.63,0.59,En observación
1839,2746,47.7,Media,2707.58,0.99,En riesgo
1840,3959,26.5,Baja,2119.9,0.54,En riesgo
1841,2360,40.0,Baja,2220.1,0.94,En riesgo
1842,5057,41.5,Alta,5365.65,1.06,En observación
1843,1571,22.4,Baja,1237.31,0.79,En observación
1844,2910,1.4,Alta,2428.94,0.83,En observación
1845,4196,39.1,Baja,3579.36,0.85,En riesgo
1846,4897,35.9,Baja,3397.14,0.69,En observación
1847,3127,34.7,Alta,2167.34,0.69,En observación
1848,4159,42.5,Media,4079.58,0.98,En observación
1849,1538,24.8,Media,1165.7,0.76,Saludable
1850,5583,32.1,Alta,4570.49,0.82,En observación
1851,2555,38.6,Alta,1865.72,0.73,En observación
1852,2342,55.0,Media,1598.2,0.68,En observación
1853,800,47.7,Alta,751.52,0.94,En observación
1854,3160,36.0,Alta,3671.86,1.16,En observación
1855,4673,16.3,Alta,3488.0,0.75,Saludable
1856,2858,29.8,Alta,1560.04,0.55,En observación
1857,809,38.1,Alta,559.2,0.69,Saludable
1858,3804,6.6,Media,2880.19,0.76,Saludable
1859,4192,16.1,Alta,2803.7,0.67,Saludable
1860,2341,29.1,Media,1117.85,0.48,En observación
1861,6147,71.9,Baja,4711.12,0.77,En riesgo
1862,829,52.5,Media,737.58,0.89,En observación
1863,5356,26.2,Baja,3575.43,0.67,En observación
1864,1905,45.3,Media,1066.65,0.56,En observación
1865,2135,41.4,Media,1364.22,0.64,Saludable
1866,2591,29.5,Alta,1392.47,0.54,Saludable
1867,6667,17.1,Media,4612.58,0.69,Saludable
1868,2868,39.3,Media,2640.47,0.92,En observación
1869,1645,49.1,Alta,1205.52,0.73,En observación
1870,800,32.9,Baja,876.28,1.1,En riesgo
1871,3162,34.4,Media,2053.46,0.65,En observación
1872,2993,20.6,Alta,2906.78,0.97,En observación
1873,3876,42.1,Baja,2722.56,0.7,En observación
1874,2596,30.0,Media,1452.05,0.56,Saludable
1875,2726,61.9,Media,683.44,0.25,En observación
1876,6089,31.8,Media,5392.51,0.89,En observación
1877,2499,0.0,Baja,1966.67,0.79,En observación
1878,2299,22.5,Baja,2446.31,1.06,En riesgo
1879,3826,23.0,Media,2058.77,0.54,En observación
1880,6174,26.3,Media,1986.67,0.32,Saludable
1881,4978,6.2,Baja,3891.64,0.78,En observación
1882,3390,18.1,Alta,3162.42,0.93,Saludable
1883,1272,0.0,Baja,1242.68,0.98,En observación
1884,3632,23.4,Alta,2378.16,0.65,Saludable
1885,2853,0.0,Alta,1761.75,0.62,Saludable
1886,4415,29.4,Alta,3942.98,0.89,En observación
1887,5087,37.1,Media,3826.11,0.75,En observación
1888,4610,55.2,Media,3741.38,0.81,En riesgo
1889,1212,12.7,Alta,1095.57,0.9,Saludable
1890,5471,29.8,Alta,3248.49,0.59,Saludable
1891,1201,13.1,Alta,1110.97,0.93,En observación
1892,4045,4.2,Baja,2772.8,0.69,Saludable
1893,5265,21.2,Media,2919.79,0.55,Saludable
1894,2540,52.3,Alta,1569.04,0.62,Saludable
1895,800,29.5,Alta,519.08,0.65,Saludable
1896,5284,40.0,Baja,3936.16,0.74,En riesgo
1897,4494,17.7,Media,2529.85,0.56,En observación
1898,4095,32.5,Alta,2447.3,0.6,En observación
1899,2367,28.5,Media,2391.74,1.01,En observación
1900,1141,14.2,Alta,1059.96,0.93,En observación
1901,3307,22.4,Baja,2769.17,0.84,En observación
1902,3958,19.0,Baja,2328.97,0.59,En observación
1903,2937,29.3,Media,2327.23,0.79,Saludable
1904,2289,24.1,Baja,2336.87,1.02,En observación
1905,3744,52.4,Media,1923.16,0.51,En observación
1906,2297,22.4,Alta,1390.7,0.61,Saludable
1907,7583,42.7,Baja,7191.06,0.95,En riesgo
1908,1091,35.9,Alta,1028.95,0.94,En observación
1909,4948,40.6,Alta,5360.5,1.08,En observación
1910,1854,24.6,Baja,1869.58,1.01,En observación
1911,800,31.3,Baja,536.27,0.67,En observación
1912,4918,21.7,Baja,2030.44,0.41,En observación
1913,2004,14.1,Alta,1901.13,0.95,Saludable
1914,3405,37.2,Media,3217.88,0.95,En observación
1915,5780,0.0,Media,5125.48,0.89,Saludable
1916,5558,32.1,Alta,3495.3,0.63,En observación
1917,4840,39.6,Alta,2732.93,0.56,Saludable
1918,3494,29.4,Alta,3092.03,0.88,Saludable
1919,4001,25.7,Baja,2396.88,0.6,En observación
1920,3178,0.0,Media,1982.33,0.62,Saludable
1921,4299,17.9,Media,3057.79,0.71,En observación
1922,4992,43.5,Media,3294.83,0.66,En observación
1923,3149,27.1,Media,2593.97,0.82,En observación
1924,5740,27.6,Media,4943.89,0.86,En observación
1925,5047,8.9,Media,4189.42,0.83,En observación
1926,4838,13.3,Alta,3056.33,0.63,Saludable
1927,2357,25.5,Alta,2436.33,1.03,En observación
1928,2410,16.8,Baja,1951.83,0.81,En observación
1929,3129,35.0,Alta,3078.46,0.98,En observación
1930,2429,47.7,Alta,1690.8,0.7,Saludable
1931,3242,51.6,Media,2527.93,0.78,En observación
1932,5956,8.5,Baja,3088.73,0.52,Saludable
1933,4059,32.5,Media,4171.4,1.03,En observación
1934,2894,30.0,Baja,2231.82,0.77,En observación
1935,7565,37.8,Alta,5959.72,0.79,En observación
1936,4564,27.9,Alta,2904.42,0.64,Saludable
1937,4079,17.9,Media,4101.13,1.01,En observación
1938,4595,50.9,Media,3464.35,0.75,En observación
1939,4715,19.1,Media,3582.12,0.76,En observación
1940,2066,64.8,Alta,1026.16,0.5,Saludable
1941,5471,40.7,Alta,3092.9,0.57,En observación
1942,5702,29.5,Alta,6943.83,1.22,En observación
1943,4541,47.5,Baja,4134.32,0.91,En riesgo
1944,3064,36.7,Media,2747.9,0.9,En observación
1945,5060,14.7,Baja,3587.55,0.71,En observación
1946,2921,45.2,Alta,2247.53,0.77,En riesgo
1947,3790,30.9,Alta,2914.94,0.77,Saludable
1948,3413,46.9,Baja,2629.77,0.77,En observación
1949,2112,23.2,Media,1612.08,0.76,En observación
1950,1489,25.2,Media,1155.43,0.78,Saludable
1951,2250,19.8,Alta,1365.13,0.61,Saludable
1952,3259,21.7,Alta,2695.3,0.83,En observación
1953,5959,1.2,Alta,5088.23,0.85,Saludable
1954,3733,24.0,Media,2878.76,0.77,En observación
1955,2632,16.6,Baja,1761.43,0.67,En observación
1956,4398,42.8,Alta,2907.28,0.66,En observación
1957,4944,47.5,Alta,3655.64,0.74,En observación
1958,3787,12.8,Baja,2708.27,0.72,En observación
1959,4463,25.9,Media,3522.15,0.79,En observación
1960,4555,28.8,Alta,3190.0,0.7,Saludable
1961,3406,23.3,Media,2957.99,0.87,En observación
1962,5889,52.0,Alta,3471.7,0.59,En observación
1963,2524,25.1,Media,2802.74,1.11,En observación
1964,4040,38.1,Baja,2302.34,0.57,En observación
1965,1691,16.7,Alta,422.75,0.25,Saludable
1966,6581,32.2,Alta,3258.07,0.5,Saludable
1967,2812,14.7,Alta,2544.39,0.9,En observación
1968,1767,40.9,Alta,1810.87,1.02,En riesgo
1969,7798,16.5,Alta,9812.69,1.26,En observación
1970,2611,34.9,Baja,1684.69,0.65,En observación
1971,1520,26.4,Alta,1491.74,0.98,En observación
1972,3712,37.1,Alta,3566.19,0.96,Saludable
1973,4377,26.0,Media,3414.04,0.78,En observación
1974,1709,14.8,Alta,686.37,0.4,Saludable
1975,5496,28.2,Media,2796.24,0.51,Saludable
1976,1268,13.1,Baja,1039.74,0.82,En observación
1977,5169,28.9,Media,3956.39,0.77,En observación
1978,4659,41.7,Media,3775.23,0.81,En observación
1979,3182,38.1,Baja,2192.98,0.69,En observación
1980,3088,23.1,Baja,1932.96,0.63,En observación
1981,5466,47.6,Media,2863.19,0.52,En observación
1982,3023,39.0,Media,1774.14,0.59,En observación
1983,3971,7.7,Baja,3413.03,0.86,En observación
1984,3238,50.4,Baja,2317.94,0.72,En riesgo
1985,800,66.3,Baja,815.35,1.02,En riesgo
1986,800,34.3,Baja,392.07,0.49,En observación
1987,4117,15.9,Baja,3918.45,0.95,En riesgo
1988,4964,30.1,Media,2458.2,0.5,En observación
1989,3094,9.2,Baja,3073.48,0.99,En riesgo
1990,3438,62.4,Alta,2635.01,0.77,En observación
1991,2554,54.6,Alta,1556.85,0.61,En observación
1992,2661,23.1,Alta,2489.22,0.94,Saludable
1993,2893,47.0,Alta,3001.58,1.04,En observación
1994,2518,22.3,Baja,1924.72,0.76,En observación
1995,2018,40.8,Alta,1544.56,0.77,Saludable
1996,2107,22.4,Media,1552.62,0.74,En observación
1997,3857,17.4,Alta,3045.93,0.79,Saludable
1998,3987,38.7,Baja,3858.07,0.97,En riesgo
1999,5958,43.6,Alta,3709.81,0.62,En observación
2000,3990,17.5,Media,4179.62,1.05,En riesgo
2001,3450,22.4,Baja,2480.46,0.72,En observación
2002,5417,38.6,Baja,4161.94,0.77,En riesgo
2003,3031,45.5,Baja,2116.09,0.7,En riesgo
2004,3330,29.2,Alta,2271.29,0.68,En observación
2005,2401,18.9,Alta,2717.4,1.13,En observación
2006,800,21.5,Baja,339.07,0.42,Saludable
2007,800,27.9,Alta,435.56,0.54,Saludable
2008,1062,31.2,Media,717.18,0.68,En observación
2009,5617,41.8,Baja,3882.52,0.69,En riesgo
2010,1170,8.9,Media,859.86,0.73,En observación
2011,3196,27.3,Media,1567.5,0.49,En observación
2012,4930,41.8,Alta,3139.13,0.64,Saludable
2013,1560,31.3,Alta,866.62,0.56,Saludable
2014,2864,22.7,Baja,1870.66,0.65,En observación
2015,3619,25.7,Media,2833.47,0.78,En observación
2016,3658,32.3,Alta,1753.83,0.48,Saludable
2017,2178,31.4,Media,2090.0,0.96,En observación
2018,3552,24.6,Alta,3269.8,0.92,En observación
2019,2572,18.1,Media,969.58,0.38,Saludable
2020,3376,47.0,Baja,2750.19,0.81,En riesgo
2021,2454,47.1,Alta,1606.87,0.65,En observación
2022,1312,33.5,Baja,515.3,0.39,En observación
2023,4161,22.2,Media,2333.99,0.56,En observación
2024,3345,22.7,Media,2533.98,0.76,En riesgo
2025,5230,47.4,Baja,4332.52,0.83,En riesgo
2026,800,19.8,Media,530.8,0.66,Saludable
2027,1764,0.3,Alta,1310.83,0.74,Saludable
2028,5160,36.2,Alta,2975.2,0.58,Saludable
2029,865,11.0,Media,510.35,0.59,Saludable
2030,1979,35.1,Media,1401.51,0.71,En observación
2031,5210,12.3,Media,4300.16,0.83,En observación
2032,3000,43.3,Media,2724.67,0.91,En observación
2033,3227,34.2,Alta,2261.67,0.7,En observación
2034,3922,57.5,Alta,1861.18,0.47,En observación
2035,2137,39.1,Media,980.69,0.46,En observación
2036,2555,19.0,Baja,1251.01,0.49,En observación
2037,5127,29.6,Baja,4424.51,0.86,En riesgo
2038,3896,21.6,Alta,3249.67,0.83,Saludable
2039,2743,7.2,Baja,2514.58,0.92,En observación
2040,3773,14.5,Media,3125.82,0.83,Saludable
2041,3287,43.2,Baja,2933.11,0.89,En riesgo
2042,848,74.9,Alta,902.49,1.06,En riesgo
2043,2370,28.3,Media,1545.68,0.65,En observación
2044,3894,18.2,Media,2590.54,0.67,En observación
2045,5900,52.9,Alta,5228.97,0.89,En observación
2046,800,34.5,Baja,599.74,0.75,En observación
2047,3581,10.1,Alta,3045.04,0.85,Saludable
2048,4524,44.2,Alta,3884.89,0.86,En observación
2049,3394,31.4,Baja,2611.3,0.77,En riesgo
2050,4466,61.2,Media,5123.24,1.15,En riesgo
2051,800,48.6,Baja,522.19,0.65,En observación
2052,2902,23.3,Baja,2496.33,0.86,En observación
2053,1883,35.1,Media,1623.39,0.86,En observación
2054,2319,15.3,Media,1527.77,0.66,En observación
2055,5728,0.0,Alta,4068.42,0.71,Saludable
2056,1022,44.5,Baja,866.69,0.85,En riesgo
2057,4882,22.8,Media,3281.32,0.67,En observación
2058,3130,41.0,Baja,2351.1,0.75,En observación
2059,800,21.3,Baja,752.08,0.94,En riesgo
2060,4871,15.2,Media,5070.01,1.04,En observación
2061,3819,29.8,Media,2744.73,0.72,En observación
2062,2442,9.8,Baja,1840.29,0.75,En observación
2063,8566,40.1,Media,5793.35,0.68,En observación
2064,800,14.6,Baja,616.55,0.77,En riesgo
2065,5183,33.4,Media,3585.75,0.69,En observación
2066,2722,55.8,Alta,1948.8,0.72,En observación
2067,800,27.1,Media,720.45,0.9,En observación
2068,2374,41.9,Baja,1149.49,0.48,En observación
2069,2702,24.2,Media,1479.89,0.55,En observación
2070,7190,41.7,Baja,4273.94,0.59,En riesgo
2071,3025,50.6,Media,2707.99,0.9,Saludable
2072,1994,44.2,Baja,1549.93,0.78,En observación
2073,2550,1.4,Baja,1871.94,0.73,En riesgo
2074,4707,62.9,Media,4277.87,0.91,En riesgo
2075,6461,35.7,Baja,4628.01,0.72,En riesgo
2076,5681,22.8,Alta,3522.89,0.62,Saludable
2077,4747,42.0,Alta,2343.36,0.49,En observación
2078,2538,26.0,Media,1491.13,0.59,En observación
2079,3863,17.2,Baja,3497.97,0.91,En riesgo
2080,3218,42.6,Baja,1935.46,0.6,En observación
2081,800,10.1,Baja,860.3,1.08,En riesgo
2082,3599,54.9,Media,2595.55,0.72,En observación
2083,3585,28.1,Media,2549.88,0.71,En observación
2084,3725,40.7,Alta,3485.29,0.94,En observación
2085,2045,9.7,Baja,1588.52,0.78,En observación
2086,3631,29.8,Alta,4411.82,1.22,En observación
2087,800,35.0,Media,545.8,0.68,En observación
2088,4376,49.3,Media,2094.79,0.48,En observación
2089,4143,41.6,Alta,4742.99,1.14,En riesgo
2090,3415,16.6,Baja,2214.38,0.65,En observación
2091,4483,33.9,Baja,2294.14,0.51,En observación
2092,4816,35.3,Baja,4104.95,0.85,En riesgo
2093,5940,33.5,Media,4042.26,0.68,En observación
2094,3874,0.0,Baja,2776.99,0.72,En observación
2095,1453,16.1,Baja,1301.51,0.9,En observación
2096,3653,34.6,Alta,2800.66,0.77,En observación
2097,3685,8.1,Alta,3845.02,1.04,En observación
2098,2616,11.2,Alta,2148.43,0.82,Saludable
2099,5861,24.8,Alta,3512.33,0.6,Saludable
2100,4888,32.5,Media,4261.09,0.87,En observación
2101,3851,47.5,Baja,3321.71,0.86,En riesgo
2102,5529,0.0,Media,6189.01,1.12,Saludable
2103,2559,29.4,Baja,1851.78,0.72,En riesgo
2104,1913,33.9,Media,1235.65,0.65,En observación
2105,3403,31.4,Baja,2215.4,0.65,En observación
2106,3931,44.2,Baja,2524.92,0.64,En observación
2107,4420,29.5,Baja,3975.74,0.9,En observación
2108,831,22.0,Media,508.62,0.61,En observación
2109,2545,41.1,Alta,1776.75,0.7,En observación
2110,3736,32.9,Alta,2785.77,0.75,En observación
2111,2307,51.0,Media,1632.03,0.71,En observación
2112,3782,17.2,Baja,3289.43,0.87,En riesgo
2113,2320,35.0,Baja,1006.9,0.43,En observación
2114,2171,20.6,Media,1197.89,0.55,En observación
2115,5011,30.4,Alta,2978.55,0.59,En observación
2116,2374,0.0,Alta,1976.38,0.83,Saludable
2117,4983,24.3,Baja,4278.74,0.86,En riesgo
2118,1687,21.5,Alta,1242.27,0.74,En observación
2119,2512,21.1,Alta,2100.2,0.84,Saludable
2120,3729,6.7,Alta,4283.05,1.15,Saludable
2121,3017,29.5,Baja,3301.45,1.09,En observación
2122,6476,41.4,Alta,5343.2,0.83,Saludable
2123,4357,19.1,Baja,4261.14,0.98,En observación
2124,3330,21.7,Media,1905.58,0.57,En observación
2125,4303,48.1,Media,1848.67,0.43,En observación
2126,7258,23.2,Baja,7919.4,1.09,En riesgo
2127,1441,25.4,Alta,1352.63,0.94,Saludable
2128,2599,38.9,Media,1950.68,0.75,En observación
2129,3857,37.2,Baja,2592.62,0.67,En observación
2130,2109,49.3,Alta,1340.97,0.64,En observación
2131,3150,33.0,Media,2081.86,0.66,Saludable
2132,883,14.2,Baja,610.77,0.69,En observación
2133,5016,23.3,Alta,2965.7,0.59,Saludable
2134,4220,50.7,Alta,4126.9,0.98,En observación
2135,4458,55.5,Baja,3609.98,0.81,En riesgo
2136,3019,9.6,Alta,1892.63,0.63,Saludable
2137,3591,58.9,Media,2745.79,0.76,En riesgo
2138,2847,25.3,Baja,1454.19,0.51,En observación
2139,4290,30.1,Alta,3945.64,0.92,En observación
2140,2971,62.2,Alta,2178.03,0.73,En observación
2141,2898,40.6,Alta,2657.59,0.92,En observación
2142,800,30.3,Alta,777.19,0.97,En observación
2143,4169,4.2,Alta,2586.11,0.62,Saludable
2144,4116,48.2,Baja,2979.67,0.72,En riesgo
2145,3525,15.2,Media,1212.45,0.34,Saludable
2146,3761,20.7,Media,1724.6,0.46,En observación
2147,3101,38.4,Baja,3366.22,1.09,En observación
2148,2451,26.9,Alta,2480.09,1.01,Saludable
2149,6404,32.0,Media,4692.34,0.73,En observación
2150,2846,45.7,Media,1587.12,0.56,En observación
2151,2924,18.6,Media,3554.05,1.22,En observación
2152,4420,47.1,Alta,2184.17,0.49,En observación
2153,800,18.5,Baja,533.9,0.67,En observación
2154,3828,27.5,Media,2862.73,0.75,Saludable
2155,1254,40.9,Baja,1097.08,0.87,En riesgo
2156,2315,40.4,Media,1618.03,0.7,En observación
2157,5033,33.2,Baja,3467.16,0.69,En riesgo
2158,4470,19.7,Alta,2284.15,0.51,Saludable
2159,5773,47.2,Alta,3173.89,0.55,Saludable
2160,5412,13.0,Alta,4555.14,0.84,Saludable
2161,5926,18.4,Baja,5664.1,0.96,En observación
2162,3878,0.4,Alta,1370.78,0.35,Saludable
2163,3870,13.1,Alta,2144.12,0.55,Saludable
2164,4344,27.9,Media,3868.06,0.89,En observación
2165,2966,54.7,Baja,2260.98,0.76,En riesgo
2166,6959,9.0,Baja,6216.87,0.89,En riesgo
2167,3013,42.9,Media,1727.16,0.57,En observación
2168,4077,42.0,Alta,3880.36,0.95,En observación
2169,3399,47.9,Media,2339.82,0.69,En observación
2170,3811,36.7,Alta,3148.77,0.83,Saludable
2171,1814,31.5,Baja,809.57,0.45,En observación
2172,4807,34.9,Alta,2635.18,0.55,En observación
2173,6556,32.2,Media,5519.47,0.84,En observación
2174,4296,28.2,Alta,3195.27,0.74,En observación
2175,7018,9.0,Media,5132.36,0.73,Saludable
2176,5888,21.2,Alta,2886.44,0.49,Saludable
2177,6116,40.0,Baja,4812.46,0.79,En riesgo
2178,5622,16.9,Baja,4103.32,0.73,En observación
2179,1748,25.1,Baja,1659.53,0.95,En riesgo
2180,4466,32.2,Alta,3770.19,0.84,Saludable
2181,3036,32.9,Media,2428.66,0.8,En observación
2182,3292,24.3,Baja,4279.6,1.3,En riesgo
2183,4120,26.5,Media,2755.38,0.67,En observación
2184,3939,1.8,Baja,1841.52,0.47,Saludable
2185,3811,26.4,Baja,3872.21,1.02,En observación
2186,2373,52.8,Baja,1835.76,0.77,En riesgo
2187,6577,19.6,Baja,4815.18,0.73,En observación
2188,800,25.3,Media,726.87,0.91,En observación
2189,4429,24.4,Media,2798.7,0.63,En observación
2190,2754,34.4,Alta,2146.47,0.78,En observación
2191,4957,10.6,Media,2658.14,0.54,Saludable
2192,3403,23.2,Alta,3174.36,0.93,En observación
2193,3579,41.7,Media,2442.6,0.68,En observación
2194,2318,39.9,Media,2336.75,1.01,En observación
2195,2985,47.1,Baja,2860.54,0.96,En riesgo
2196,2398,44.3,Alta,2309.37,0.96,En observación
2197,1694,33.4,Baja,1462.4,0.86,En observación
2198,4519,19.3,Media,1669.12,0.37,Saludable
2199,3595,25.9,Media,1946.52,0.54,Saludable
2200,2729,43.5,Baja,2663.82,0.98,En riesgo
2201,2276,12.7,Alta,1910.46,0.84,En observación
2202,4100,0.0,Media,2435.24,0.59,Saludable
2203,4231,41.5,Media,3283.11,0.78,En observación
2204,3627,40.3,Baja,2924.51,0.81,En riesgo
2205,3097,31.2,Media,2592.89,0.84,En observación
2206,4071,50.1,Media,3247.56,0.8,En observación
2207,4825,9.5,Media,2679.54,0.56,Saludable
2208,4275,11.3,Alta,2911.67,0.68,Saludable
2209,2770,44.2,Media,2429.76,0.88,En observación
2210,2681,9.8,Media,2696.1,1.01,En observación
2211,2440,40.8,Media,1799.16,0.74,En observación
2212,4153,18.9,Baja,2857.78,0.69,En observación
2213,2751,40.0,Media,2988.77,1.09,En observación
2214,1002,0.0,Alta,724.36,0.72,Saludable
2215,3812,32.0,Media,1758.94,0.46,Saludable
2216,3944,32.0,Media,2655.7,0.67,Saludable
2217,4207,49.1,Alta,3365.75,0.8,En observación
2218,3567,9.5,Media,3354.52,0.94,En observación
2219,848,25.5,Baja,706.72,0.83,En observación
2220,3086,11.6,Alta,2629.2,0.85,Saludable
2221,800,24.4,Media,741.29,0.93,En observación
2222,6107,36.4,Baja,4952.63,0.81,En observación
2223,3398,26.0,Media,2363.62,0.7,En observación
2224,2096,13.9,Alta,1148.24,0.55,En observación
2225,4296,34.6,Baja,2404.25,0.56,En observación
2226,3325,33.2,Alta,1909.24,0.57,Saludable
2227,2864,18.5,Media,2526.45,0.88,Saludable
2228,4347,40.3,Media,2571.96,0.59,En observación
2229,3165,34.2,Baja,2286.67,0.72,En observación
2230,6144,22.4,Baja,2711.15,0.44,En observación
2231,6025,35.9,Media,3339.09,0.55,En observación
2232,1822,39.6,Alta,923.33,0.51,Saludable
2233,1993,31.9,Media,1363.33,0.68,En observación
2234,3534,15.2,Media,3049.27,0.86,En observación
2235,2017,63.6,Media,1685.72,0.84,En observación
2236,5623,57.6,Alta,4070.14,0.72,En observación
2237,2018,27.8,Alta,1441.19,0.71,Saludable
2238,3999,38.4,Media,3170.31,0.79,En observación
2239,2092,21.8,Baja,1462.72,0.7,En observación
2240,1756,24.6,Alta,1618.23,0.92,En observación
2241,4191,27.9,Media,3336.96,0.8,En observación
2242,4501,6.8,Media,3081.4,0.68,Saludable
2243,4301,52.4,Media,2923.03,0.68,En riesgo
2244,2511,49.9,Baja,2252.73,0.9,En observación
2245,3961,29.2,Alta,3416.78,0.86,En observación
2246,3039,50.5,Media,2225.25,0.73,En observación
2247,3162,55.0,Alta,1985.42,0.63,En observación
2248,5787,23.3,Media,6008.03,1.04,En observación
2249,3268,2.8,Media,2439.64,0.75,Saludable
2250,5251,53.8,Alta,3290.81,0.63,En observación
2251,4648,46.1,Baja,3903.22,0.84,En observación
2252,3267,12.7,Baja,2331.11,0.71,En observación
2253,3958,47.2,Alta,3211.98,0.81,Saludable
2254,800,32.2,Alta,569.19,0.71,Saludable
2255,949,19.0,Media,678.53,0.71,En observación
2256,3783,54.1,Media,2132.07,0.56,En observación
2257,3571,40.4,Alta,2397.67,0.67,En observación
2258,3943,19.8,Alta,2948.72,0.75,Saludable
2259,4234,12.3,Alta,3153.13,0.74,Saludable
2260,3550,50.2,Baja,3157.1,0.89,En riesgo
2261,3825,34.4,Baja,3146.42,0.82,En observación
2262,3048,7.7,Baja,2987.32,0.98,En observación
2263,3210,43.5,Alta,2651.52,0.83,Saludable
2264,3394,25.0,Alta,1479.73,0.44,Saludable
2265,3225,28.3,Media,1558.31,0.48,En observación
2266,3347,30.6,Baja,2751.62,0.82,En observación
2267,4185,24.5,Baja,2463.35,0.59,En observación
2268,5738,40.9,Baja,5256.79,0.92,En observación
2269,1104,52.4,Baja,1236.27,1.12,En riesgo
2270,2996,12.7,Alta,1672.3,0.56,Saludable
2271,3339,54.1,Media,2419.11,0.72,En observación
2272,5563,23.9,Media,6210.51,1.12,En riesgo
2273,3303,21.3,Media,2891.79,0.88,En observación
2274,1765,49.2,Alta,1710.22,0.97,En observación
2275,1606,11.6,Baja,1235.5,0.77,En observación
2276,2988,45.3,Alta,2635.33,0.88,En observación
2277,2014,24.9,Baja,1785.65,0.89,En riesgo
2278,5799,36.3,Alta,6278.34,1.08,En observación
2279,5093,25.1,Media,3832.85,0.75,En observación
2280,5919,40.9,Media,4350.64,0.74,En observación
2281,800,8.7,Media,698.16,0.87,En observación
2282,4408,31.0,Media,3759.01,0.85,En observación
2283,4356,44.9,Baja,4224.01,0.97,En riesgo
2284,3866,34.1,Alta,1839.55,0.48,Saludable
2285,3210,45.8,Baja,2054.46,0.64,En riesgo
2286,3498,27.3,Alta,2780.21,0.79,Saludable
2287,2856,4.4,Media,2014.53,0.71,Saludable
2288,2726,36.3,Media,2367.68,0.87,En observación
2289,4993,38.6,Media,3479.57,0.7,En observación
2290,3969,38.6,Alta,3975.4,1.0,En observación
2291,2688,28.5,Media,2340.67,0.87,En observación
2292,4908,29.0,Baja,2573.15,0.52,En observación
2293,3909,35.1,Baja,2158.7,0.55,En observación
2294,4447,12.7,Baja,4219.76,0.95,En observación
2295,5386,22.0,Alta,3044.21,0.57,Saludable
2296,3357,24.2,Baja,2387.23,0.71,En observación
2297,3243,29.0,Media,1434.51,0.44,En observación
2298,3366,54.2,Alta,1955.24,0.58,Saludable
2299,4427,35.2,Media,2516.67,0.57,Saludable
2300,5806,51.2,Alta,1754.91,0.3,Saludable
2301,5996,22.9,Baja,3967.49,0.66,En observación
2302,1819,4.4,Media,1708.88,0.94,Saludable
2303,3871,43.3,Media,1892.06,0.49,Saludable
2304,5320,38.0,Alta,3398.89,0.64,En observación
2305,5310,34.0,Media,3122.13,0.59,En observación
2306,3930,27.2,Baja,3611.72,0.92,En observación
2307,1259,32.7,Alta,832.86,0.66,Saludable
2308,848,30.3,Media,627.95,0.74,En observación
2309,3603,28.0,Alta,3465.58,0.96,Saludable
2310,4305,4.9,Media,2579.1,0.6,Saludable
2311,4673,29.0,Baja,3493.39,0.75,En observación
2312,3050,18.5,Baja,2498.02,0.82,En observación
2313,5495,4.9,Baja,3323.52,0.6,En observación
2314,2847,10.3,Baja,2247.52,0.79,En observación
2315,2246,13.6,Media,2803.7,1.25,En observación
2316,800,52.4,Baja,687.99,0.86,En riesgo
2317,2100,40.1,Alta,1481.66,0.71,Saludable
2318,6181,23.5,Media,6299.69,1.02,En riesgo
2319,1998,45.5,Baja,1264.22,0.63,En observación
2320,2863,36.0,Alta,1908.78,0.67,Saludable
2321,5215,31.6,Media,3119.65,0.6,En observación
2322,3797,0.0,Alta,3140.51,0.83,Saludable
2323,3530,43.4,Media,2220.26,0.63,En observación
2324,1150,36.1,Alta,1266.78,1.1,En observación
2325,2360,19.3,Baja,1825.22,0.77,En observación
2326,4132,42.7,Alta,3496.43,0.85,Saludable
2327,4993,44.1,Alta,4490.85,0.9,En observación
2328,3830,45.5,Media,4198.57,1.1,En observación
2329,5117,28.7,Media,3718.31,0.73,Saludable
2330,3073,15.0,Baja,2048.17,0.67,En observación
2331,2827,23.9,Alta,2169.48,0.77,Saludable
2332,1332,35.4,Alta,807.81,0.61,En observación
2333,3838,39.1,Alta,3853.06,1.0,En observación
2334,2638,43.1,Alta,2220.44,0.84,En observación
2335,5587,26.8,Baja,4223.21,0.76,En observación
2336,2098,31.2,Media,2100.97,1.0,En observación
2337,3547,27.6,Alta,2871.5,0.81,En observación
2338,4414,25.0,Baja,3568.55,0.81,En observación
2339,1989,32.5,Baja,717.96,0.36,En observación
2340,4491,41.2,Baja,3048.9,0.68,En observación
2341,5636,51.2,Baja,4197.4,0.74,En riesgo
2342,5166,7.5,Baja,3574.08,0.69,En observación
2343,4963,35.5,Media,2377.03,0.48,En observación
2344,2615,35.0,Baja,1580.29,0.6,En observación
2345,800,48.3,Media,542.43,0.68,En observación
2346,3497,14.0,Alta,1830.22,0.52,Saludable
2347,2415,35.5,Alta,1465.35,0.61,En observación
2348,5041,42.1,Media,3672.17,0.73,En riesgo
2349,3173,29.5,Media,2476.83,0.78,En observación
2350,4455,22.9,Alta,2913.84,0.65,Saludable
2351,4573,24.1,Baja,2123.27,0.46,En observación
2352,4435,57.1,Alta,2369.92,0.53,Saludable
2353,2916,50.3,Baja,2168.66,0.74,En observación
2354,4338,23.9,Baja,2297.45,0.53,En observación
2355,6101,35.8,Media,4694.09,0.77,En observación
2356,3938,34.2,Media,3160.6,0.8,En observación
2357,4803,30.3,Alta,2756.78,0.57,Saludable
2358,800,60.4,Alta,724.24,0.91,En observación
2359,3077,20.4,Media,3162.11,1.03,En observación
2360,3672,28.4,Alta,3300.51,0.9,En observación
2361,863,26.2,Media,496.23,0.58,En observación
2362,5651,3.9,Media,3424.28,0.61,Saludable
2363,2928,41.1,Alta,2104.54,0.72,En observación
2364,2561,33.4,Baja,2279.3,0.89,En observación
2365,4672,30.8,Baja,4383.19,0.94,En observación
2366,4072,29.4,Media,2983.48,0.73,En observación
2367,4305,11.3,Alta,4339.67,1.01,Saludable
2368,2473,28.6,Baja,2038.31,0.82,En riesgo
2369,800,22.4,Media,293.74,0.37,Saludable
2370,3908,53.9,Media,3015.86,0.77,En riesgo
2371,4376,23.5,Alta,2172.19,0.5,Saludable
2372,1262,49.4,Alta,909.69,0.72,En observación
2373,2780,34.0,Media,2189.76,0.79,En observación
2374,2851,35.9,Baja,1662.96,0.58,En observación
2375,5364,40.9,Alta,4086.62,0.76,En observación
2376,3098,49.8,Alta,2421.41,0.78,Saludable
2377,6272,44.9,Alta,4567.37,0.73,En observación
2378,2894,42.4,Baja,924.94,0.32,En observación
2379,4969,26.3,Baja,3912.38,0.79,En observación
2380,6272,47.9,Media,4477.43,0.71,En observación
2381,5044,59.7,Alta,4648.94,0.92,En riesgo
2382,2116,17.7,Baja,1134.16,0.54,En observación
2383,3763,27.7,Baja,3370.39,0.9,En riesgo
2384,1212,21.0,Alta,1087.92,0.9,Saludable
2385,2303,45.3,Baja,1192.7,0.52,En observación
2386,3993,21.4,Media,3557.64,0.89,En observación
2387,5613,28.1,Baja,4887.96,0.87,En riesgo
2388,2559,0.0,Baja,2085.42,0.81,En observación
2389,4334,26.6,Media,2914.71,0.67,En observación
2390,1291,41.0,Alta,834.72,0.65,Saludable
2391,3024,17.9,Baja,2578.93,0.85,En riesgo
2392,4205,31.6,Media,2407.11,0.57,En observación
2393,6735,24.3,Alta,4595.45,0.68,Saludable
2394,2766,0.0,Media,2276.16,0.82,Saludable
2395,1085,41.3,Baja,602.43,0.56,En observación
2396,5700,8.9,Media,2702.55,0.47,Saludable
2397,5224,6.4,Baja,4301.36,0.82,En observación
2398,800,42.0,Alta,726.23,0.91,En observación
2399,5379,47.0,Alta,4134.09,0.77,En observación
2400,2041,29.4,Media,1740.07,0.85,En observación
2401,800,49.0,Baja,627.39,0.78,En riesgo
2402,4786,52.9,Alta,1196.5,0.25,Saludable
2403,1360,37.5,Media,1051.32,0.77,En observación
2404,2751,1.9,Alta,1840.24,0.67,Saludable
2405,5023,12.4,Alta,4695.86,0.93,Saludable
2406,4044,22.4,Baja,3165.61,0.78,En observación
2407,1659,19.8,Alta,1299.48,0.78,En observación
2408,2205,60.6,Alta,2449.31,1.11,En observación
2409,3053,19.6,Baja,2252.27,0.74,En observación
2410,3386,52.5,Alta,2167.06,0.64,En observación
2411,948,35.6,Alta,756.13,0.8,En observación
2412,3175,25.6,Baja,2668.09,0.84,En observación
2413,3972,33.2,Baja,3782.21,0.95,En riesgo
2414,3789,52.8,Alta,3128.38,0.83,En observación
2415,4410,2.4,Alta,4343.28,0.98,Saludable
2416,3422,34.2,Alta,2354.0,0.69,En observación
2417,2612,49.1,Alta,1905.6,0.73,En observación
2418,2113,34.0,Media,1655.91,0.78,En observación
2419,1959,6.0,Alta,1689.85,0.86,En observación
2420,1960,53.8,Baja,1570.16,0.8,En riesgo
2421,2904,9.2,Baja,2694.31,0.93,En observación
2422,2330,44.9,Baja,957.78,0.41,En observación
2423,3473,34.4,Baja,2907.78,0.84,En observación
2424,7296,26.6,Alta,5168.91,0.71,Saludable
2425,3686,39.2,Alta,3563.05,0.97,Saludable
2426,3131,36.7,Media,2679.1,0.86,En observación
2427,4314,17.9,Alta,4445.24,1.03,En observación
2428,1483,13.9,Baja,832.78,0.56,En observación
2429,1573,25.0,Alta,1308.5,0.83,Saludable
2430,3888,14.0,Media,3332.3,0.86,En observación
2431,3013,33.6,Alta,2315.65,0.77,En observación
2432,2374,25.5,Alta,1781.43,0.75,Saludable
2433,2806,35.8,Baja,1459.29,0.52,En observación
2434,5404,11.3,Media,5373.58,0.99,En observación
2435,4128,22.6,Alta,3781.86,0.92,En observación
2436,2279,12.5,Alta,1110.2,0.49,Saludable
2437,4359,39.8,Media,3176.68,0.73,En observación
2438,2477,47.3,Alta,1641.67,0.66,En observación
2439,1887,35.0,Media,1259.79,0.67,En observación
2440,4660,22.6,Media,3388.75,0.73,En observación
2441,1371,17.1,Baja,1077.17,0.79,En observación
2442,3723,25.5,Alta,3417.54,0.92,En observación
2443,4555,3.4,Media,1138.75,0.25,Saludable
2444,1363,26.8,Media,948.13,0.7,En observación
2445,4100,32.5,Media,3692.7,0.9,En observación
2446,2813,46.1,Baja,1547.84,0.55,En observación
2447,1179,33.1,Alta,925.21,0.78,En observación
2448,1153,21.0,Baja,1035.49,0.9,En observación
2449,3770,15.7,Baja,2426.57,0.64,En observación
2450,3423,35.6,Media,2496.28,0.73,En observación
2451,4901,37.5,Media,5709.74,1.17,En observación
2452,4734,10.3,Media,3684.58,0.78,En observación
2453,800,26.9,Media,518.9,0.65,Saludable
2454,4078,46.8,Baja,2960.67,0.73,En riesgo
2455,3671,30.0,Media,2033.43,0.55,En observación
2456,3943,35.9,Alta,2384.84,0.6,Saludable
2457,3236,7.0,Baja,1443.75,0.45,Saludable
2458,4284,20.2,Media,2427.38,0.57,Saludable
2459,2817,24.7,Alta,3210.8,1.14,En observación
2460,5037,47.5,Media,2872.16,0.57,En observación
2461,1840,50.0,Alta,1198.77,0.65,Saludable
2462,2854,26.4,Media,2278.39,0.8,En observación
2463,2258,40.3,Media,1433.71,0.63,En observación
2464,4530,20.4,Baja,2933.25,0.65,En observación
2465,2213,24.2,Media,1881.12,0.85,En riesgo
2466,4408,37.1,Alta,3727.16,0.85,Saludable
2467,3673,29.6,Alta,2967.36,0.81,En observación
2468,4070,25.3,Baja,3095.44,0.76,En observación
2469,3020,50.9,Media,2438.3,0.81,En observación
2470,6344,9.6,Baja,3491.09,0.55,En observación
2471,3569,26.4,Media,1906.36,0.53,En observación
2472,4317,13.6,Baja,3128.75,0.72,En observación
2473,3884,13.2,Media,3788.26,0.98,En observación
2474,2955,26.8,Media,2143.69,0.73,En observación
2475,2835,25.9,Baja,2949.3,1.04,En riesgo
2476,4902,35.5,Baja,2690.62,0.55,En observación
2477,4956,11.1,Baja,4284.86,0.86,En riesgo
2478,5093,51.2,Baja,4019.91,0.79,En riesgo
2479,2423,41.9,Media,2102.65,0.87,En observación
2480,5474,21.9,Media,3921.19,0.72,En observación
2481,1956,33.4,Alta,861.8,0.44,Saludable
2482,3570,22.2,Media,2141.33,0.6,Saludable
2483,4532,38.2,Baja,2823.45,0.62,En observación
2484,4485,19.2,Baja,3412.12,0.76,En observación
2485,3968,42.9,Media,2073.94,0.52,Saludable
2486,2649,57.0,Alta,2950.96,1.11,En riesgo
2487,3211,3.3,Alta,1054.02,0.33,Saludable
2488,3203,49.5,Media,2902.57,0.91,En observación
2489,2165,15.6,Baja,1722.78,0.8,En observación
2490,4088,14.5,Baja,3544.79,0.87,En observación
2491,1894,18.2,Media,1655.22,0.87,En observación
2492,5884,37.5,Alta,3897.6,0.66,Saludable
2493,3595,19.1,Media,2105.71,0.59,En observación
2494,4768,39.1,Media,4876.51,1.02,En observación
2495,6011,16.5,Media,3412.54,0.57,Saludable
2496,2831,22.4,Media,2391.26,0.84,En observación
2497,1711,24.1,Baja,1168.85,0.68,Saludable
2498,2029,18.4,Baja,2045.34,1.01,En observación
2499,4493,7.5,Media,4335.56,0.96,En observación
2500,800,19.4,Alta,671.39,0.84,En observación
2501,2482,25.4,Media,1594.61,0.64,En observación
2502,5296,18.4,Baja,4926.06,0.93,En observación
2503,2229,42.3,Baja,2041.65,0.92,En riesgo
2504,1526,23.0,Alta,1370.56,0.9,En observación
2505,1889,36.9,Media,1173.7,0.62,En observación
2506,5817,39.1,Baja,5787.81,0.99,En riesgo
2507,4648,52.2,Baja,3691.39,0.79,En riesgo
2508,943,28.8,Media,847.02,0.9,En observación
2509,4257,21.9,Media,1677.99,0.39,Saludable
2510,3043,25.3,Alta,2621.06,0.86,En observación
2511,3685,26.7,Alta,2591.81,0.7,Saludable
2512,2258,31.8,Alta,1876.73,0.83,En observación
2513,4186,36.5,Media,1804.41,0.43,En observación
2514,2493,13.6,Media,1374.14,0.55,Saludable
2515,3166,4.8,Alta,2646.92,0.84,Saludable
2516,3710,33.6,Baja,3373.89,0.91,En riesgo
2517,1453,29.2,Baja,1017.48,0.7,En observación
2518,3824,24.7,Media,2564.52,0.67,Saludable
2519,4982,36.9,Baja,4559.52,0.92,En observación
2520,2515,13.8,Media,2048.73,0.81,Saludable
2521,6273,10.4,Alta,5013.75,0.8,En observación
2522,4399,32.6,Media,2532.39,0.58,Saludable
2523,4655,52.6,Media,3123.54,0.67,En observación
2524,800,15.3,Media,583.63,0.73,En observación
2525,4510,34.6,Baja,3057.68,0.68,En observación
2526,5608,33.0,Media,2083.55,0.37,Saludable
2527,2213,21.8,Baja,1883.98,0.85,En observación
2528,3385,49.7,Alta,2114.4,0.62,En observación
2529,2493,31.3,Alta,1743.56,0.7,Saludable
2530,4167,36.5,Baja,2560.37,0.61,En observación
2531,7255,22.7,Media,6354.35,0.88,Saludable
2532,3081,28.1,Alta,2572.96,0.84,Saludable
2533,3749,12.8,Media,3030.62,0.81,Saludable
2534,2217,25.9,Baja,1242.81,0.56,En observación
2535,1710,2.5,Media,1595.83,0.93,Saludable
2536,3232,41.3,Alta,2066.25,0.64,Saludable
2537,3839,46.8,Media,2071.23,0.54,En observación
2538,901,24.1,Alta,681.3,0.76,Saludable
2539,2815,8.9,Media,2150.31,0.76,En observación
2540,1854,20.7,Alta,1558.21,0.84,En observación
2541,1260,27.5,Alta,1009.21,0.8,Saludable
2542,800,37.5,Alta,818.78,1.02,En observación
2543,1953,22.3,Baja,2086.95,1.07,En riesgo
2544,4460,35.3,Baja,2814.24,0.63,En observación
2545,3383,38.2,Baja,3456.09,1.02,En riesgo
2546,1371,33.4,Media,1210.07,0.88,En observación
2547,2556,73.7,Media,1329.44,0.52,En observación
2548,3850,61.8,Media,2308.02,0.6,En observación
2549,5116,29.7,Alta,3528.87,0.69,En observación
2550,3909,45.5,Media,3840.45,0.98,En riesgo
2551,3938,33.2,Baja,3300.22,0.84,En observación
2552,3499,47.9,Baja,3579.13,1.02,En observación
2553,3515,19.7,Alta,2439.5,0.69,Saludable
2554,4504,28.3,Alta,1826.82,0.41,Saludable
2555,4845,0.0,Media,4669.31,0.96,En observación
2556,5474,27.0,Alta,2074.36,0.38,Saludable
2557,5412,43.9,Baja,3413.43,0.63,En observación
2558,2701,17.7,Baja,2490.24,0.92,En observación
2559,2159,13.4,Baja,1040.11,0.48,En observación
2560,5242,27.2,Baja,2510.74,0.48,En observación
2561,6029,20.3,Alta,4002.41,0.66,Saludable
2562,5933,22.2,Media,3026.77,0.51,En observación
2563,4699,30.1,Media,3052.17,0.65,En observación
2564,4292,18.5,Alta,3256.93,0.76,Saludable
2565,4529,26.1,Media,3041.55,0.67,En observación
2566,3560,43.4,Baja,3048.77,0.86,En riesgo
2567,4646,36.0,Alta,3127.74,0.67,Saludable
2568,3278,37.6,Alta,2241.94,0.68,Saludable
2569,6453,44.1,Baja,3956.28,0.61,En riesgo
2570,3678,35.9,Media,2849.43,0.77,En observación
2571,4018,29.1,Alta,3767.25,0.94,En observación
2572,3682,34.7,Media,2699.46,0.73,En observación
2573,2620,18.7,Baja,1494.07,0.57,Saludable
2574,2180,27.4,Media,1675.46,0.77,En observación
2575,800,53.6,Alta,756.45,0.95,En observación
2576,6361,15.3,Alta,6932.04,1.09,Saludable
2577,3858,10.9,Media,2903.7,0.75,En observación
2578,3268,40.7,Alta,2509.24,0.77,Saludable
2579,2650,42.2,Media,1675.67,0.63,En observación
2580,5334,5.0,Alta,5088.25,0.95,En observación
2581,3878,39.0,Alta,3632.37,0.94,En observación
2582,3773,10.3,Alta,2923.9,0.77,Saludable
2583,4274,46.0,Media,2609.43,0.61,En observación
2584,6343,27.7,Alta,4985.64,0.79,Saludable
2585,2267,54.4,Alta,1484.92,0.66,Saludable
2586,2824,0.0,Media,1786.94,0.63,Saludable
2587,4426,19.9,Media,4026.8,0.91,En observación
2588,4672,26.8,Baja,3622.67,0.78,En observación
2589,3299,17.1,Media,2886.55,0.87,En riesgo
2590,4250,0.1,Media,2911.16,0.68,Saludable
2591,3631,19.0,Alta,2883.57,0.79,Saludable
2592,2083,39.7,Baja,1181.44,0.57,En observación
2593,1446,56.5,Media,882.97,0.61,En observación
2594,3996,21.5,Alta,3100.15,0.78,En observación
2595,4941,41.9,Media,3552.95,0.72,En observación
2596,7024,44.2,Alta,4102.52,0.58,En observación
2597,2997,28.0,Alta,1584.49,0.53,Saludable
2598,6217,38.7,Alta,1874.99,0.3,Saludable
2599,5134,24.6,Baja,4513.34,0.88,En observación
2600,2795,52.5,Alta,1959.54,0.7,Saludable
2601,3405,28.8,Media,3288.23,0.97,En observación
2602,2868,45.7,Media,2213.36,0.77,En observación
2603,5232,32.9,Alta,3926.76,0.75,En observación
2604,1894,22.1,Alta,1421.72,0.75,Saludable
2605,5409,33.3,Alta,4889.1,0.9,En observación
2606,5084,36.0,Baja,3825.28,0.75,En observación
2607,2068,37.6,Alta,1536.03,0.74,Saludable
2608,5160,11.2,Baja,3477.59,0.67,En observación
2609,3973,29.3,Alta,3159.25,0.8,En observación
2610,1225,24.8,Media,1275.19,1.04,En observación
2611,3023,21.9,Baja,2219.9,0.73,En observación
2612,4230,33.0,Alta,3761.48,0.89,Saludable
2613,2989,26.6,Alta,2486.9,0.83,Saludable
2614,4873,47.8,Alta,2787.37,0.57,Saludable
2615,2702,69.5,Alta,1817.41,0.67,En riesgo
2616,1600,15.2,Media,1002.26,0.63,Saludable
2617,3098,19.4,Baja,1866.6,0.6,En observación
2618,5336,44.2,Alta,4505.29,0.84,En observación
2619,2754,15.7,Baja,2245.44,0.82,En observación
2620,2009,47.3,Baja,2194.06,1.09,En riesgo
2621,5160,26.3,Alta,2627.57,0.51,Saludable
2622,4354,31.1,Alta,3075.55,0.71,En observación
2623,2021,18.4,Baja,1149.02,0.57,En observación
2624,1868,19.7,Baja,1163.7,0.62,En observación
2625,1269,31.3,Baja,1236.66,0.97,En riesgo
2626,5812,50.0,Media,5172.64,0.89,En observación
2627,3534,41.5,Media,2401.35,0.68,Saludable
2628,4238,13.0,Media,2444.54,0.58,Saludable
2629,3357,8.8,Baja,2617.75,0.78,En observación
2630,1807,49.1,Media,847.79,0.47,En riesgo
2631,2883,32.2,Alta,1180.4,0.41,Saludable
2632,3843,28.7,Baja,2492.74,0.65,En observación
2633,5196,30.5,Media,5338.03,1.03,En observación
2634,2848,42.2,Alta,1304.0,0.46,Saludable
2635,5146,12.4,Alta,2174.55,0.42,Saludable
2636,1409,32.8,Media,1074.27,0.76,Saludable
2637,3099,36.7,Alta,2521.89,0.81,En observación
2638,2919,40.7,Alta,1827.06,0.63,Saludable
2639,1553,8.1,Baja,1446.97,0.93,En observación
2640,3911,26.0,Alta,2860.99,0.73,En observación
2641,2842,39.2,Baja,2150.72,0.76,En observación
2642,6950,8.4,Alta,6825.2,0.98,En observación
2643,2781,54.4,Baja,1160.62,0.42,En observación
2644,1687,36.2,Alta,927.26,0.55,Saludable
2645,3220,22.8,Media,2640.26,0.82,En observación
2646,1867,72.0,Alta,1236.53,0.66,Saludable
2647,2237,11.0,Media,2010.41,0.9,En observación
2648,4098,24.4,Alta,2867.44,0.7,Saludable
2649,3378,42.5,Media,2737.85,0.81,En observación
2650,4249,43.3,Media,3407.13,0.8,En observación
2651,5283,20.0,Baja,3148.49,0.6,Saludable
2652,3774,2.2,Media,3144.45,0.83,Saludable
2653,5202,19.9,Alta,3711.12,0.71,En observación
2654,5575,19.8,Media,4363.67,0.78,En observación
2655,4060,26.1,Alta,3981.43,0.98,Saludable
2656,2868,36.7,Media,2387.04,0.83,En riesgo
2657,5297,25.7,Alta,5212.13,0.98,Saludable
2658,4896,57.2,Alta,4742.71,0.97,En observación
2659,3002,7.1,Alta,2419.3,0.81,Saludable
2660,2310,12.1,Alta,1541.07,0.67,Saludable
2661,3910,21.0,Alta,3685.06,0.94,En observación
2662,2318,33.4,Media,2557.77,1.1,En riesgo
2663,2956,7.1,Alta,2100.26,0.71,Saludable
2664,2919,5.0,Media,1742.35,0.6,En observación
2665,5651,16.7,Baja,4922.56,0.87,En observación
2666,5606,33.7,Baja,5162.76,0.92,En observación
2667,4516,29.9,Media,4079.52,0.9,En observación
2668,3599,21.0,Alta,3204.35,0.89,Saludable
2669,2191,16.2,Media,1060.69,0.48,Saludable
2670,5154,32.7,Baja,3374.02,0.65,En observación
2671,2251,31.4,Media,1615.47,0.72,En observación
2672,1134,17.2,Media,516.1,0.46,Saludable
2673,5317,22.4,Alta,3498.99,0.66,En observación
2674,5103,28.7,Baja,4456.19,0.87,En observación
2675,5567,62.2,Alta,4697.54,0.84,Saludable
2676,2663,39.2,Alta,1795.22,0.67,En observación
2677,4382,19.4,Media,3311.95,0.76,Saludable
2678,3226,21.7,Media,3101.66,0.96,En riesgo
2679,1353,1.2,Media,955.04,0.71,Saludable
2680,3569,41.2,Media,3636.62,1.02,En observación
2681,3210,0.3,Alta,2422.63,0.75,Saludable
2682,4458,19.4,Alta,2994.4,0.67,Saludable
2683,800,13.4,Media,373.87,0.47,Saludable
2684,2723,21.9,Media,1559.75,0.57,Saludable
2685,5762,15.0,Baja,3893.75,0.68,Saludable
2686,4958,32.2,Alta,2981.02,0.6,Saludable
2687,6017,28.9,Alta,4315.92,0.72,Saludable
2688,800,27.6,Alta,646.87,0.81,En observación
2689,800,13.1,Media,516.37,0.65,Saludable
2690,3282,28.2,Media,2702.59,0.82,En observación
2691,4901,36.5,Media,3393.6,0.69,En observación
2692,5835,44.0,Baja,1458.75,0.25,En observación
2693,4692,60.1,Media,4564.11,0.97,En riesgo
2694,4818,50.2,Baja,5342.88,1.11,En riesgo
2695,1142,25.4,Media,936.66,0.82,En observación
2696,1630,5.5,Alta,1005.04,0.62,Saludable
2697,5871,43.7,Baja,5520.72,0.94,En riesgo
2698,887,23.2,Media,623.94,0.7,En observación
2699,3582,36.6,Media,3236.49,0.9,En observación
2700,800,22.8,Alta,606.29,0.76,En observación
2701,2648,37.7,Media,2124.27,0.8,En observación
2702,4896,20.1,Alta,3165.1,0.65,Saludable
2703,2540,37.6,Media,1578.93,0.62,En observación
2704,3350,33.2,Baja,2235.28,0.67,En observación
2705,3644,33.0,Baja,2730.24,0.75,En riesgo
2706,2014,29.0,Alta,940.03,0.47,Saludable
2707,1827,25.8,Media,1247.89,0.68,En observación
2708,2671,21.1,Alta,2693.58,1.01,En observación
2709,2658,26.2,Alta,2780.7,1.05,En observación
2710,2466,19.7,Media,1605.75,0.65,Saludable
2711,1581,13.1,Baja,949.74,0.6,En observación
2712,2928,26.9,Baja,2865.39,0.98,En riesgo
2713,3077,20.5,Alta,1828.98,0.59,Saludable
2714,3193,24.2,Alta,1927.1,0.6,Saludable
2715,3980,10.3,Alta,3697.72,0.93,Saludable
2716,3276,9.9,Baja,2449.71,0.75,En observación
2717,3425,52.1,Baja,2678.3,0.78,En observación
2718,2433,38.9,Baja,2393.5,0.98,En riesgo
2719,4533,39.1,Alta,4557.62,1.01,Saludable
2720,4501,44.8,Alta,2291.14,0.51,Saludable
2721,2224,19.1,Baja,1475.16,0.66,En observación
2722,4799,46.2,Alta,2875.52,0.6,Saludable
2723,5474,39.7,Baja,4187.15,0.76,En riesgo
2724,3455,37.9,Baja,2382.25,0.69,En observación
2725,1234,19.7,Baja,775.12,0.63,En observación
2726,2110,22.0,Media,1007.33,0.48,En observación
2727,3376,4.4,Media,2024.69,0.6,Saludable
2728,2685,19.5,Alta,1977.7,0.74,Saludable
2729,1345,38.3,Media,815.0,0.61,En observación
2730,3447,22.1,Baja,1950.11,0.57,En observación
2731,5938,9.6,Alta,6262.31,1.05,Saludable
2732,3553,13.7,Baja,2171.49,0.61,En observación
2733,1931,26.9,Baja,1306.78,0.68,En riesgo
2734,1751,31.5,Alta,1391.37,0.79,Saludable
2735,4530,24.0,Baja,1365.21,0.3,En observación
2736,1825,14.3,Media,1594.73,0.87,En observación
2737,4877,48.2,Alta,3091.59,0.63,En observación
2738,2367,63.5,Media,1480.01,0.63,En riesgo
2739,4766,34.7,Media,2999.25,0.63,En observación
2740,800,33.4,Alta,650.34,0.81,En observación
2741,800,11.0,Baja,492.27,0.62,En observación
2742,3934,27.4,Media,3400.33,0.86,En observación
2743,4415,37.1,Media,3611.29,0.82,En observación
2744,6246,37.4,Media,3595.82,0.58,En observación
2745,4629,21.2,Alta,4379.35,0.95,En observación
2746,800,34.5,Baja,541.53,0.68,En observación
2747,4916,32.9,Baja,5160.55,1.05,En riesgo
2748,4437,42.1,Alta,3250.0,0.73,En observación
2749,2608,23.7,Alta,1339.87,0.51,Saludable
2750,3988,47.7,Baja,3558.91,0.89,En riesgo
2751,1733,36.5,Alta,1646.24,0.95,En observación
2752,5127,26.8,Alta,3414.63,0.67,Saludable
2753,3416,28.8,Alta,2689.08,0.79,Saludable
2754,3300,18.3,Baja,3034.32,0.92,En observación
2755,3238,18.8,Baja,1652.21,0.51,En observación
2756,4332,5.6,Media,3844.07,0.89,En observación
2757,3687,54.0,Baja,2909.08,0.79,En observación
2758,4048,33.7,Baja,2596.41,0.64,En observación
2759,999,44.9,Media,591.35,0.59,En observación
2760,3329,36.5,Media,2594.98,0.78,En observación
2761,2741,13.0,Baja,1944.9,0.71,En observación
2762,3494,42.9,Alta,3535.83,1.01,En observación
2763,3220,62.6,Media,3252.14,1.01,En observación
2764,4081,30.0,Baja,3667.85,0.9,En observación
2765,2241,19.9,Baja,1450.05,0.65,En observación
2766,1728,20.7,Media,739.55,0.43,En observación
2767,5407,25.1,Alta,3765.27,0.7,Saludable
2768,5712,36.1,Alta,3566.82,0.62,Saludable
2769,1827,31.1,Baja,1154.74,0.63,En observación
2770,2671,14.1,Media,1437.36,0.54,En observación
2771,4833,56.0,Media,4094.47,0.85,En observación
2772,5485,29.5,Media,4331.79,0.79,En observación
2773,800,54.1,Alta,670.7,0.84,En observación
2774,3407,32.5,Alta,2188.96,0.64,En observación
2775,1539,32.8,Alta,1309.82,0.85,En observación
2776,4056,15.1,Media,2336.87,0.58,Saludable
2777,4518,1.9,Baja,3813.03,0.84,En observación
2778,3211,9.9,Alta,1916.03,0.6,Saludable
2779,3549,24.3,Media,2587.33,0.73,En observación
2780,4161,28.9,Media,3939.35,0.95,En observación
2781,4120,30.8,Baja,3577.47,0.87,En riesgo
2782,5091,43.5,Baja,2885.14,0.57,En observación
2783,2448,44.6,Media,1141.42,0.47,En observación
2784,4044,47.4,Baja,3164.27,0.78,En observación
2785,2061,12.3,Alta,1346.18,0.65,Saludable
2786,1752,52.1,Media,896.06,0.51,En observación
2787,5278,43.5,Alta,3299.39,0.63,En observación
2788,1584,43.7,Media,1166.91,0.74,En observación
2789,1664,0.0,Alta,936.94,0.56,Saludable
2790,2896,27.5,Baja,2513.73,0.87,En riesgo
2791,5488,15.4,Baja,2197.05,0.4,En observación
2792,6903,32.8,Alta,3598.62,0.52,En observación
2793,3338,28.3,Media,3040.93,0.91,En observación
2794,1721,25.1,Media,1495.56,0.87,En observación
2795,3893,44.0,Alta,2666.28,0.68,En observación
2796,800,23.3,Alta,710.0,0.89,Saludable
2797,2801,14.4,Baja,2606.63,0.93,En observación
2798,4738,4.1,Baja,3416.66,0.72,En observación
2799,3079,20.8,Alta,2117.43,0.69,En observación
2800,800,56.7,Alta,669.67,0.84,En observación
2801,4860,8.2,Media,3063.52,0.63,Saludable
2802,5548,29.3,Media,4610.44,0.83,En observación
2803,4230,55.2,Alta,3930.49,0.93,En observación
2804,4513,38.7,Media,3796.27,0.84,En riesgo
2805,5157,28.1,Baja,4463.58,0.87,En observación
2806,2115,26.0,Media,1557.21,0.74,Saludable
2807,4790,0.0,Alta,5933.22,1.24,En observación
2808,3108,30.1,Baja,2500.49,0.8,En observación
2809,3789,27.8,Baja,2777.45,0.73,En observación
2810,1530,30.6,Baja,1192.51,0.78,En observación
2811,3176,47.1,Media,2179.82,0.69,En observación
2812,5446,28.8,Media,4294.73,0.79,En observación
2813,5356,26.1,Baja,5254.26,0.98,En observación
2814,2211,40.2,Baja,1537.0,0.7,En riesgo
2815,800,30.1,Media,533.82,0.67,Saludable
2816,2670,21.4,Media,1979.44,0.74,Saludable
2817,3974,50.5,Baja,3181.45,0.8,En riesgo
2818,5142,48.5,Media,5587.43,1.09,En observación
2819,2422,41.8,Media,2125.28,0.88,En observación
2820,6334,30.2,Media,5236.37,0.83,En observación
2821,6703,25.0,Media,4655.38,0.69,En observación
2822,2533,19.1,Alta,1660.97,0.66,Saludable
2823,2322,59.2,Alta,2048.97,0.88,En observación
2824,5266,57.5,Alta,2270.4,0.43,Saludable
2825,2294,23.0,Baja,1596.39,0.7,En observación
2826,3829,30.5,Media,2373.56,0.62,Saludable
2827,2011,21.8,Alta,1418.81,0.71,Saludable
2828,2764,13.0,Media,2010.4,0.73,Saludable
2829,2227,10.4,Alta,1608.72,0.72,Saludable
2830,4860,36.1,Baja,3583.89,0.74,En observación
2831,4071,40.4,Baja,3157.81,0.78,En riesgo
2832,4189,43.7,Alta,3242.46,0.77,En observación
2833,2305,23.1,Baja,1873.7,0.81,En observación
2834,4261,46.5,Media,2102.83,0.49,Saludable
2835,3844,19.1,Media,4997.2,1.3,En riesgo
2836,3383,22.3,Baja,2244.86,0.66,En observación
2837,3668,23.1,Media,2570.65,0.7,En observación
2838,5577,33.8,Alta,2836.31,0.51,Saludable
2839,5831,50.5,Alta,5144.09,0.88,En observación
2840,3580,39.4,Alta,2246.31,0.63,En observación
2841,5494,21.2,Media,3268.6,0.59,En observación
2842,3160,39.7,Alta,2112.19,0.67,En observación
2843,1565,48.8,Baja,958.29,0.61,En observación
2844,3857,26.2,Alta,2122.39,0.55,Saludable
2845,3487,44.6,Media,2982.4,0.86,En observación
2846,4218,29.6,Media,2078.0,0.49,Saludable
2847,3195,27.6,Alta,2885.65,0.9,En observación
2848,4408,25.8,Baja,2210.54,0.5,En observación
2849,4288,0.0,Baja,2572.02,0.6,Saludable
2850,3678,17.9,Baja,2733.25,0.74,En observación
2851,3261,19.3,Media,2070.68,0.63,Saludable
2852,4070,38.6,Baja,2487.95,0.61,En riesgo
2853,3028,53.0,Media,1921.02,0.63,Saludable
2854,4103,33.7,Alta,3102.65,0.76,Saludable
2855,3448,22.3,Alta,2398.35,0.7,En observación
2856,3776,39.1,Media,2674.4,0.71,En observación
2857,1770,24.4,Media,442.5,0.25,Saludable
2858,3377,38.5,Alta,2369.43,0.7,En observación
2859,800,29.1,Alta,358.15,0.45,Saludable
2860,3219,49.1,Media,2629.33,0.82,En observación
2861,3471,19.3,Alta,2263.38,0.65,Saludable
2862,1422,38.9,Alta,967.06,0.68,En observación
2863,4942,4.9,Baja,3189.15,0.65,Saludable
2864,800,14.5,Baja,951.54,1.19,En riesgo
2865,6376,42.4,Alta,3930.6,0.62,Saludable
2866,4383,36.6,Alta,2831.76,0.65,Saludable
2867,8432,27.9,Baja,5829.61,0.69,En observación
2868,3136,31.8,Alta,3078.46,0.98,En observación
2869,1756,27.6,Media,1170.21,0.67,En observación
2870,5257,31.6,Alta,2732.73,0.52,Saludable
2871,3523,35.0,Alta,2404.69,0.68,Saludable
2872,2611,29.6,Media,838.4,0.32,Saludable
2873,2559,48.1,Baja,1544.39,0.6,En observación
2874,3840,49.5,Alta,3752.69,0.98,En observación
2875,2787,20.0,Baja,1969.32,0.71,En observación
2876,4330,36.3,Baja,3708.75,0.86,En riesgo
2877,6294,31.9,Alta,5966.1,0.95,En observación
2878,5278,45.9,Alta,4916.54,0.93,En observación
2879,2497,9.1,Baja,1854.75,0.74,En observación
2880,3035,41.8,Alta,2737.3,0.9,En observación
2881,5475,0.0,Alta,2901.23,0.53,Saludable
2882,2270,35.0,Baja,1821.01,0.8,En riesgo
2883,4394,15.7,Baja,2332.02,0.53,En observación
2884,2555,6.4,Media,2362.97,0.92,En observación
2885,5836,32.8,Alta,5034.53,0.86,En observación
2886,2538,46.7,Media,2029.31,0.8,En riesgo
2887,3779,49.4,Baja,2986.3,0.79,En observación
2888,5678,15.8,Alta,5539.18,0.98,En observación
2889,5264,47.0,Baja,4355.57,0.83,En riesgo
2890,4134,0.0,Alta,3188.55,0.77,Saludable
2891,3757,12.9,Alta,2016.41,0.54,Saludable
2892,5104,29.9,Media,3997.75,0.78,En observación
2893,4355,19.9,Baja,4045.24,0.93,En observación
2894,2870,30.3,Alta,1847.11,0.64,Saludable
2895,2694,37.0,Media,2610.17,0.97,En observación
2896,3304,36.9,Baja,2218.79,0.67,En observación
2897,4333,46.2,Media,2777.11,0.64,En observación
2898,3039,15.5,Baja,2588.04,0.85,En observación
2899,7000,49.4,Alta,5265.85,0.75,En observación
2900,1045,67.9,Media,672.73,0.64,En observación
2901,800,37.3,Media,440.69,0.55,En observación
2902,2684,13.8,Alta,1624.4,0.61,Saludable
2903,1578,18.8,Baja,1371.9,0.87,En riesgo
2904,4216,16.2,Alta,2883.4,0.68,Saludable
2905,2976,43.5,Media,2348.5,0.79,En observación
2906,3028,49.9,Alta,2180.26,0.72,Saludable
2907,6766,2.6,Media,4174.8,0.62,Saludable
2908,7262,57.1,Alta,7399.3,1.02,En observación
2909,7139,35.5,Baja,6610.05,0.93,En riesgo
2910,3426,26.2,Media,2440.22,0.71,En observación
2911,4051,29.5,Media,4138.96,1.02,Saludable
2912,4265,40.8,Baja,4079.27,0.96,En riesgo
2913,3812,44.8,Alta,3882.18,1.02,En observación
2914,3900,55.2,Baja,1433.93,0.37,En observación
2915,5699,46.4,Alta,4810.18,0.84,En observación
2916,2177,21.1,Baja,2239.35,1.03,En observación
2917,3652,18.7,Baja,3293.01,0.9,En observación
2918,3354,4.7,Media,1541.48,0.46,Saludable
2919,1512,61.6,Media,572.94,0.38,En observación
2920,3525,24.5,Alta,1943.17,0.55,Saludable
2921,2014,25.7,Baja,2218.11,1.1,En riesgo
2922,5274,37.6,Alta,5012.91,0.95,Saludable
2923,3043,49.6,Baja,1969.09,0.65,En riesgo
2924,5726,23.0,Baja,3775.9,0.66,En observación
2925,2556,11.5,Media,2114.29,0.83,Saludable
2926,4406,39.4,Baja,1987.03,0.45,En riesgo
2927,4270,41.2,Media,2619.39,0.61,En observación
2928,5190,28.5,Media,5762.7,1.11,En observación
2929,5211,34.4,Baja,4457.46,0.86,En observación
2930,4057,19.0,Baja,2424.66,0.6,En observación
2931,3179,15.0,Alta,2178.75,0.69,Saludable
2932,5651,19.6,Alta,4776.64,0.85,En observación
2933,2750,38.0,Alta,1552.61,0.56,En observación
2934,4905,27.1,Media,2996.42,0.61,En observación
2935,2990,59.3,Media,1582.92,0.53,En observación
2936,3472,28.2,Media,2536.12,0.73,En observación
2937,4810,39.1,Media,3970.19,0.83,Saludable
2938,3950,5.2,Media,3422.03,0.87,En observación
2939,2111,26.1,Media,1355.51,0.64,En observación
2940,3643,55.9,Baja,3003.57,0.82,En riesgo
2941,3602,42.3,Alta,1574.85,0.44,Saludable
2942,3395,40.9,Alta,2431.55,0.72,Saludable
2943,3511,13.8,Alta,1416.52,0.4,Saludable
2944,4369,37.0,Baja,4301.4,0.98,En observación
2945,1353,28.9,Alta,930.12,0.69,Saludable
2946,3380,20.8,Media,1417.97,0.42,Saludable
2947,1795,33.5,Baja,1134.29,0.63,En riesgo
2948,5906,40.2,Baja,2780.64,0.47,En riesgo
2949,5864,30.3,Alta,5794.38,0.99,En observación
2950,800,18.6,Media,849.02,1.06,En observación
2951,3499,30.5,Alta,2301.17,0.66,Saludable
2952,3608,21.6,Baja,1782.46,0.49,En observación
2953,5110,43.0,Alta,3087.71,0.6,Saludable
2954,3074,53.5,Baja,2662.72,0.87,En riesgo
2955,4835,36.3,Baja,3731.22,0.77,En riesgo
2956,2681,8.8,Baja,2359.65,0.88,En observación
2957,1823,42.3,Media,1918.78,1.05,En observación
2958,2273,31.8,Media,1479.5,0.65,En observación
2959,4150,5.9,Alta,2033.89,0.49,Saludable
2960,3467,35.2,Alta,3770.5,1.09,En observación
2961,4397,15.4,Alta,3905.54,0.89,Saludable
2962,3607,28.4,Media,3375.92,0.94,En observación
2963,800,26.8,Alta,667.47,0.83,En observación
2964,5348,36.6,Media,3468.22,0.65,Saludable
2965,3144,45.4,Baja,2136.13,0.68,En observación
2966,4132,14.8,Baja,3562.54,0.86,En riesgo
2967,3241,13.1,Media,2391.9,0.74,Saludable
2968,4005,36.8,Media,4211.72,1.05,En observación
2969,4113,17.1,Baja,2820.87,0.69,Saludable
2970,3208,25.4,Media,2578.77,0.8,En observación
2971,3625,25.0,Baja,2502.45,0.69,En observación
2972,3561,41.4,Alta,2593.42,0.73,En observación
2973,3229,19.3,Baja,2212.56,0.69,En riesgo
2974,2131,25.8,Baja,1449.62,0.68,En observación
2975,3003,34.2,Alta,1327.83,0.44,Saludable
2976,4449,11.4,Media,1519.63,0.34,Saludable
2977,3136,68.7,Alta,2658.66,0.85,En observación
2978,2466,29.2,Baja,1962.11,0.8,En observación
2979,3298,19.2,Baja,1818.26,0.55,En observación
2980,4661,42.6,Baja,3977.65,0.85,En observación
2981,4572,34.6,Baja,3539.23,0.77,En observación
2982,2755,31.1,Baja,3276.18,1.19,En riesgo
2983,2583,17.5,Alta,1708.61,0.66,En observación
2984,2901,43.6,Baja,1979.45,0.68,En observación
2985,4688,21.4,Media,2975.0,0.63,En observación
2986,4977,41.9,Alta,4438.04,0.89,En observación
2987,6527,30.7,Alta,5573.45,0.85,Saludable
2988,2263,12.0,Alta,2216.23,0.98,Saludable
2989,2897,0.0,Baja,1739.27,0.6,Saludable
2990,5577,35.9,Baja,3346.39,0.6,En riesgo
2991,3527,30.6,Alta,1881.72,0.53,Saludable
2992,2262,30.7,Baja,1728.21,0.76,En riesgo
2993,4078,0.0,Media,3251.29,0.8,Saludable
2994,2051,17.8,Media,1293.36,0.63,Saludable
2995,3805,8.8,Baja,3098.03,0.81,En riesgo
2996,1506,25.7,Alta,445.44,0.3,Saludable
2997,4464,40.8,Baja,3410.16,0.76,En riesgo
2998,7319,55.7,Baja,4800.87,0.66,En observación
2999,2891,15.8,Baja,2403.12,0.83,En observación
3000,3391,42.6,Alta,2481.79,0.73,Saludable
3001,5262,1.8,Media,3636.03,0.69,Saludable
3002,3524,32.7,Baja,3030.21,0.86,En observación
3003,2948,23.9,Alta,1886.51,0.64,Saludable
3004,2530,42.7,Alta,1906.15,0.75,En observación
3005,4428,19.1,Media,3829.66,0.86,En observación
3006,2606,37.9,Alta,2210.89,0.85,En observación
3007,4949,37.4,Alta,2707.27,0.55,En observación
3008,1395,44.2,Alta,1154.55,0.83,Saludable
3009,3314,28.8,Media,3264.31,0.99,En observación
3010,3107,0.0,Baja,3300.43,1.06,En observación
3011,3990,28.5,Media,2922.12,0.73,En observación
3012,6007,33.8,Baja,5213.56,0.87,En riesgo
3013,5026,23.1,Alta,4742.38,0.94,En observación
3014,5124,20.1,Alta,3687.74,0.72,Saludable
3015,1444,53.9,Baja,1079.81,0.75,En riesgo
3016,2634,10.1,Media,1689.12,0.64,Saludable
3017,4510,32.4,Media,3663.97,0.81,En observación
3018,4244,52.2,Media,3721.4,0.88,En riesgo
3019,3941,7.5,Baja,2214.68,0.56,En observación
3020,3484,36.6,Alta,3664.32,1.05,En observación
3021,5388,31.4,Alta,3258.13,0.6,Saludable
3022,2293,53.4,Alta,2045.98,0.89,En observación
3023,5354,0.0,Baja,4582.3,0.86,Saludable
3024,3489,25.3,Alta,3032.33,0.87,En observación
3025,5518,21.0,Alta,4842.82,0.88,En observación
3026,1047,16.2,Media,757.0,0.72,En observación
3027,4196,12.5,Alta,3041.02,0.72,En observación
3028,3667,25.1,Media,3074.83,0.84,En observación
3029,2816,37.5,Baja,1945.29,0.69,En riesgo
3030,3755,37.2,Media,2303.12,0.61,En observación
3031,4918,28.8,Alta,3940.82,0.8,Saludable
3032,4848,20.9,Alta,3517.67,0.73,En observación
3033,5259,22.1,Media,5799.33,1.1,En observación
3034,1936,35.5,Alta,1318.53,0.68,En observación
3035,3436,31.1,Media,2013.2,0.59,En observación
3036,1766,13.4,Alta,1441.28,0.82,En observación
3037,2971,40.5,Media,2802.25,0.94,En riesgo
3038,3033,13.6,Media,1069.56,0.35,Saludable
3039,5267,13.1,Baja,4614.09,0.88,En observación
3040,3659,40.6,Media,2309.89,0.63,En observación
3041,2877,40.6,Media,2279.61,0.79,En observación
3042,5838,39.9,Baja,3653.05,0.63,En observación
3043,3386,31.2,Alta,4078.14,1.2,En observación
3044,800,21.9,Media,321.74,0.4,Saludable
3045,800,16.9,Baja,381.02,0.48,En observación
3046,3501,34.5,Baja,2559.86,0.73,En observación
3047,4270,58.8,Media,3517.02,0.82,En observación
3048,1358,16.4,Alta,1129.24,0.83,En observación
3049,3891,42.0,Baja,3413.89,0.88,En riesgo
3050,2512,32.6,Media,1500.4,0.6,En observación
3051,3996,55.2,Baja,2054.94,0.51,En riesgo
3052,5722,41.4,Alta,5149.4,0.9,En observación
3053,5448,13.7,Media,2726.9,0.5,Saludable
3054,800,48.5,Media,775.78,0.97,En observación
3055,2944,28.9,Alta,2235.57,0.76,En observación
3056,4337,27.4,Alta,3989.06,0.92,En observación
3057,2590,50.0,Baja,1309.28,0.51,En observación
3058,4950,19.2,Media,3988.31,0.81,En observación
3059,2209,28.9,Baja,1594.52,0.72,En observación
3060,6953,18.6,Media,6472.46,0.93,En observación
3061,1870,31.5,Baja,1620.98,0.87,En riesgo
3062,5843,74.2,Media,4645.73,0.8,En observación
3063,4179,26.0,Alta,3830.78,0.92,Saludable
3064,7053,42.8,Baja,3151.84,0.45,En observación
3065,4724,47.6,Media,2461.19,0.52,En observación
3066,800,28.7,Media,760.13,0.95,En observación
3067,1240,32.2,Baja,795.03,0.64,En observación
3068,2172,18.4,Alta,838.87,0.39,Saludable
3069,3259,12.2,Alta,2557.94,0.78,En observación
3070,3177,34.0,Baja,2539.05,0.8,En observación
3071,6585,22.9,Baja,5716.44,0.87,En riesgo
3072,3291,39.1,Media,2613.87,0.79,En observación
3073,3002,20.8,Media,2001.99,0.67,Saludable
3074,5190,54.0,Alta,4806.15,0.93,En riesgo
3075,2983,20.5,Alta,1819.2,0.61,Saludable
3076,3841,28.8,Alta,3776.19,0.98,En observación
3077,2242,19.8,Baja,1956.73,0.87,En riesgo
3078,4328,58.5,Baja,4519.74,1.04,En riesgo
3079,2242,10.4,Baja,1525.17,0.68,En observación
3080,6240,36.3,Alta,5992.71,0.96,En observación
3081,4434,42.4,Alta,1745.55,0.39,Saludable
3082,4925,34.1,Alta,2633.04,0.53,Saludable
3083,2951,28.9,Alta,1743.73,0.59,Saludable
3084,4260,40.1,Baja,1388.48,0.33,Saludable
3085,3043,38.6,Media,2550.22,0.84,En observación
3086,2925,25.1,Baja,1810.28,0.62,En observación
3087,2119,42.8,Media,1668.53,0.79,En observación
3088,2515,9.7,Media,1593.06,0.63,Saludable
3089,800,27.0,Baja,733.11,0.92,En riesgo
3090,2756,30.7,Baja,1791.1,0.65,En observación
3091,5810,44.5,Baja,4902.15,0.84,En observación
3092,4625,4.7,Alta,3258.67,0.7,Saludable
3093,4611,40.0,Baja,3702.95,0.8,En observación
3094,4307,15.7,Alta,2575.41,0.6,Saludable
3095,3760,2.6,Media,3128.04,0.83,En observación
3096,3384,65.6,Baja,2122.01,0.63,En riesgo
3097,2907,28.9,Alta,2008.24,0.69,Saludable
3098,2680,28.5,Alta,2602.66,0.97,En observación
3099,5503,18.4,Alta,3438.02,0.62,Saludable
3100,6177,27.5,Baja,3156.75,0.51,En observación
3101,4636,40.3,Media,3309.92,0.71,En observación
3102,800,31.6,Baja,723.94,0.9,En observación
3103,2245,2.0,Alta,2326.23,1.04,Saludable
3104,3862,39.1,Media,3947.63,1.02,En observación
3105,2691,32.6,Media,2640.23,0.98,En observación
3106,2068,6.9,Media,1096.38,0.53,Saludable
3107,3019,20.9,Media,1875.18,0.62,En observación
3108,3141,25.9,Alta,3118.63,0.99,En observación
3109,1085,34.9,Alta,662.03,0.61,Saludable
3110,3964,26.8,Media,3137.44,0.79,En observación
3111,3942,20.3,Media,2510.05,0.64,Saludable
3112,2219,59.4,Media,1347.91,0.61,En observación
3113,3980,28.3,Media,2844.88,0.71,En observación
3114,4324,22.1,Alta,2912.62,0.67,Saludable
3115,4812,25.4,Media,2055.84,0.43,Saludable
3116,1194,62.8,Media,687.96,0.58,En observación
3117,3887,25.7,Baja,2712.33,0.7,En observación
3118,5789,41.5,Alta,5882.39,1.02,En observación
3119,3976,32.3,Media,3233.27,0.81,En observación
3120,3169,23.9,Media,2681.34,0.85,Saludable
3121,3145,28.0,Baja,1837.73,0.58,En observación
3122,1907,28.0,Media,1530.88,0.8,En observación
3123,3484,44.0,Media,3052.36,0.88,En observación
3124,1866,8.5,Media,1435.27,0.77,Saludable
3125,4879,41.2,Baja,3497.12,0.72,En observación
3126,4266,14.7,Alta,2617.09,0.61,Saludable
3127,3292,47.6,Baja,2466.01,0.75,En observación
3128,1212,38.3,Alta,738.75,0.61,Saludable
3129,2969,42.6,Baja,2142.72,0.72,En observación
3130,4229,61.6,Baja,3848.05,0.91,En riesgo
3131,3505,22.1,Media,2029.4,0.58,Saludable
3132,2342,39.8,Alta,1304.93,0.56,En observación
3133,4628,30.3,Alta,3471.27,0.75,Saludable
3134,3905,46.3,Alta,2434.5,0.62,Saludable
3135,4555,34.9,Alta,2497.8,0.55,Saludable
3136,2211,19.1,Media,1529.43,0.69,En observación
3137,2524,18.6,Media,1789.06,0.71,En observación
3138,3026,47.4,Baja,2546.25,0.84,En observación
3139,4286,39.1,Baja,2879.11,0.67,En observación
3140,3512,29.9,Media,1924.94,0.55,Saludable
3141,3369,26.5,Baja,2273.71,0.67,En observación
3142,1846,23.5,Media,1561.71,0.85,En observación
3143,992,22.9,Alta,552.91,0.56,Saludable
3144,3978,5.1,Baja,3526.98,0.89,En observación
3145,5839,29.3,Media,3069.27,0.53,Saludable
3146,4022,24.1,Alta,2946.53,0.73,En observación
3147,2451,30.9,Alta,2464.66,1.01,En observación
3148,1090,37.6,Alta,589.32,0.54,En observación
3149,2266,74.5,Media,2298.01,1.01,En riesgo
3150,3530,41.3,Media,3145.44,0.89,En observación
3151,5378,28.2,Media,3678.5,0.68,En observación
3152,4788,35.5,Alta,3842.04,0.8,En observación
3153,800,34.7,Alta,631.47,0.79,En observación
3154,1207,53.4,Alta,921.63,0.76,En observación
3155,6014,38.4,Media,4943.91,0.82,En observación
3156,2775,29.6,Media,1723.85,0.62,En observación
3157,800,36.4,Baja,582.47,0.73,En observación
3158,3830,8.5,Alta,4202.54,1.1,En observación
3159,3281,15.5,Media,2474.89,0.75,En observación
3160,5054,42.8,Baja,4287.57,0.85,En observación
3161,1325,27.0,Baja,937.49,0.71,En riesgo
3162,3964,54.2,Alta,3827.43,0.97,En observación
3163,807,50.8,Alta,802.71,0.99,En observación
3164,5764,35.7,Media,4489.71,0.78,En riesgo
3165,5517,39.8,Baja,4607.68,0.84,En riesgo
3166,2900,29.2,Alta,1703.99,0.59,Saludable
3167,2950,20.5,Alta,2285.11,0.77,Saludable
3168,4253,5.7,Baja,3102.97,0.73,En observación
3169,3034,27.4,Alta,1409.77,0.46,Saludable
3170,4471,37.4,Baja,4189.2,0.94,En riesgo
3171,4218,32.3,Baja,3685.52,0.87,En observación
3172,2160,53.8,Alta,663.38,0.31,Saludable
3173,5258,28.6,Baja,3560.18,0.68,En observación
3174,2970,30.5,Baja,1862.16,0.63,En observación
3175,5635,28.0,Media,2819.93,0.5,Saludable
3176,3224,37.6,Baja,1833.03,0.57,En observación
3177,4266,44.1,Alta,2722.19,0.64,Saludable
3178,8426,41.7,Baja,5914.54,0.7,En riesgo
3179,3313,43.0,Baja,2579.8,0.78,En riesgo
3180,3330,8.3,Alta,3659.19,1.1,Saludable
3181,1460,26.8,Baja,842.33,0.58,En observación
3182,4532,44.9,Baja,4063.62,0.9,En riesgo
3183,3574,36.1,Baja,1549.68,0.43,En observación
3184,1314,60.6,Alta,889.82,0.68,En observación
3185,2345,20.6,Media,2718.64,1.16,En riesgo
3186,1176,52.6,Media,1134.59,0.96,En observación
3187,3960,29.8,Baja,4376.05,1.11,En observación
3188,3719,23.6,Alta,1829.94,0.49,En observación
3189,1728,33.3,Alta,754.57,0.44,Saludable
3190,4133,17.6,Alta,3536.3,0.86,Saludable
3191,5240,50.4,Alta,3376.58,0.64,En observación
3192,3775,39.3,Media,2841.02,0.75,En observación
3193,3135,31.7,Alta,3083.68,0.98,En observación
3194,4552,40.8,Media,3287.98,0.72,En observación
3195,1872,49.0,Baja,468.0,0.25,En observación
3196,5211,9.5,Baja,4283.24,0.82,En observación
3197,2947,44.2,Alta,2315.31,0.79,Saludable
3198,2035,44.6,Alta,1690.7,0.83,En observación
3199,6024,24.9,Media,7232.31,1.2,En observación
3200,2056,20.5,Baja,706.83,0.34,En observación
3201,5892,14.8,Baja,4177.32,0.71,En observación
3202,2059,3.7,Alta,1466.29,0.71,Saludable
3203,2917,33.3,Alta,2938.33,1.01,En observación
3204,3756,40.9,Media,3191.64,0.85,En observación
3205,3645,38.2,Alta,1993.44,0.55,En observación
3206,5647,19.2,Media,4432.11,0.78,En observación
3207,2682,37.2,Baja,2090.31,0.78,En observación
3208,4189,13.5,Alta,3849.93,0.92,Saludable
3209,3258,50.6,Alta,2734.6,0.84,En observación
3210,1978,21.0,Alta,1624.01,0.82,En observación
3211,2235,12.5,Media,1789.53,0.8,En observación
3212,6736,30.5,Baja,7251.75,1.08,En observación
3213,1140,13.2,Baja,1099.01,0.96,En riesgo
3214,2327,23.1,Baja,1255.61,0.54,Saludable
3215,4578,33.3,Alta,3442.14,0.75,Saludable
3216,5960,22.4,Baja,5042.47,0.85,En observación
3217,3214,34.4,Baja,2599.72,0.81,En observación
3218,4242,13.0,Baja,3332.21,0.79,En observación
3219,3848,31.1,Alta,2004.12,0.52,Saludable
3220,800,42.3,Alta,719.18,0.9,En observación
3221,3960,0.0,Media,2238.16,0.57,Saludable
3222,3703,26.7,Media,3023.15,0.82,En observación
3223,3681,20.4,Media,3411.41,0.93,En observación
3224,1504,18.4,Media,1033.66,0.69,En observación
3225,3437,27.2,Baja,1805.25,0.53,En observación
3226,2522,28.5,Media,2563.44,1.02,En observación
3227,1058,3.5,Media,781.25,0.74,Saludable
3228,4473,30.6,Media,3487.91,0.78,En observación
3229,6112,72.6,Alta,4277.51,0.7,En observación
3230,3646,26.1,Baja,2188.43,0.6,En observación
3231,1797,36.1,Alta,1179.66,0.66,Saludable
3232,4167,29.4,Baja,4135.34,0.99,En riesgo
3233,1282,0.0,Media,795.47,0.62,Saludable
3234,4915,29.9,Alta,4689.22,0.95,Saludable
3235,4948,40.8,Baja,1913.48,0.39,En observación
3236,3640,35.9,Alta,2163.32,0.59,En observación
3237,1721,42.5,Alta,1544.96,0.9,En observación
3238,6475,33.5,Baja,5618.36,0.87,En observación
3239,6677,11.6,Baja,6239.52,0.93,En observación
3240,2572,41.8,Media,2404.72,0.93,En observación
3241,5136,45.7,Media,2984.88,0.58,En observación
3242,1315,20.6,Media,1099.63,0.84,En observación
3243,3896,33.6,Alta,2790.81,0.72,En observación
3244,3157,33.5,Media,3019.24,0.96,En observación
3245,4679,12.8,Baja,3951.24,0.84,En observación
3246,1578,28.9,Alta,926.64,0.59,Saludable
3247,4722,1.5,Baja,2837.48,0.6,Saludable
3248,2806,36.8,Alta,1982.13,0.71,Saludable
3249,5450,0.0,Baja,5300.87,0.97,En observación
3250,3383,22.1,Baja,3476.78,1.03,En observación
3251,3518,37.9,Media,1618.35,0.46,Saludable
3252,3278,16.7,Media,1977.27,0.6,Saludable
3253,4474,24.9,Alta,4223.98,0.94,Saludable
3254,1622,58.9,Media,1024.4,0.63,En observación
3255,887,46.1,Alta,610.76,0.69,En observación
3256,3261,45.2,Baja,2340.37,0.72,En riesgo
3257,3701,45.9,Alta,3312.18,0.89,En observación
3258,2620,35.0,Baja,2205.56,0.84,En observación
3259,3750,48.5,Baja,4209.71,1.12,En riesgo
3260,6294,20.6,Baja,5515.68,0.88,En riesgo
3261,2156,22.7,Alta,2291.45,1.06,Saludable
3262,1488,52.9,Alta,1436.54,0.97,En observación
3263,3431,23.4,Media,2747.38,0.8,En observación
3264,3858,62.5,Media,2269.93,0.59,En observación
3265,2940,13.7,Baja,2123.99,0.72,En observación
3266,4286,62.6,Baja,3572.83,0.83,En riesgo
3267,3599,55.2,Alta,4253.01,1.18,En riesgo
3268,2011,21.8,Media,1610.3,0.8,En observación
3269,4548,36.9,Alta,3416.72,0.75,Saludable
3270,4102,57.8,Alta,3829.57,0.93,En observación
3271,5044,24.4,Alta,3321.54,0.66,Saludable
3272,3312,23.7,Baja,3204.33,0.97,En observación
3273,2296,59.1,Baja,1535.46,0.67,En riesgo
3274,4177,12.9,Media,4061.66,0.97,En observación
3275,5838,19.8,Baja,4482.67,0.77,En observación
3276,3896,8.2,Baja,2999.73,0.77,Saludable
3277,4038,0.0,Alta,1682.69,0.42,Saludable
3278,2680,15.2,Baja,2623.06,0.98,En observación
3279,4808,27.5,Alta,5925.06,1.23,En observación
3280,6117,29.1,Media,2766.03,0.45,En observación
3281,3972,14.2,Baja,2319.65,0.58,En observación
3282,4025,0.0,Media,3781.74,0.94,Saludable
3283,1502,44.1,Baja,1120.11,0.75,En riesgo
3284,4157,30.0,Alta,3003.47,0.72,En observación
3285,2880,17.2,Baja,2476.18,0.86,En observación
3286,3550,46.3,Alta,2589.73,0.73,En observación
3287,2601,36.5,Media,2114.53,0.81,En observación
3288,2631,23.1,Alta,2348.39,0.89,En observación
3289,2141,49.6,Alta,951.2,0.44,En observación
3290,1602,58.3,Media,756.1,0.47,En observación
3291,3378,24.5,Media,2646.23,0.78,En observación
3292,2143,17.8,Alta,1857.83,0.87,Saludable
3293,2624,75.6,Baja,1510.79,0.58,En riesgo
3294,2621,37.6,Alta,2274.46,0.87,En observación
3295,3200,59.8,Alta,2060.54,0.64,En observación
3296,3868,13.2,Baja,2701.96,0.7,En observación
3297,2852,66.6,Alta,1708.48,0.6,En observación
3298,4785,29.8,Alta,2843.55,0.59,Saludable
3299,2723,3.2,Media,1550.41,0.57,Saludable
3300,5519,39.3,Baja,4920.05,0.89,En riesgo
3301,3750,51.9,Baja,2400.24,0.64,En riesgo
3302,4621,10.2,Media,6007.3,1.3,En observación
3303,3713,48.9,Baja,3396.25,0.91,En riesgo
3304,3695,7.4,Baja,2401.14,0.65,En observación
3305,4166,48.3,Media,3034.14,0.73,En observación
3306,5085,51.5,Alta,4635.91,0.91,En observación
3307,5067,81.4,Alta,3905.28,0.77,En observación
3308,2621,39.4,Alta,1208.64,0.46,Saludable
3309,4071,53.0,Media,4013.33,0.99,En riesgo
3310,800,43.8,Media,701.59,0.88,En observación
3311,905,18.3,Baja,488.67,0.54,Saludable
3312,3496,18.0,Alta,4274.05,1.22,En observación
3313,5441,6.5,Media,3561.59,0.65,Saludable
3314,2138,23.7,Media,1519.62,0.71,En observación
3315,6283,35.7,Media,5254.55,0.84,En observación
3316,4419,28.8,Baja,3059.12,0.69,En observación
3317,5235,46.9,Media,3699.72,0.71,En observación
3318,3208,30.5,Alta,2132.57,0.66,Saludable
3319,5512,31.4,Media,4268.22,0.77,Saludable
3320,3036,26.4,Media,1823.89,0.6,En observación
3321,2856,31.2,Baja,2204.46,0.77,En observación
3322,2902,31.2,Alta,2795.13,0.96,En observación
3323,2507,36.0,Alta,2650.8,1.06,En observación
3324,4321,40.9,Alta,4360.72,1.01,En observación
3325,4350,46.0,Media,2415.57,0.56,Saludable
3326,3736,31.0,Baja,2436.23,0.65,En observación
3327,800,22.0,Alta,530.17,0.66,Saludable
3328,5742,9.6,Media,3698.42,0.64,En observación
3329,4469,13.4,Baja,3900.76,0.87,En observación
3330,7000,36.1,Alta,5072.04,0.72,Saludable
3331,2384,17.6,Baja,2376.37,1.0,En observación
3332,4348,52.7,Baja,1415.17,0.33,En riesgo
3333,3583,36.5,Media,2152.98,0.6,En observación
3334,4233,65.8,Baja,3939.21,0.93,En riesgo
3335,3212,21.0,Media,1957.57,0.61,Saludable
3336,800,19.1,Alta,519.31,0.65,Saludable
3337,3698,35.4,Alta,2763.57,0.75,Saludable
3338,800,21.4,Baja,459.97,0.57,En observación
3339,4864,44.1,Alta,4310.73,0.89,En observación
3340,2717,18.8,Media,1300.49,0.48,En observación
3341,3238,11.3,Media,1946.79,0.6,Saludable
3342,3565,46.0,Media,2450.45,0.69,Saludable
3343,3216,27.7,Baja,2281.8,0.71,En observación
3344,3826,31.0,Baja,2852.4,0.75,En observación
3345,2855,22.7,Baja,2850.5,1.0,En riesgo
3346,4740,48.4,Media,4003.74,0.84,En riesgo
3347,1131,33.1,Media,811.05,0.72,En observación
3348,4891,20.5,Media,3996.45,0.82,En observación
3349,4181,14.7,Media,3406.69,0.81,En observación
3350,3924,19.1,Baja,2529.76,0.64,En observación
3351,1923,15.3,Baja,1424.4,0.74,En observación
3352,2172,31.6,Baja,1040.58,0.48,En observación
3353,6581,36.9,Baja,4051.39,0.62,En observación
3354,4351,44.9,Media,3163.66,0.73,En observación
3355,800,14.2,Media,623.6,0.78,En observación
3356,2132,33.9,Alta,1359.6,0.64,Saludable
3357,5037,43.6,Alta,2873.76,0.57,Saludable
3358,2883,29.6,Alta,1820.84,0.63,En observación
3359,4021,36.1,Media,2099.05,0.52,En observación
3360,800,42.5,Baja,734.54,0.92,En riesgo
3361,5409,29.1,Baja,4117.53,0.76,En observación
3362,8280,50.2,Baja,7254.97,0.88,En observación
3363,3715,17.8,Media,3336.0,0.9,En observación
3364,1813,31.2,Alta,1082.55,0.6,Saludable
3365,2211,30.4,Baja,1956.92,0.89,En observación
3366,2914,33.0,Alta,2551.19,0.88,Saludable
3367,3891,49.8,Alta,3320.03,0.85,En observación
3368,4460,36.8,Media,3949.99,0.89,Saludable
3369,1170,45.1,Media,560.49,0.48,En observación
3370,2972,15.1,Baja,2416.05,0.81,En observación
3371,6666,20.6,Media,6727.46,1.01,En observación
3372,2508,42.0,Media,2136.4,0.85,En observación
3373,3899,21.0,Media,2344.7,0.6,En observación
3374,3164,28.8,Baja,2532.36,0.8,En observación
3375,1356,49.3,Alta,1046.58,0.77,En observación
3376,4146,33.5,Alta,3681.94,0.89,En observación
3377,4577,50.3,Baja,4160.73,0.91,En riesgo
3378,1816,55.0,Alta,1284.29,0.71,En observación
3379,895,35.1,Alta,695.24,0.78,Saludable
3380,4180,22.5,Baja,5159.19,1.23,En riesgo
3381,2847,16.9,Alta,2790.11,0.98,Saludable
3382,2413,40.6,Media,1210.21,0.5,En observación
3383,6172,38.5,Baja,5337.68,0.86,En riesgo
3384,6065,48.1,Baja,5028.74,0.83,En riesgo
3385,2171,41.6,Media,1235.3,0.57,En observación
3386,800,36.0,Media,507.28,0.63,En observación
3387,4085,46.9,Media,2266.98,0.55,En observación
3388,6659,41.5,Media,5941.58,0.89,En observación
3389,2713,41.4,Baja,1299.27,0.48,En observación
3390,843,19.4,Baja,729.67,0.87,En observación
3391,3576,32.6,Baja,1468.11,0.41,En observación
3392,2478,20.1,Media,2125.94,0.86,En observación
3393,2593,0.0,Media,1807.47,0.7,Saludable
3394,3619,15.7,Media,2782.35,0.77,En observación
3395,6008,37.5,Media,2516.54,0.42,Saludable
3396,3583,16.1,Media,895.75,0.25,Saludable
3397,4580,37.8,Baja,2934.32,0.64,En observación
3398,2443,33.1,Media,1427.43,0.58,En observación
3399,1145,48.5,Media,866.77,0.76,En observación
3400,3751,41.0,Baja,3736.05,1.0,En riesgo
3401,2164,30.8,Alta,2330.68,1.08,En observación
3402,4863,41.9,Alta,4259.51,0.88,En observación
3403,2815,9.7,Media,2146.21,0.76,Saludable
3404,1917,19.2,Alta,2295.33,1.2,En observación
3405,4043,11.7,Alta,1690.48,0.42,Saludable
3406,5657,35.0,Baja,4852.28,0.86,En riesgo
3407,2613,50.8,Media,1662.12,0.64,En riesgo
3408,4163,3.2,Baja,2561.74,0.62,Saludable
3409,5245,29.6,Baja,1829.97,0.35,En observación
3410,2694,7.7,Media,2834.18,1.05,En observación
3411,3060,24.0,Baja,1461.49,0.48,Saludable
3412,5427,22.9,Media,4091.81,0.75,Saludable
3413,1523,39.1,Media,1245.8,0.82,En riesgo
3414,5514,26.5,Alta,4604.92,0.84,Saludable
3415,6582,47.2,Media,5137.54,0.78,En observación
3416,5667,38.7,Media,5840.14,1.03,En observación
3417,4192,22.3,Media,4469.29,1.07,En riesgo
3418,3549,53.0,Media,3800.84,1.07,En riesgo
3419,7208,29.5,Media,5127.67,0.71,En observación
3420,2969,31.3,Alta,2979.98,1.0,En observación
3421,957,35.5,Alta,597.81,0.62,En observación
3422,4544,52.1,Baja,4150.29,0.91,En riesgo
3423,2496,42.1,Media,2756.39,1.1,En observación
3424,6200,21.8,Media,3699.2,0.6,En observación
3425,4574,43.7,Alta,2638.66,0.58,En observación
3426,2472,7.7,Alta,1440.75,0.58,Saludable
3427,4282,47.3,Baja,2076.01,0.48,En observación
3428,1735,39.4,Media,1106.77,0.64,En observación
3429,4699,21.2,Media,3257.0,0.69,Saludable
3430,4920,42.3,Baja,3694.83,0.75,En observación
3431,5314,20.0,Media,3551.86,0.67,En observación
3432,2445,41.1,Media,2081.13,0.85,En observación
3433,3923,35.6,Media,3134.28,0.8,En observación
3434,5767,10.3,Alta,5385.58,0.93,En observación
3435,4548,46.8,Alta,3335.19,0.73,Saludable
3436,3392,15.1,Alta,2097.16,0.62,Saludable
3437,2784,21.1,Media,896.55,0.32,Saludable
3438,6830,39.1,Alta,4873.03,0.71,En observación
3439,2869,31.4,Baja,2132.64,0.74,En observación
3440,6024,7.7,Media,5296.9,0.88,En observación
3441,6351,35.1,Media,4351.81,0.69,En observación
3442,3560,12.9,Media,2178.59,0.61,Saludable
3443,2116,31.4,Media,1701.33,0.8,Saludable
3444,3294,38.5,Media,2373.91,0.72,En observación
3445,2882,21.9,Baja,1831.19,0.64,En observación
3446,6962,18.8,Alta,4822.82,0.69,Saludable
3447,2469,46.5,Baja,798.08,0.32,En observación
3448,4727,25.6,Alta,2846.83,0.6,Saludable
3449,4860,33.2,Alta,2944.09,0.61,Saludable
3450,2897,41.2,Baja,2946.21,1.02,En observación
3451,3667,4.0,Alta,4361.98,1.19,Saludable
3452,4620,29.5,Alta,2797.15,0.61,Saludable
3453,5879,44.3,Baja,6465.99,1.1,En riesgo
3454,3932,26.0,Alta,2745.81,0.7,Saludable
3455,3626,18.2,Media,3007.93,0.83,En observación
3456,3932,55.1,Alta,2922.3,0.74,En observación
3457,6577,49.6,Baja,6297.94,0.96,En riesgo
3458,3844,10.2,Media,3228.21,0.84,En observación
3459,3535,45.4,Media,1882.74,0.53,En observación
3460,4853,28.9,Alta,3509.83,0.72,En observación
3461,5781,31.5,Baja,4485.63,0.78,En observación
3462,6173,24.5,Media,4596.96,0.74,En observación
3463,3721,47.1,Alta,2180.39,0.59,Saludable
3464,5727,19.9,Media,4139.28,0.72,En observación
3465,2016,23.8,Baja,1552.87,0.77,En observación
3466,5421,53.1,Alta,3230.4,0.6,En observación
3467,4511,52.7,Media,3966.65,0.88,En riesgo
3468,4500,40.1,Baja,2623.55,0.58,En observación
3469,5689,26.9,Media,4399.31,0.77,En observación
3470,800,30.3,Alta,643.46,0.8,Saludable
3471,1768,16.8,Baja,1569.2,0.89,En riesgo
3472,5574,9.8,Alta,5037.96,0.9,Saludable
3473,2627,23.1,Media,2304.12,0.88,En observación
3474,3353,28.8,Media,2794.95,0.83,En observación
3475,5264,10.7,Baja,3966.98,0.75,En observación
3476,3424,26.6,Media,2539.19,0.74,En observación
3477,1269,0.0,Alta,921.79,0.73,Saludable
3478,2486,49.8,Media,1479.92,0.6,En observación
3479,5936,0.7,Alta,4550.71,0.77,Saludable
3480,800,8.3,Media,711.59,0.89,En observación
3481,4854,34.9,Alta,3621.86,0.75,En observación
3482,6722,21.2,Alta,2621.6,0.39,Saludable
3483,5483,29.3,Alta,4293.1,0.78,Saludable
3484,2370,25.6,Media,1866.16,0.79,En observación
3485,1944,18.2,Alta,1880.82,0.97,En observación
3486,4418,16.5,Baja,1104.5,0.25,Saludable
3487,2200,35.2,Media,2860.0,1.3,En riesgo
3488,7604,38.5,Alta,4840.86,0.64,En observación
3489,6171,57.4,Alta,3989.18,0.65,En observación
3490,1356,42.4,Alta,1396.14,1.03,En observación
3491,2499,35.4,Alta,2062.03,0.83,En observación
3492,3768,27.4,Baja,3501.5,0.93,En riesgo
3493,2025,14.8,Baja,1426.03,0.7,En observación
3494,3722,20.4,Baja,2966.71,0.8,En observación
3495,4821,35.0,Alta,3342.16,0.69,En observación
3496,5473,21.5,Alta,4501.42,0.82,Saludable
3497,4140,20.2,Media,3187.22,0.77,En observación
3498,2094,10.1,Baja,1083.72,0.52,Saludable
3499,4393,8.9,Alta,3059.19,0.7,Saludable
3500,4125,24.2,Alta,3235.51,0.78,Saludable
3501,3164,26.8,Baja,3646.12,1.15,En riesgo
3502,7221,22.5,Alta,5305.31,0.73,Saludable
3503,2286,58.5,Alta,1499.69,0.66,En observación
3504,1635,14.2,Alta,1125.83,0.69,Saludable
3505,4885,36.8,Alta,3297.68,0.68,Saludable
3506,3021,16.3,Media,1782.89,0.59,En observación
3507,800,54.3,Media,550.61,0.69,En observación
3508,4610,52.3,Media,4384.91,0.95,En riesgo
3509,5130,4.3,Baja,3365.64,0.66,Saludable
3510,5337,24.2,Baja,4814.9,0.9,En riesgo
3511,2207,21.2,Baja,2169.23,0.98,En observación
3512,3687,18.3,Media,2556.89,0.69,En observación
3513,2326,15.6,Baja,1864.36,0.8,En observación
3514,2284,15.9,Alta,1680.97,0.74,En observación
3515,5760,19.1,Alta,6549.44,1.14,Saludable
3516,5125,19.2,Alta,3040.32,0.59,Saludable
3517,3421,38.7,Alta,2978.24,0.87,Saludable
3518,2016,16.3,Alta,1471.59,0.73,Saludable
3519,2075,34.0,Alta,2401.32,1.16,En observación
3520,2850,38.4,Alta,1850.83,0.65,En observación
3521,2422,57.5,Baja,1966.81,0.81,En riesgo
3522,2617,22.3,Media,2609.4,1.0,En observación
3523,2498,21.6,Media,1866.45,0.75,En observación
3524,1263,24.0,Media,924.62,0.73,En observación
3525,4530,43.8,Media,3333.58,0.74,En observación
3526,800,23.7,Alta,744.69,0.93,Saludable
3527,2394,64.2,Alta,2579.38,1.08,En riesgo
3528,5208,0.0,Alta,3167.72,0.61,Saludable
3529,3146,22.7,Alta,915.47,0.29,Saludable
3530,4315,54.0,Baja,2623.97,0.61,En observación
3531,800,25.6,Media,729.76,0.91,En observación
3532,6715,26.2,Baja,5213.92,0.78,En observación
3533,3931,0.3,Media,3439.1,0.87,En observación
3534,5539,14.7,Baja,4314.33,0.78,En observación
3535,4163,17.0,Media,1329.84,0.32,Saludable
3536,3271,21.5,Media,2903.05,0.89,En observación
3537,1521,1.0,Baja,831.66,0.55,En observación
3538,4584,32.8,Baja,3288.11,0.72,En observación
3539,5251,22.6,Alta,4483.54,0.85,Saludable
3540,6410,41.1,Baja,6244.62,0.97,En riesgo
3541,5087,25.3,Media,3916.0,0.77,En observación
3542,1936,33.0,Media,1604.64,0.83,En observación
3543,2824,61.3,Media,1459.76,0.52,En riesgo
3544,5323,58.5,Media,2470.51,0.46,En observación
3545,5738,1.8,Baja,2644.28,0.46,Saludable
3546,3788,53.9,Alta,2714.68,0.72,En observación
3547,3967,37.0,Media,3290.32,0.83,En observación
3548,800,16.2,Media,804.52,1.01,En observación
3549,3016,46.8,Media,1648.48,0.55,En observación
3550,3707,23.4,Baja,2847.49,0.77,En observación
3551,1401,32.7,Media,715.77,0.51,En observación
3552,5561,25.8,Alta,2998.12,0.54,Saludable
3553,2252,38.9,Alta,1629.01,0.72,En observación
3554,5244,27.7,Media,4608.48,0.88,En observación
3555,3551,24.6,Media,3153.15,0.89,En observación
3556,4698,43.8,Baja,4304.05,0.92,En riesgo
3557,1791,55.5,Media,1924.96,1.07,En riesgo
3558,2944,39.2,Baja,2499.89,0.85,En observación
3559,1625,34.6,Alta,1380.05,0.85,En observación
3560,4024,25.9,Baja,3737.98,0.93,En observación
3561,2803,27.3,Baja,1221.34,0.44,En observación
3562,4533,35.1,Media,4640.52,1.02,En observación
3563,4231,41.9,Alta,4957.52,1.17,En observación
3564,1934,42.7,Baja,2100.0,1.09,En riesgo
3565,4762,48.4,Alta,4443.29,0.93,En observación
3566,2452,28.8,Baja,2041.41,0.83,En riesgo
3567,4001,24.3,Alta,3400.72,0.85,En observación
3568,4069,17.5,Baja,2918.88,0.72,En observación
3569,1425,0.0,Alta,1455.57,1.02,Saludable
3570,4410,13.8,Baja,3892.95,0.88,En observación
3571,1124,51.4,Alta,875.1,0.78,En observación
3572,2933,0.0,Baja,2513.0,0.86,En observación
3573,3209,49.2,Media,1607.41,0.5,En observación
3574,2225,25.8,Alta,1695.77,0.76,En observación
3575,2980,16.8,Media,3139.37,1.05,En riesgo
3576,3715,18.6,Media,3772.89,1.02,En observación
3577,2998,19.6,Baja,1622.77,0.54,En observación
3578,2204,30.2,Media,1663.78,0.75,En observación
3579,2944,26.5,Alta,2637.15,0.9,En observación
3580,4737,38.8,Baja,4040.07,0.85,En riesgo
3581,1821,22.9,Baja,1943.72,1.07,En observación
3582,800,27.0,Alta,619.43,0.77,Saludable
3583,5501,19.3,Alta,4451.09,0.81,Saludable
3584,1567,13.9,Media,911.5,0.58,En observación
3585,3279,22.2,Media,1907.63,0.58,En observación
3586,5696,47.8,Baja,4776.89,0.84,En riesgo
3587,1676,26.3,Alta,1050.69,0.63,Saludable
3588,5086,19.6,Alta,4909.36,0.97,En observación
3589,4335,39.2,Baja,2771.12,0.64,En riesgo
3590,3565,34.5,Media,2257.24,0.63,Saludable
3591,4216,33.3,Alta,2562.98,0.61,Saludable
3592,1595,47.9,Media,1020.18,0.64,En observación
3593,5676,13.2,Media,3514.24,0.62,Saludable
3594,5927,59.9,Baja,5247.06,0.89,En riesgo
3595,2629,59.2,Alta,2098.43,0.8,En observación
3596,3342,26.0,Baja,3506.92,1.05,En riesgo
3597,5677,33.8,Baja,3390.84,0.6,En observación
3598,3654,20.6,Media,2012.1,0.55,En observación
3599,2683,32.1,Alta,2155.26,0.8,Saludable
3600,5676,13.2,Baja,4524.3,0.8,En observación
3601,3419,10.5,Alta,3100.17,0.91,En observación
3602,2487,40.6,Baja,2033.08,0.82,En observación
3603,2219,47.1,Alta,1787.84,0.81,En observación
3604,2212,22.3,Baja,1482.03,0.67,En observación
3605,887,47.1,Media,820.22,0.92,En observación
3606,3704,16.5,Media,2603.61,0.7,Saludable
3607,2858,60.0,Baja,1916.98,0.67,En observación
3608,2356,45.7,Media,1066.38,0.45,Saludable
3609,5670,33.7,Baja,4448.38,0.78,En riesgo
3610,3870,19.4,Media,2706.01,0.7,Saludable
3611,5384,38.6,Alta,5127.69,0.95,En observación
3612,2879,15.8,Media,2132.45,0.74,Saludable
3613,3747,47.0,Alta,2696.85,0.72,En observación
3614,3359,42.0,Alta,2115.5,0.63,Saludable
3615,4206,44.8,Media,3492.44,0.83,En observación
3616,1797,37.4,Alta,1393.51,0.78,En observación
3617,6234,15.8,Media,6667.3,1.07,En observación
3618,800,27.3,Alta,738.17,0.92,En observación
3619,1288,27.5,Media,767.27,0.6,En observación
3620,4660,14.2,Alta,2902.97,0.62,Saludable
3621,2212,13.8,Baja,1189.69,0.54,En observación
3622,3964,19.7,Media,2976.63,0.75,En observación
3623,2039,0.7,Media,1696.27,0.83,Saludable
3624,2435,39.8,Media,2194.08,0.9,Saludable
3625,2521,64.8,Alta,2155.49,0.86,En observación
3626,5259,30.3,Baja,4698.41,0.89,En riesgo
3627,4309,25.2,Alta,3365.2,0.78,Saludable
3628,3519,12.5,Alta,2138.45,0.61,Saludable
3629,2084,22.4,Media,1501.51,0.72,En observación
3630,4924,23.0,Alta,4876.33,0.99,En observación
3631,4256,32.3,Alta,3436.47,0.81,En observación
3632,5335,50.0,Baja,4040.94,0.76,En riesgo
3633,5515,20.6,Alta,3820.16,0.69,Saludable
3634,4849,43.7,Baja,3435.25,0.71,En observación
3635,3869,16.2,Media,1864.13,0.48,Saludable
3636,3990,50.4,Baja,3020.43,0.76,En riesgo
3637,5274,6.8,Baja,4449.31,0.84,En observación
3638,4349,22.7,Media,2621.45,0.6,En observación
3639,5974,42.9,Baja,3934.57,0.66,En observación
3640,977,49.7,Baja,564.79,0.58,En observación
3641,5482,5.8,Media,5584.01,1.02,En observación
3642,1777,26.3,Alta,1101.62,0.62,Saludable
3643,2528,1.3,Baja,1795.64,0.71,Saludable
3644,3806,12.2,Alta,2520.17,0.66,Saludable
3645,3181,33.8,Media,2775.27,0.87,En observación
3646,3403,0.0,Media,2703.75,0.79,Saludable
3647,2025,34.7,Alta,1946.2,0.96,En observación
3648,2083,32.5,Baja,1061.48,0.51,En observación
3649,5334,30.9,Alta,2195.99,0.41,Saludable
3650,3743,42.9,Media,1717.39,0.46,En observación
3651,5496,58.3,Media,4449.67,0.81,En riesgo
3652,800,61.5,Baja,517.13,0.65,En observación
3653,3117,52.7,Media,3576.6,1.15,En riesgo
3654,4997,30.6,Alta,2814.29,0.56,En observación
3655,2567,53.0,Alta,2525.25,0.98,En observación
3656,6243,63.5,Alta,4485.32,0.72,En observación
3657,800,63.7,Alta,536.69,0.67,En observación
3658,2388,53.1,Baja,1490.06,0.62,En observación
3659,3187,22.0,Alta,2732.32,0.86,Saludable
3660,4442,25.6,Baja,2799.71,0.63,En observación
3661,6567,33.4,Media,2580.32,0.39,Saludable
3662,3645,57.7,Media,3408.68,0.94,En observación
3663,7128,29.5,Baja,6945.09,0.97,En observación
3664,800,8.9,Baja,200.0,0.25,En observación
3665,3822,16.1,Media,3177.89,0.83,En observación
3666,4431,48.1,Media,3092.01,0.7,En observación
3667,4742,42.0,Alta,3642.48,0.77,En observación
3668,2843,16.5,Baja,2346.2,0.83,En observación
3669,4243,17.5,Media,2876.57,0.68,En observación
3670,2892,18.0,Baja,2778.41,0.96,En observación
3671,2461,38.6,Media,2261.45,0.92,En riesgo
3672,2379,38.9,Baja,1584.65,0.67,En observación
3673,5305,21.8,Baja,4244.41,0.8,En observación
3674,1894,44.5,Media,1611.51,0.85,En observación
3675,3916,18.4,Alta,3710.31,0.95,Saludable
3676,2965,35.4,Alta,2252.75,0.76,En observación
3677,1222,54.8,Alta,1032.01,0.84,En observación
3678,4811,29.8,Media,2496.16,0.52,Saludable
3679,5884,50.8,Media,3756.77,0.64,Saludable
3680,3181,25.7,Alta,2242.74,0.71,En observación
3681,4814,44.9,Media,3996.72,0.83,En observación
3682,2988,64.6,Media,2442.27,0.82,En riesgo
3683,4039,36.2,Alta,1296.68,0.32,Saludable
3684,3443,49.2,Media,2611.79,0.76,En observación
3685,4145,17.9,Media,2200.91,0.53,Saludable
3686,4314,48.9,Baja,3610.5,0.84,En riesgo
3687,4210,31.5,Baja,3685.63,0.88,En observación
3688,3667,14.3,Alta,3517.84,0.96,Saludable
3689,3546,7.4,Baja,3308.52,0.93,En observación
3690,4335,17.8,Baja,2647.58,0.61,En observación
3691,2458,36.5,Media,887.43,0.36,Saludable
3692,6195,36.6,Baja,4832.24,0.78,En riesgo
3693,800,17.8,Media,542.23,0.68,En observación
3694,4813,17.0,Baja,4474.32,0.93,En observación
3695,5317,14.5,Alta,3869.73,0.73,Saludable
3696,5084,22.2,Media,3774.15,0.74,En observación
3697,4318,43.3,Baja,3402.59,0.79,En observación
3698,2975,30.4,Media,2364.91,0.79,En observación
3699,3529,7.2,Alta,3070.67,0.87,Saludable
3700,5003,30.0,Alta,2186.75,0.44,Saludable
3701,3200,41.1,Media,1207.52,0.38,En observación
3702,4271,20.1,Alta,3260.62,0.76,Saludable
3703,2406,23.9,Alta,1496.71,0.62,Saludable
3704,2398,16.5,Baja,2561.61,1.07,En riesgo
3705,800,18.5,Alta,634.91,0.79,Saludable
3706,1264,47.4,Baja,1135.76,0.9,En riesgo
3707,5535,36.8,Media,4598.17,0.83,En riesgo
3708,5152,17.4,Alta,4451.2,0.86,Saludable
3709,4256,37.1,Media,2132.15,0.5,En observación
3710,3898,23.5,Alta,3144.31,0.81,En observación
3711,3454,33.4,Baja,3450.6,1.0,En riesgo
3712,3801,15.6,Alta,3309.85,0.87,Saludable
3713,5426,30.7,Media,2295.59,0.42,Saludable
3714,4604,21.4,Alta,3814.96,0.83,Saludable
3715,3250,28.6,Baja,1931.25,0.59,En observación
3716,2623,24.4,Media,1814.44,0.69,En observación
3717,4883,28.1,Baja,4562.02,0.93,En riesgo
3718,4782,38.0,Alta,3867.82,0.81,En observación
3719,3634,44.8,Alta,3127.2,0.86,En observación
3720,4844,31.4,Baja,3540.46,0.73,En observación
3721,3749,44.9,Media,3411.62,0.91,En observación
3722,4399,49.1,Baja,3180.5,0.72,En observación
3723,5452,22.1,Media,3411.53,0.63,Saludable
3724,4357,5.7,Media,2679.35,0.61,Saludable
3725,4583,20.2,Media,3326.58,0.73,Saludable
3726,2677,34.0,Baja,1766.03,0.66,En observación
3727,1303,47.0,Media,1096.88,0.84,En riesgo
3728,5436,17.6,Baja,3726.32,0.69,Saludable
3729,8211,27.8,Baja,7693.47,0.94,En observación
3730,4995,57.9,Baja,3692.05,0.74,En observación
3731,3292,0.0,Alta,2446.55,0.74,Saludable
3732,3446,25.7,Alta,2911.74,0.84,En observación
3733,1010,31.3,Alta,1200.36,1.19,En observación
3734,3372,59.1,Media,3199.19,0.95,En observación
3735,3809,30.0,Alta,2343.86,0.62,Saludable
3736,3080,31.7,Alta,1895.1,0.62,Saludable
3737,3438,55.7,Alta,2629.37,0.76,En observación
3738,4631,27.6,Media,5030.4,1.09,En observación
3739,4551,18.7,Baja,3825.37,0.84,En observación
3740,3415,22.5,Alta,2169.05,0.64,Saludable
3741,4443,28.1,Baja,3561.99,0.8,En observación
3742,3648,27.0,Baja,2747.8,0.75,En riesgo
3743,3967,39.7,Baja,3288.03,0.83,En observación
3744,5441,25.6,Baja,5114.05,0.94,En observación
3745,2060,35.5,Alta,1135.39,0.55,Saludable
3746,1709,25.2,Media,841.32,0.49,En observación
3747,1019,30.1,Alta,973.95,0.96,En observación
3748,4777,25.2,Media,4744.5,0.99,En observación
3749,3818,33.6,Alta,2654.63,0.7,Saludable
3750,5356,49.7,Alta,3164.65,0.59,En observación
3751,3285,29.5,Baja,2501.77,0.76,En riesgo
3752,2379,17.3,Media,2313.8,0.97,En observación
3753,1605,22.7,Alta,1108.4,0.69,En observación
3754,4887,47.2,Media,4386.55,0.9,En riesgo
3755,2468,27.0,Media,1411.24,0.57,En observación
3756,4526,32.0,Alta,4462.94,0.99,Saludable
3757,4250,11.3,Media,3259.54,0.77,En observación
3758,3178,38.3,Alta,1834.49,0.58,Saludable
3759,4336,56.2,Alta,2474.61,0.57,En observación
3760,3565,10.0,Baja,1947.66,0.55,En observación
3761,2893,10.3,Baja,1287.6,0.45,Saludable
3762,3791,29.9,Media,2501.22,0.66,En observación
3763,5060,35.9,Baja,3684.51,0.73,En riesgo
3764,2060,26.6,Media,1470.44,0.71,Saludable
3765,2870,0.0,Alta,3140.33,1.09,Saludable
3766,5879,30.6,Baja,5007.0,0.85,En observación
3767,3812,39.8,Alta,3314.99,0.87,En observación
3768,2948,22.8,Baja,1365.07,0.46,En observación
3769,5124,54.2,Baja,4124.47,0.8,En observación
3770,954,45.6,Baja,407.04,0.43,En observación
3771,3164,29.0,Alta,2393.39,0.76,En observación
3772,800,30.2,Media,278.94,0.35,En observación
3773,2667,0.0,Baja,1609.38,0.6,Saludable
3774,5286,32.9,Alta,4292.23,0.81,En observación
3775,3356,41.3,Media,2930.11,0.87,En observación
3776,5709,8.7,Media,5224.45,0.92,Saludable
3777,4402,57.9,Baja,3132.74,0.71,En riesgo
3778,4416,25.1,Alta,4757.31,1.08,En observación
3779,3020,21.9,Alta,1757.85,0.58,Saludable
3780,2974,22.7,Media,1878.17,0.63,En observación
3781,1955,32.2,Alta,1674.76,0.86,En observación
3782,3412,26.4,Media,2836.32,0.83,En observación
3783,3112,6.6,Media,2071.89,0.67,Saludable
3784,2499,30.5,Media,2035.62,0.81,En riesgo
3785,2694,41.6,Baja,2168.87,0.81,En riesgo
3786,4364,14.9,Alta,1919.51,0.44,Saludable
3787,2707,15.3,Baja,1412.61,0.52,En observación
3788,5762,23.9,Media,4933.7,0.86,En observación
3789,1566,41.0,Alta,865.93,0.55,Saludable
3790,2988,43.4,Alta,1671.88,0.56,En observación
3791,2240,22.3,Media,560.0,0.25,En observación
3792,4326,18.5,Alta,2368.75,0.55,Saludable
3793,4575,1.6,Media,3314.66,0.72,En observación
3794,1799,31.2,Media,2062.73,1.15,En riesgo
3795,3689,37.6,Media,2500.57,0.68,En observación
3796,2901,0.6,Media,1971.42,0.68,Saludable
3797,3078,26.1,Alta,2971.92,0.97,En observación
3798,3895,30.0,Baja,2178.88,0.56,Saludable
3799,3670,41.9,Alta,2680.93,0.73,Saludable
3800,4197,28.8,Baja,4421.26,1.05,En riesgo
3801,4939,41.4,Alta,2557.27,0.52,En observación
3802,4064,39.1,Media,3408.35,0.84,En observación
3803,7551,28.9,Alta,6935.9,0.92,En observación
3804,4686,44.1,Alta,3821.89,0.82,En observación
3805,2174,22.7,Alta,1713.61,0.79,En observación
3806,3769,49.3,Media,2377.85,0.63,En observación
3807,3962,28.8,Baja,3358.65,0.85,En observación
3808,2990,28.9,Alta,2258.03,0.76,Saludable
3809,3195,23.9,Media,2888.92,0.9,En observación
3810,6885,32.4,Baja,4481.07,0.65,En riesgo
3811,4120,44.9,Media,3529.1,0.86,En observación
3812,4303,13.5,Baja,3511.92,0.82,En observación
3813,3238,19.1,Media,2636.85,0.81,En observación
3814,4222,34.3,Media,2705.34,0.64,En observación
3815,4881,46.0,Media,2653.21,0.54,Saludable
3816,2410,45.7,Media,2334.52,0.97,En observación
3817,3961,57.5,Media,3266.86,0.82,En riesgo
3818,4998,16.3,Alta,3577.59,0.72,Saludable
3819,3656,43.7,Alta,3010.95,0.82,Saludable
3820,1531,0.0,Baja,1196.58,0.78,En observación
3821,3925,15.6,Alta,3420.03,0.87,En observación
3822,1617,8.0,Media,1212.71,0.75,En observación
3823,6050,38.5,Media,3742.53,0.62,En observación
3824,2821,18.5,Alta,1027.09,0.36,Saludable
3825,2555,31.4,Baja,858.78,0.34,En observación
3826,800,46.3,Baja,675.15,0.84,En riesgo
3827,4344,15.3,Baja,3314.59,0.76,En observación
3828,800,23.3,Alta,596.74,0.75,Saludable
3829,5686,13.1,Media,3628.76,0.64,Saludable
3830,5765,26.3,Baja,3868.81,0.67,En observación
3831,4454,35.2,Baja,5463.36,1.23,En riesgo
3832,2802,21.6,Baja,1903.41,0.68,En observación
3833,3560,41.8,Media,2276.96,0.64,En observación
3834,5774,8.6,Media,2181.38,0.38,Saludable
3835,1189,35.8,Baja,814.55,0.69,En observación
3836,5229,19.6,Media,4651.28,0.89,En observación
3837,2817,41.1,Baja,1990.13,0.71,En riesgo
3838,1143,5.3,Alta,776.75,0.68,Saludable
3839,2725,26.7,Baja,2396.92,0.88,En observación
3840,2264,24.7,Alta,1384.56,0.61,Saludable
3841,1080,31.0,Media,699.44,0.65,En observación
3842,1329,21.9,Baja,1430.43,1.08,En observación
3843,3145,11.8,Media,1595.41,0.51,En observación
3844,3757,32.0,Baja,1670.6,0.44,En observación
3845,5236,47.2,Alta,4556.89,0.87,En observación
3846,3970,40.0,Media,1695.19,0.43,Saludable
3847,4832,43.1,Media,2277.1,0.47,En observación
3848,3643,41.7,Baja,2316.17,0.64,En riesgo
3849,4766,24.7,Media,3589.73,0.75,En observación
3850,5977,28.2,Alta,3490.78,0.58,Saludable
3851,3690,41.3,Alta,1880.24,0.51,En observación
3852,3963,37.0,Baja,2902.92,0.73,En observación
3853,3278,45.3,Baja,2453.82,0.75,En riesgo
3854,2849,32.9,Media,1724.48,0.61,En observación
3855,2249,25.1,Alta,1559.25,0.69,Saludable
3856,4584,25.3,Media,4588.16,1.0,En observación
3857,3754,18.4,Alta,3099.96,0.83,Saludable
3858,3267,47.8,Alta,2065.46,0.63,En observación
3859,2347,31.7,Baja,1255.17,0.53,En observación
3860,3377,57.2,Media,2594.02,0.77,En riesgo
3861,3830,24.2,Alta,3933.73,1.03,En observación
3862,2536,37.1,Baja,1768.44,0.7,En observación
3863,4904,46.4,Alta,5300.39,1.08,En observación
3864,3127,42.5,Baja,2823.58,0.9,En riesgo
3865,3433,27.5,Baja,2132.59,0.62,En observación
3866,1178,41.6,Baja,1008.14,0.86,En riesgo
3867,3707,53.0,Media,3362.1,0.91,En observación
3868,2616,16.8,Baja,2221.59,0.85,En observación
3869,5125,49.8,Baja,3032.86,0.59,En observación
3870,3525,43.3,Alta,3664.88,1.04,En observación
3871,3023,26.0,Baja,1505.09,0.5,En observación
3872,4142,25.8,Alta,1954.89,0.47,En observación
3873,3899,31.7,Alta,2153.7,0.55,Saludable
3874,3254,1.7,Media,1813.63,0.56,Saludable
3875,6416,35.5,Baja,6085.93,0.95,En riesgo
3876,3370,46.4,Baja,3536.14,1.05,En riesgo
3877,1900,29.0,Alta,1519.91,0.8,Saludable
3878,4082,42.3,Media,3798.32,0.93,En riesgo
3879,3006,9.5,Baja,2448.33,0.81,En riesgo
3880,2785,40.3,Media,2437.53,0.88,En observación
3881,3510,16.1,Alta,1190.95,0.34,Saludable
3882,2915,46.5,Baja,2132.14,0.73,En observación
3883,2164,39.9,Media,2152.11,0.99,En riesgo
3884,4409,7.9,Baja,3027.65,0.69,En observación
3885,5183,6.9,Baja,3835.39,0.74,En observación
3886,2357,0.0,Media,1809.68,0.77,Saludable
3887,2324,24.7,Baja,1687.08,0.73,En observación
3888,2174,26.7,Alta,942.79,0.43,Saludable
3889,800,25.7,Baja,732.36,0.92,En observación
3890,4575,47.3,Baja,1143.75,0.25,En observación
3891,800,28.2,Media,598.97,0.75,Saludable
3892,6387,34.3,Media,3814.16,0.6,En observación
3893,807,11.6,Media,271.23,0.34,En observación
3894,3999,39.9,Baja,3215.92,0.8,En riesgo
3895,3617,34.1,Media,2782.81,0.77,En observación
3896,3430,34.1,Baja,2640.75,0.77,En observación
3897,1483,46.2,Alta,1030.3,0.69,En observación
3898,1862,7.9,Alta,1113.76,0.6,Saludable
3899,2502,49.4,Baja,1957.35,0.78,En riesgo
3900,4107,0.0,Baja,3860.94,0.94,En observación
3901,3846,18.4,Alta,4367.86,1.14,En observación
3902,2387,28.1,Alta,1895.34,0.79,En observación
3903,3544,14.6,Baja,2200.25,0.62,En observación
3904,5352,36.4,Alta,3268.92,0.61,En observación
3905,2920,43.4,Alta,3518.2,1.2,En observación
3906,4702,18.8,Baja,3431.48,0.73,En observación
3907,3209,66.9,Media,2229.66,0.69,En riesgo
3908,800,36.5,Media,764.46,0.96,En observación
3909,800,29.4,Alta,602.47,0.75,En observación
3910,6516,24.3,Baja,3882.68,0.6,En observación
3911,3797,37.2,Alta,2474.82,0.65,En observación
3912,4198,30.6,Alta,2466.6,0.59,Saludable
3913,800,33.5,Baja,603.79,0.75,En observación
3914,4256,35.8,Media,3107.44,0.73,En observación
3915,1394,21.2,Alta,1058.16,0.76,Saludable
3916,4790,20.1,Alta,3779.0,0.79,Saludable
3917,4619,43.5,Media,4041.28,0.87,En observación
3918,5291,52.9,Baja,3509.08,0.66,En riesgo
3919,2164,0.8,Baja,1335.26,0.62,Saludable
3920,2968,15.6,Baja,1834.17,0.62,En observación
3921,2345,38.2,Baja,2046.48,0.87,En riesgo
3922,5189,33.6,Baja,3312.41,0.64,En observación
3923,3990,22.3,Alta,3555.38,0.89,Saludable
3924,3133,38.3,Alta,2187.57,0.7,Saludable
3925,3293,17.5,Media,3165.57,0.96,En observación
3926,3977,36.2,Media,2303.67,0.58,En observación
3927,2136,50.9,Media,1164.16,0.55,En observación
3928,1664,9.6,Media,1724.6,1.04,En observación
3929,3710,20.2,Baja,3388.6,0.91,En observación
3930,4690,16.9,Baja,2973.41,0.63,En observación
3931,4796,39.0,Media,2690.84,0.56,En observación
3932,3735,17.3,Alta,3722.95,1.0,Saludable
3933,2332,22.4,Baja,583.0,0.25,Saludable
3934,4438,30.5,Baja,4585.18,1.03,En riesgo
3935,4150,34.7,Alta,3161.75,0.76,Saludable
3936,1408,31.5,Alta,1212.13,0.86,En observación
3937,2161,44.1,Alta,2197.39,1.02,En observación
3938,4984,21.6,Alta,4703.24,0.94,En observación
3939,4267,35.5,Alta,3106.94,0.73,Saludable
3940,3377,44.8,Media,2264.39,0.67,En observación
3941,4606,25.5,Alta,4605.93,1.0,En observación
3942,5764,36.5,Baja,4306.54,0.75,En observación
3943,3368,26.9,Alta,1763.17,0.52,Saludable
3944,2294,38.8,Media,2259.89,0.99,En observación
3945,6068,28.1,Baja,3486.04,0.57,En observación
3946,2830,28.8,Alta,1916.56,0.68,Saludable
3947,4586,25.7,Alta,2253.57,0.49,Saludable
3948,1692,12.7,Alta,1632.22,0.96,Saludable
3949,800,39.3,Baja,556.24,0.7,En observación
3950,3028,33.5,Alta,1860.74,0.61,En observación
3951,1286,36.7,Media,1113.14,0.87,En observación
3952,1964,45.3,Media,1122.71,0.57,En observación
3953,4831,30.5,Alta,2060.49,0.43,En observación
3954,2705,24.0,Baja,2153.29,0.8,En observación
3955,6442,5.1,Baja,5789.24,0.9,En observación
3956,3294,41.8,Media,3024.45,0.92,En observación
3957,6125,6.6,Media,3342.06,0.55,Saludable
3958,6387,25.4,Baja,4753.54,0.74,En riesgo
3959,3050,12.3,Baja,2058.44,0.67,En observación
3960,3606,59.0,Media,3183.48,0.88,En observación
3961,3577,17.2,Alta,2252.37,0.63,En riesgo
3962,5028,42.9,Alta,3207.0,0.64,En observación
3963,5149,58.2,Baja,5560.72,1.08,En riesgo
3964,1835,14.9,Alta,1064.47,0.58,Saludable
3965,2650,61.1,Baja,2896.03,1.09,En riesgo
3966,6433,52.3,Media,4302.86,0.67,Saludable
3967,3173,20.3,Media,2497.69,0.79,En observación
3968,3595,37.9,Baja,1911.63,0.53,En observación
3969,2841,33.0,Media,2620.35,0.92,En observación
3970,3078,28.2,Alta,2023.57,0.66,En observación
3971,2419,21.7,Media,1505.14,0.62,En observación
3972,2761,36.9,Media,3052.64,1.11,En observación
3973,5168,55.1,Alta,4831.53,0.93,En observación
3974,4463,10.7,Alta,2720.61,0.61,Saludable
3975,6861,17.8,Baja,4123.83,0.6,En observación
3976,4340,32.1,Media,4103.98,0.95,En observación
3977,1429,17.9,Baja,1422.94,1.0,En observación
3978,5281,27.8,Baja,3040.92,0.58,En observación
3979,2048,21.5,Alta,1610.07,0.79,En observación
3980,1115,29.7,Baja,718.52,0.64,En observación
3981,3699,21.7,Baja,3694.51,1.0,En riesgo
3982,5273,22.6,Media,3041.2,0.58,En observación
3983,3274,20.9,Baja,1762.62,0.54,En observación
3984,2894,40.3,Baja,2516.97,0.87,En riesgo
3985,1611,36.0,Baja,997.3,0.62,En observación
3986,2857,46.0,Media,1951.28,0.68,En riesgo
3987,4323,24.1,Alta,4144.93,0.96,En observación
3988,2101,57.9,Media,1673.88,0.8,En observación
3989,2217,47.7,Alta,1869.17,0.84,En observación
3990,2739,42.5,Alta,2503.79,0.91,En observación
3991,1375,38.7,Alta,641.85,0.47,Saludable
3992,2829,48.3,Media,1921.71,0.68,En observación
3993,2729,45.0,Media,3058.83,1.12,En observación
3994,3938,71.2,Alta,3000.7,0.76,En observación
3995,4683,30.6,Media,2073.16,0.44,En observación
3996,800,23.7,Baja,773.87,0.97,En observación
3997,2459,43.2,Alta,1467.53,0.6,Saludable
3998,3912,27.3,Alta,2058.26,0.53,Saludable
3999,4197,24.6,Alta,2927.66,0.7,Saludable
4000,5286,25.8,Alta,4587.42,0.87,En observación
4001,4819,30.6,Baja,2822.88,0.59,En observación
4002,4014,57.3,Media,2660.79,0.66,En observación
4003,3008,31.7,Baja,3076.5,1.02,En riesgo
4004,1638,21.4,Media,1598.88,0.98,En observación
4005,1777,17.7,Baja,1557.77,0.88,En riesgo
4006,3527,67.1,Alta,3168.47,0.9,En observación
4007,2276,15.4,Baja,1844.42,0.81,En observación
4008,6011,52.0,Baja,5193.22,0.86,En observación
4009,2492,48.8,Alta,1616.43,0.65,En observación
4010,4212,30.8,Media,2626.14,0.62,En observación
4011,3784,45.5,Media,2234.71,0.59,En observación
4012,3567,39.9,Alta,2091.96,0.59,Saludable
4013,4511,7.2,Alta,4426.63,0.98,Saludable
4014,1179,22.8,Alta,964.71,0.82,Saludable
4015,3530,41.1,Alta,2519.03,0.71,Saludable
4016,3052,51.2,Alta,3214.71,1.05,En observación
4017,5137,33.8,Baja,4707.12,0.92,En observación
4018,848,38.8,Media,492.37,0.58,Saludable
4019,1522,39.0,Alta,1179.7,0.78,En observación
4020,4504,23.7,Media,3320.87,0.74,En observación
4021,3185,15.5,Alta,2612.61,0.82,En observación
4022,2275,49.2,Baja,1752.74,0.77,En riesgo
4023,951,2.9,Baja,737.92,0.78,En observación
4024,2493,55.1,Baja,2199.55,0.88,En riesgo
4025,3546,67.2,Baja,1866.4,0.53,En riesgo
4026,3016,40.6,Media,2949.98,0.98,En observación
4027,5178,63.3,Baja,3945.27,0.76,En riesgo
4028,2614,30.3,Media,1877.37,0.72,En observación
4029,5307,28.4,Alta,5445.26,1.03,En observación
4030,4770,22.3,Alta,3052.18,0.64,Saludable
4031,4924,11.8,Baja,4292.89,0.87,En observación
4032,4735,30.3,Media,4687.91,0.99,En riesgo
4033,5653,51.9,Alta,4385.9,0.78,Saludable
4034,1921,0.0,Alta,1066.04,0.55,Saludable
4035,2661,27.3,Alta,2231.75,0.84,Saludable
4036,1817,29.2,Alta,1068.89,0.59,Saludable
4037,5514,25.9,Baja,5893.21,1.07,En riesgo
4038,2631,13.3,Baja,1948.36,0.74,En observación
4039,2765,43.6,Baja,2675.19,0.97,En riesgo
4040,2486,40.7,Alta,1932.45,0.78,Saludable
4041,2972,28.9,Baja,1391.87,0.47,En observación
4042,2782,0.0,Alta,2074.55,0.75,Saludable
4043,6033,21.2,Baja,3332.78,0.55,En observación
4044,2509,18.3,Baja,2111.85,0.84,En observación
4045,1314,55.9,Media,1122.56,0.85,En observación
4046,3495,37.6,Media,3233.58,0.93,En observación
4047,4049,22.4,Alta,2899.02,0.72,Saludable
4048,3490,41.0,Alta,2923.49,0.84,Saludable
4049,1463,24.5,Alta,1578.8,1.08,En observación
4050,3188,22.0,Media,2073.07,0.65,En observación
4051,5601,36.8,Baja,3390.65,0.61,En riesgo
4052,3618,21.3,Media,3633.11,1.0,En observación
4053,5994,16.9,Baja,6038.39,1.01,En observación
4054,5437,58.5,Alta,2969.31,0.55,En observación
4055,1387,14.3,Media,839.67,0.61,En observación
4056,3550,27.5,Alta,2755.94,0.78,En observación
4057,4502,46.4,Baja,4851.38,1.08,En riesgo
4058,2718,39.2,Baja,1478.68,0.54,En observación
4059,4999,28.1,Media,2662.09,0.53,Saludable
4060,3573,47.1,Media,3405.56,0.95,En observación
4061,6513,28.4,Media,4722.3,0.73,Saludable
4062,2829,42.8,Alta,2918.15,1.03,En observación
4063,4193,45.7,Baja,3153.21,0.75,En observación
4064,3871,41.4,Media,2243.1,0.58,En observación
4065,1767,0.0,Alta,1651.9,0.93,Saludable
4066,5897,42.9,Alta,4046.77,0.69,En observación
4067,4349,44.5,Alta,3514.34,0.81,En observación
4068,3055,15.0,Baja,2255.61,0.74,En observación
4069,1698,9.9,Media,1410.24,0.83,En observación
4070,3251,24.6,Media,3328.08,1.02,En riesgo
4071,1644,22.0,Alta,1484.53,0.9,En observación
4072,3438,12.9,Media,2156.12,0.63,Saludable
4073,3915,55.6,Baja,2452.21,0.63,En observación
4074,3337,45.5,Media,1633.67,0.49,En observación
4075,3242,19.0,Alta,1497.69,0.46,Saludable
4076,3243,32.6,Baja,1906.41,0.59,En observación
4077,2770,28.5,Media,1743.66,0.63,Saludable
4078,7593,9.5,Baja,5942.76,0.78,Saludable
4079,800,31.5,Media,625.11,0.78,En observación
4080,4099,27.8,Baja,2373.62,0.58,En riesgo
4081,4893,11.3,Alta,3703.19,0.76,Saludable
4082,2982,41.6,Alta,2682.94,0.9,En observación
4083,3079,52.5,Alta,2826.25,0.92,En observación
4084,1056,35.2,Baja,924.69,0.88,En observación
4085,3878,23.7,Baja,2754.33,0.71,En observación
4086,3278,50.9,Alta,2195.11,0.67,En observación
4087,2291,41.4,Alta,1718.93,0.75,En observación
4088,3511,39.6,Baja,1010.59,0.29,Saludable
4089,4126,0.0,Baja,2700.45,0.65,En observación
4090,2258,19.6,Baja,1803.88,0.8,En observación
4091,2062,21.4,Baja,1275.09,0.62,Saludable
4092,3713,44.0,Baja,3464.21,0.93,En observación
4093,1622,30.3,Media,1458.61,0.9,En observación
4094,3934,47.1,Media,2427.1,0.62,En observación
4095,5952,27.0,Media,3106.23,0.52,Saludable
4096,2093,35.4,Baja,1232.21,0.59,En observación
4097,2396,0.0,Baja,1929.24,0.81,En observación
4098,4277,19.9,Baja,2607.61,0.61,En observación
4099,5779,30.2,Alta,4775.91,0.83,Saludable
4100,1185,44.5,Alta,1082.51,0.91,En observación
4101,3227,39.0,Alta,2939.4,0.91,En observación
4102,4983,31.0,Alta,2563.83,0.51,Saludable
4103,3885,40.6,Media,3860.53,0.99,En observación
4104,6651,3.6,Baja,5490.28,0.83,En observación
4105,800,27.0,Media,390.17,0.49,Saludable
4106,3552,46.8,Baja,1700.11,0.48,En observación
4107,3647,45.4,Media,2451.82,0.67,En observación
4108,1674,10.6,Alta,1399.47,0.84,En observación
4109,2653,39.4,Media,1262.25,0.48,En observación
4110,4503,8.3,Media,3211.99,0.71,En observación
4111,800,50.0,Baja,650.93,0.81,En riesgo
4112,2881,4.2,Alta,2437.7,0.85,Saludable
4113,3548,46.3,Media,3147.68,0.89,En riesgo
4114,3731,19.6,Baja,2671.71,0.72,En observación
4115,5024,8.0,Alta,3775.72,0.75,En observación
4116,3140,44.0,Alta,2633.71,0.84,En observación
4117,2285,17.9,Baja,1722.09,0.75,En observación
4118,3095,33.8,Baja,3315.47,1.07,En riesgo
4119,4438,47.5,Baja,2557.89,0.58,En observación
4120,7138,28.8,Alta,6787.93,0.95,En observación
4121,1283,34.7,Baja,996.14,0.78,En observación
4122,2369,13.2,Media,1573.77,0.66,Saludable
4123,5277,57.3,Baja,5284.32,1.0,En riesgo
4124,1993,23.9,Media,1570.06,0.79,En observación
4125,4366,40.8,Media,3695.96,0.85,En riesgo
4126,2143,44.0,Media,1338.91,0.62,En observación
4127,4298,48.2,Media,3601.05,0.84,En observación
4128,3965,32.0,Baja,2170.16,0.55,En observación
4129,3382,31.2,Alta,2543.4,0.75,En observación
4130,3177,38.4,Media,2300.07,0.72,En riesgo
4131,3621,65.1,Baja,2945.18,0.81,En riesgo
4132,2151,8.4,Media,1229.38,0.57,Saludable
4133,4092,22.1,Baja,3206.68,0.78,En riesgo
4134,3368,61.2,Media,1813.18,0.54,En observación
4135,2691,44.0,Alta,933.34,0.35,Saludable
4136,3339,53.3,Media,2639.99,0.79,En observación
4137,1704,55.1,Alta,1087.49,0.64,Saludable
4138,5716,45.2,Alta,5597.85,0.98,En observación
4139,1212,32.0,Baja,982.11,0.81,En riesgo
4140,5717,4.0,Media,5172.43,0.9,Saludable
4141,4784,22.9,Media,2887.07,0.6,Saludable
4142,1332,30.6,Alta,813.74,0.61,En observación
4143,4460,55.3,Media,3639.09,0.82,En riesgo
4144,5600,20.6,Baja,2699.84,0.48,En observación
4145,1366,66.8,Alta,1382.38,1.01,En riesgo
4146,3594,38.3,Alta,2398.26,0.67,En observación
4147,1677,0.0,Baja,1019.07,0.61,Saludable
4148,5717,57.2,Baja,2844.05,0.5,En riesgo
4149,4927,6.5,Baja,3349.14,0.68,En observación
4150,4622,11.6,Media,3384.24,0.73,Saludable
4151,4210,26.7,Baja,2751.89,0.65,En observación
4152,6554,23.7,Baja,3687.41,0.56,En observación
4153,3285,8.8,Alta,3783.23,1.15,En observación
4154,2933,32.4,Media,3113.15,1.06,En observación
4155,3914,61.3,Alta,3026.19,0.77,En observación
4156,2572,33.1,Alta,2545.11,0.99,En observación
4157,4740,8.5,Baja,2323.22,0.49,Saludable
4158,5657,31.0,Media,4537.85,0.8,En observación
4159,5164,20.8,Baja,4512.77,0.87,En observación
4160,6475,18.0,Alta,3827.83,0.59,Saludable
4161,3620,34.9,Media,2863.12,0.79,En observación
4162,5920,43.4,Alta,5888.1,0.99,En observación
4163,4125,33.0,Alta,3931.29,0.95,En observación
4164,3790,7.2,Media,4056.59,1.07,En observación
4165,2587,36.1,Baja,1236.59,0.48,En observación
4166,1293,26.7,Baja,1026.64,0.79,En riesgo
4167,3660,39.5,Alta,2726.44,0.74,En observación
4168,3628,27.2,Baja,1619.6,0.45,En observación
4169,3867,26.3,Media,2791.8,0.72,En observación
4170,2205,22.6,Media,1531.97,0.69,En observación
4171,4090,27.3,Baja,2309.47,0.56,En observación
4172,7396,13.1,Baja,4856.56,0.66,En observación
4173,4041,37.8,Alta,2708.73,0.67,En observación
4174,3592,25.3,Media,2852.67,0.79,En observación
4175,3467,29.8,Baja,3266.85,0.94,En riesgo
4176,5876,3.7,Baja,5364.33,0.91,En observación
4177,2172,33.8,Baja,2039.95,0.94,En observación
4178,4164,43.1,Alta,2320.25,0.56,Saludable
4179,3951,18.1,Media,2338.01,0.59,Saludable
4180,4702,39.7,Alta,2797.43,0.59,En observación
4181,2246,5.8,Media,1536.07,0.68,En observación
4182,4484,30.0,Media,3026.67,0.67,En observación
4183,3663,14.0,Alta,2517.73,0.69,Saludable
4184,1473,17.4,Baja,1213.59,0.82,En observación
4185,3037,16.3,Alta,3139.75,1.03,Saludable
4186,3877,22.7,Baja,2933.07,0.76,En observación
4187,1445,29.9,Alta,1393.46,0.96,En observación
4188,3305,30.6,Baja,3794.27,1.15,En riesgo
4189,2574,20.7,Alta,2373.69,0.92,Saludable
4190,5132,35.0,Media,4327.25,0.84,En observación
4191,2555,51.9,Baja,1802.78,0.71,En observación
4192,3380,32.9,Alta,1907.85,0.56,Saludable
4193,2573,42.7,Alta,1519.43,0.59,Saludable
4194,800,7.9,Baja,796.06,1.0,En observación
4195,4252,38.0,Media,3232.0,0.76,En observación
4196,5067,32.2,Alta,5076.31,1.0,En observación
4197,2573,22.5,Baja,1592.83,0.62,En observación
4198,2892,18.0,Baja,2335.46,0.81,En observación
4199,3942,58.3,Media,3604.38,0.91,En riesgo
4200,1387,22.5,Media,1217.77,0.88,En observación
4201,6711,30.2,Media,5092.26,0.76,En observación
4202,4245,12.6,Media,4837.94,1.14,En riesgo
4203,4976,9.1,Alta,3915.98,0.79,En observación
4204,4390,15.0,Alta,2778.8,0.63,Saludable
4205,2595,52.9,Media,1048.94,0.4,En observación
4206,1562,15.6,Media,606.44,0.39,Saludable
4207,5766,34.0,Media,3080.74,0.53,En observación
4208,5347,31.6,Media,5968.61,1.12,En riesgo
4209,4524,17.9,Baja,3903.9,0.86,En observación
4210,4280,19.7,Baja,3308.69,0.77,En observación
4211,800,45.0,Baja,383.66,0.48,En observación
4212,4000,34.9,Baja,2796.18,0.7,En observación
4213,4206,41.0,Alta,4466.85,1.06,En observación
4214,3596,16.4,Baja,2979.18,0.83,En observación
4215,3212,38.2,Baja,2239.88,0.7,En riesgo
4216,4869,43.5,Baja,3755.03,0.77,En observación
4217,2582,38.9,Baja,3074.61,1.19,En riesgo
4218,4184,21.7,Media,2404.49,0.57,Saludable
4219,800,50.3,Media,278.86,0.35,En observación
4220,1733,16.7,Media,1729.14,1.0,En observación
4221,2052,21.2,Media,1256.26,0.61,En observación
4222,3759,58.4,Baja,1522.64,0.41,En observación
4223,3027,44.2,Alta,2463.58,0.81,En observación
4224,4018,16.0,Media,3889.54,0.97,En observación
4225,4873,49.0,Baja,4021.11,0.83,En riesgo
4226,4066,26.7,Media,3044.67,0.75,En observación
4227,2721,54.5,Media,2185.87,0.8,En observación
4228,4082,74.7,Media,2229.95,0.55,En observación
4229,1429,26.5,Media,1134.9,0.79,En observación
4230,2690,32.1,Baja,1774.38,0.66,En observación
4231,5171,40.2,Baja,4698.28,0.91,En riesgo
4232,3924,27.6,Baja,2397.54,0.61,En observación
4233,2714,41.0,Alta,2204.91,0.81,En observación
4234,1759,51.5,Media,1184.06,0.67,En observación
4235,2841,67.3,Alta,1932.48,0.68,En observación
4236,3212,27.8,Alta,1957.18,0.61,Saludable
4237,5113,34.7,Alta,2812.1,0.55,Saludable
4238,2673,30.8,Baja,2644.88,0.99,En riesgo
4239,3368,56.7,Baja,3057.19,0.91,En riesgo
4240,6437,37.3,Media,2526.04,0.39,En observación
4241,1112,36.8,Baja,490.98,0.44,En observación
4242,2954,18.4,Baja,2030.01,0.69,En observación
4243,2429,38.2,Alta,1399.55,0.58,Saludable
4244,3986,15.1,Baja,2048.37,0.51,En observación
4245,5185,28.8,Media,3461.94,0.67,En observación
4246,3583,33.6,Media,1056.68,0.29,Saludable
4247,2232,32.3,Alta,1748.68,0.78,En observación
4248,3886,10.5,Baja,3926.65,1.01,En riesgo
4249,1613,35.0,Alta,1036.87,0.64,Saludable
4250,5080,62.0,Media,4496.97,0.89,En riesgo
4251,2990,32.7,Media,2974.33,0.99,En observación
4252,2171,5.7,Baja,1828.74,0.84,En observación
4253,2531,45.4,Baja,1706.1,0.67,En observación
4254,3475,24.7,Media,2753.78,0.79,En observación
4255,1786,37.3,Media,1394.85,0.78,En observación
4256,4808,30.7,Alta,4021.61,0.84,En observación
4257,2743,34.5,Alta,1933.43,0.7,Saludable
4258,3017,37.1,Alta,2307.09,0.76,En observación
4259,3474,5.9,Baja,2625.12,0.76,En observación
4260,3864,21.1,Baja,2066.53,0.53,En observación
4261,3090,32.6,Media,2160.95,0.7,En observación
4262,2826,15.5,Baja,2360.48,0.84,En observación
4263,3746,36.2,Baja,2413.82,0.64,En observación
4264,7139,22.1,Baja,6155.35,0.86,En riesgo
4265,4685,25.5,Baja,3457.15,0.74,En observación
4266,4823,38.5,Baja,3170.66,0.66,En observación
4267,1518,44.8,Baja,1171.39,0.77,En riesgo
4268,2266,8.0,Baja,2092.13,0.92,En observación
4269,4861,24.2,Baja,3438.54,0.71,En observación
4270,4599,42.0,Media,3204.88,0.7,En observación
4271,5164,28.4,Media,3395.7,0.66,En observación
4272,2518,39.4,Alta,1862.02,0.74,Saludable
4273,5193,0.0,Alta,2040.11,0.39,Saludable
4274,4291,20.4,Alta,3332.42,0.78,Saludable
4275,4560,33.7,Baja,3382.54,0.74,En observación
4276,4240,29.6,Alta,1749.72,0.41,En observación
4277,5301,10.7,Alta,3646.43,0.69,Saludable
4278,5118,0.0,Media,3378.79,0.66,Saludable
4279,3072,22.9,Baja,2348.07,0.76,En observación
4280,2373,39.3,Baja,1973.96,0.83,En riesgo
4281,3235,21.4,Baja,2357.04,0.73,En observación
4282,800,35.9,Baja,644.52,0.81,En observación
4283,3276,0.0,Alta,2197.63,0.67,Saludable
4284,3519,25.4,Media,2649.96,0.75,En observación
4285,4488,26.6,Baja,3709.27,0.83,En riesgo
4286,5009,65.1,Baja,3164.59,0.63,En riesgo
4287,2314,35.3,Media,2040.59,0.88,En observación
4288,3632,43.7,Baja,2259.65,0.62,En riesgo
4289,1423,59.1,Baja,1323.73,0.93,En riesgo
4290,2896,22.4,Media,2101.21,0.73,En observación
4291,5383,59.5,Baja,4230.44,0.79,En riesgo
4292,2681,27.3,Baja,1513.63,0.56,En observación
4293,6646,34.5,Alta,3987.84,0.6,En observación
4294,1732,13.6,Media,1048.64,0.61,En observación
4295,3121,0.0,Alta,3020.54,0.97,Saludable
4296,800,25.2,Media,675.02,0.84,En observación
4297,6198,17.2,Media,4700.62,0.76,Saludable
4298,1187,43.3,Baja,989.23,0.83,En riesgo
4299,4140,19.7,Media,2355.56,0.57,Saludable
4300,5242,54.1,Alta,4682.04,0.89,En observación
4301,3905,30.2,Media,2207.61,0.57,En observación
4302,1498,28.1,Baja,1564.66,1.04,En riesgo
4303,2115,28.9,Media,1268.6,0.6,En observación
4304,5062,39.8,Baja,6059.95,1.2,En riesgo
4305,3806,40.2,Baja,2715.81,0.71,En observación
4306,5459,45.1,Media,3857.39,0.71,En observación
4307,5361,42.7,Media,2608.89,0.49,En observación
4308,3249,46.7,Media,3039.72,0.94,En riesgo
4309,1823,18.2,Baja,1732.83,0.95,En observación
4310,1218,38.0,Baja,793.53,0.65,En riesgo
4311,3944,32.4,Alta,2695.87,0.68,En observación
4312,4038,23.9,Alta,2451.33,0.61,Saludable
4313,2034,45.4,Alta,863.43,0.42,Saludable
4314,4415,35.1,Baja,2741.23,0.62,En observación
4315,2171,29.7,Alta,1882.98,0.87,En observación
4316,2487,48.0,Media,1904.06,0.77,En observación
4317,5794,46.8,Media,5513.71,0.95,En observación
4318,4691,33.2,Media,2497.12,0.53,En observación
4319,3885,38.8,Alta,2824.24,0.73,Saludable
4320,4485,10.3,Media,4541.45,1.01,En observación
4321,3868,38.4,Baja,3312.26,0.86,En observación
4322,4736,34.5,Baja,3010.45,0.64,En observación
4323,2999,10.5,Media,3178.96,1.06,En observación
4324,4178,26.6,Media,2985.27,0.71,En observación
4325,6137,21.4,Baja,3368.2,0.55,En observación
4326,819,14.9,Media,577.86,0.71,Saludable
4327,5168,42.9,Baja,3341.3,0.65,En riesgo
4328,5674,28.3,Alta,3795.22,0.67,En observación
4329,4582,33.8,Alta,4561.1,1.0,En observación
4330,2742,31.2,Baja,2569.14,0.94,En observación
4331,3068,50.7,Alta,2018.33,0.66,En observación
4332,5622,29.0,Alta,3641.16,0.65,Saludable
4333,7497,58.1,Baja,5791.96,0.77,En riesgo
4334,3676,33.7,Media,1934.29,0.53,En observación
4335,5484,3.0,Alta,4928.94,0.9,En observación
4336,2659,55.4,Media,1663.84,0.63,En observación
4337,3040,25.4,Media,1942.21,0.64,En observación
4338,4773,29.0,Alta,2411.35,0.51,Saludable
4339,4133,26.7,Media,4488.86,1.09,En observación
4340,800,19.0,Media,702.3,0.88,En observación
4341,2029,44.3,Alta,1690.68,0.83,En observación
4342,4672,23.6,Alta,3185.29,0.68,En observación
4343,1483,0.0,Media,996.59,0.67,En observación
4344,3883,42.9,Media,1502.98,0.39,En observación
4345,4481,9.7,Media,4056.07,0.91,En observación
4346,8107,0.0,Baja,8078.14,1.0,En observación
4347,1074,22.1,Baja,859.14,0.8,En riesgo
4348,6083,51.3,Media,3505.21,0.58,En observación
4349,4087,20.2,Alta,2909.36,0.71,Saludable
4350,3556,19.1,Baja,2009.0,0.56,En observación
4351,4443,27.2,Baja,4426.02,1.0,En observación
4352,3046,39.9,Media,2211.89,0.73,En observación
4353,800,30.3,Baja,336.88,0.42,Saludable
4354,1497,14.4,Media,974.86,0.65,Saludable
4355,4496,33.3,Alta,1833.5,0.41,Saludable
4356,3977,25.1,Media,2939.16,0.74,En observación
4357,4647,6.4,Alta,3280.89,0.71,En observación
4358,5625,42.8,Baja,4762.28,0.85,En riesgo
4359,6377,28.1,Baja,3669.98,0.58,En observación
4360,8145,6.5,Baja,5418.89,0.67,Saludable
4361,3687,12.0,Baja,2693.08,0.73,Saludable
4362,4426,48.3,Alta,3013.62,0.68,En observación
4363,3255,32.7,Baja,2418.89,0.74,En riesgo
4364,5350,17.8,Media,3714.62,0.69,En observación
4365,1367,0.4,Alta,1080.94,0.79,Saludable
4366,2417,21.3,Alta,1482.02,0.61,Saludable
4367,4540,12.3,Baja,3188.01,0.7,En observación
4368,1317,43.1,Baja,864.52,0.66,En observación
4369,1238,18.9,Alta,1096.99,0.89,En observación
4370,800,27.0,Media,659.37,0.82,En observación
4371,4774,17.0,Media,3712.7,0.78,En observación
4372,5329,19.9,Baja,3659.23,0.69,En observación
4373,1958,31.0,Baja,826.17,0.42,Saludable
4374,4073,15.1,Baja,2655.5,0.65,En observación
4375,2631,42.3,Alta,2075.38,0.79,En observación
4376,5361,34.8,Media,5505.71,1.03,En riesgo
4377,2715,49.4,Alta,2165.2,0.8,En observación
4378,3918,46.7,Alta,3259.42,0.83,En observación
4379,5130,37.8,Media,2900.03,0.57,En observación
4380,3607,40.4,Alta,3119.04,0.86,En observación
4381,3681,40.8,Baja,2191.87,0.6,En riesgo
4382,800,51.8,Alta,593.49,0.74,En observación
4383,4046,35.2,Alta,3438.15,0.85,En observación
4384,3007,45.5,Media,1668.27,0.55,En observación
4385,4754,44.9,Alta,3959.81,0.83,En observación
4386,4845,20.0,Alta,5161.15,1.07,En observación
4387,1191,12.1,Baja,902.61,0.76,En observación
4388,6454,14.4,Alta,4886.34,0.76,Saludable
4389,2761,55.3,Baja,1506.01,0.55,En riesgo
4390,4089,29.6,Media,3449.07,0.84,En observación
4391,5984,58.9,Alta,4538.74,0.76,En riesgo
4392,2901,36.0,Media,2923.45,1.01,En observación
4393,1428,5.8,Baja,1600.71,1.12,En observación
4394,3221,13.3,Media,2965.58,0.92,En observación
4395,2763,34.5,Baja,1543.06,0.56,En observación
4396,5603,36.4,Baja,4333.91,0.77,En observación
4397,2916,59.9,Baja,1760.71,0.6,En riesgo
4398,3673,45.1,Baja,3484.1,0.95,En riesgo
4399,3936,34.9,Alta,1342.23,0.34,Saludable
4400,2592,21.6,Baja,1384.46,0.53,En observación
4401,3503,26.8,Baja,1835.19,0.52,En observación
4402,800,27.6,Alta,609.1,0.76,En observación
4403,1154,33.4,Media,649.17,0.56,Saludable
4404,4577,60.2,Baja,3475.06,0.76,En riesgo
4405,3783,44.1,Media,3260.11,0.86,En riesgo
4406,2427,33.8,Alta,2496.91,1.03,En observación
4407,800,29.9,Baja,813.77,1.02,En riesgo
4408,4556,24.5,Baja,2589.37,0.57,En riesgo
4409,4593,17.3,Media,3276.79,0.71,En observación
4410,4316,16.5,Alta,2759.85,0.64,Saludable
4411,5060,24.9,Baja,4219.73,0.83,En riesgo
4412,3830,28.3,Media,3006.19,0.78,En observación
4413,5369,34.7,Baja,3500.63,0.65,En riesgo
4414,5346,9.9,Baja,5484.47,1.03,En observación
4415,3925,45.1,Baja,2543.18,0.65,En riesgo
4416,2935,7.9,Alta,1674.14,0.57,Saludable
4417,2082,54.2,Alta,2007.2,0.96,En riesgo
4418,3687,33.9,Baja,1973.03,0.54,En observación
4419,4070,38.5,Baja,4289.36,1.05,En riesgo
4420,3311,34.9,Alta,1925.75,0.58,Saludable
4421,4239,25.1,Media,4178.04,0.99,En observación
4422,5184,39.9,Baja,3357.21,0.65,En observación
4423,800,18.1,Media,750.79,0.94,En observación
4424,5244,20.7,Alta,4600.45,0.88,Saludable
4425,2052,28.4,Alta,1293.39,0.63,Saludable
4426,3227,31.6,Media,3156.99,0.98,En riesgo
4427,5330,40.8,Alta,4316.61,0.81,Saludable
4428,3725,39.0,Baja,3770.96,1.01,En riesgo
4429,5361,14.5,Media,3705.76,0.69,En observación
4430,5241,27.8,Media,3852.97,0.74,En observación
4431,1811,54.1,Media,1071.67,0.59,Saludable
4432,3515,55.5,Baja,3007.3,0.86,En riesgo
4433,3562,27.7,Baja,1680.97,0.47,Saludable
4434,3794,49.7,Alta,3080.52,0.81,En observación
4435,5876,34.9,Media,4277.27,0.73,En observación
4436,6533,37.9,Alta,3790.13,0.58,Saludable
4437,5380,14.4,Media,5830.25,1.08,Saludable
4438,5634,37.3,Alta,4345.77,0.77,En observación
4439,6336,40.6,Media,3721.91,0.59,Saludable
4440,3766,30.0,Baja,1794.21,0.48,En observación
4441,2639,30.1,Alta,2324.08,0.88,En observación
4442,4863,19.2,Alta,3970.18,0.82,Saludable
4443,1502,36.0,Alta,1628.47,1.08,En observación
4444,1109,30.5,Alta,589.47,0.53,Saludable
4445,4287,27.4,Media,2959.7,0.69,En observación
4446,3512,18.4,Baja,1756.72,0.5,En observación
4447,2922,32.5,Alta,2341.55,0.8,En observación
4448,1739,4.9,Alta,1119.98,0.64,Saludable
4449,2408,24.7,Baja,2728.06,1.13,En observación
4450,2367,58.4,Media,1756.25,0.74,En observación
4451,5253,30.8,Media,3610.41,0.69,En observación
4452,2513,14.7,Alta,1833.37,0.73,Saludable
4453,3516,35.3,Alta,3176.88,0.9,En observación
4454,2891,37.5,Media,2424.55,0.84,En observación
4455,2781,14.6,Baja,2337.04,0.84,En observación
4456,3098,0.0,Baja,1578.27,0.51,Saludable
4457,5145,40.3,Alta,3345.75,0.65,En observación
4458,4831,27.6,Baja,2419.42,0.5,En observación
4459,3353,11.5,Alta,2736.28,0.82,Saludable
4460,4168,34.2,Alta,3673.56,0.88,En observación
4461,3803,24.0,Media,2452.14,0.64,En observación
4462,800,43.2,Alta,510.64,0.64,Saludable
4463,3892,7.7,Baja,2347.33,0.6,Saludable
4464,3168,17.9,Baja,3289.02,1.04,En riesgo
4465,800,38.2,Alta,723.65,0.9,En observación
4466,2513,26.3,Media,1546.28,0.62,Saludable
4467,1685,28.3,Alta,807.95,0.48,Saludable
4468,1627,33.1,Baja,1021.28,0.63,En observación
4469,5122,53.8,Alta,1510.78,0.29,Saludable
4470,3045,36.9,Alta,1379.19,0.45,Saludable
4471,3696,31.3,Baja,3023.22,0.82,En riesgo
4472,4008,32.9,Media,3046.21,0.76,En observación
4473,800,53.2,Baja,282.55,0.35,En observación
4474,3160,40.1,Media,790.0,0.25,Saludable
4475,4689,44.9,Alta,2928.19,0.62,Saludable
4476,2576,24.1,Baja,1453.56,0.56,En observación
4477,4152,32.0,Baja,3481.39,0.84,En observación
4478,4557,43.2,Media,1989.09,0.44,Saludable
4479,3153,29.7,Media,1984.45,0.63,En observación
4480,6470,32.8,Baja,4950.72,0.77,En riesgo
4481,800,30.4,Alta,740.98,0.93,Saludable
4482,1660,27.2,Baja,1226.87,0.74,En observación
4483,6644,22.8,Alta,3603.32,0.54,Saludable
4484,4862,30.3,Alta,4071.47,0.84,Saludable
4485,5732,38.4,Alta,5379.98,0.94,En observación
4486,4737,16.9,Alta,3133.74,0.66,En observación
4487,5840,12.8,Media,4642.52,0.79,Saludable
4488,2454,34.3,Media,2344.49,0.96,En observación
4489,3021,37.7,Baja,2070.0,0.69,En observación
4490,5595,0.0,Media,4999.16,0.89,Saludable
4491,5342,20.4,Baja,2835.64,0.53,En observación
4492,4046,15.0,Baja,2121.97,0.52,En observación
4493,1694,14.1,Alta,1305.76,0.77,Saludable
4494,4140,52.4,Baja,2994.3,0.72,En riesgo
4495,6527,12.2,Media,6294.78,0.96,En observación
4496,4781,49.4,Media,3827.21,0.8,En observación
4497,5142,47.0,Baja,4879.53,0.95,En riesgo
4498,2426,32.9,Alta,2230.95,0.92,En observación
4499,2855,34.7,Baja,1468.67,0.51,En observación
4500,2325,41.8,Baja,1262.77,0.54,En riesgo
4501,3983,18.3,Media,3482.91,0.87,En observación
4502,4624,25.9,Media,2035.54,0.44,Saludable
4503,2854,50.5,Alta,2603.44,0.91,En riesgo
4504,5980,22.0,Media,4282.11,0.72,En observación
4505,2493,2.4,Baja,1863.13,0.75,Saludable
4506,3449,61.7,Media,2270.54,0.66,En observación
4507,4860,34.2,Media,3900.87,0.8,En observación
4508,3152,15.6,Media,2844.01,0.9,Saludable
4509,4957,8.9,Media,4576.65,0.92,En observación
4510,1652,38.7,Alta,1515.18,0.92,En observación
4511,4581,0.0,Media,2346.81,0.51,Saludable
4512,3164,2.1,Baja,1974.98,0.62,Saludable
4513,3251,24.4,Media,2542.96,0.78,En observación
4514,5540,36.4,Alta,4611.39,0.83,En observación
4515,2917,11.1,Alta,2821.48,0.97,Saludable
4516,3709,20.5,Alta,2369.93,0.64,Saludable
4517,4977,41.8,Baja,4443.13,0.89,En riesgo
4518,3697,27.4,Baja,3578.17,0.97,En observación
4519,4055,17.9,Media,2560.03,0.63,Saludable
4520,2294,42.0,Baja,1163.87,0.51,En observación
4521,3699,2.8,Baja,2480.61,0.67,En observación
4522,4143,26.9,Media,3612.03,0.87,En observación
4523,3520,33.8,Baja,3227.35,0.92,En observación
4524,2770,20.0,Media,1911.87,0.69,En observación
4525,4359,13.0,Media,2798.13,0.64,En observación
4526,2140,19.1,Baja,2123.08,0.99,En observación
4527,4932,48.8,Baja,3047.86,0.62,En observación
4528,3086,13.7,Media,2381.73,0.77,En observación
4529,4041,51.0,Baja,3625.37,0.9,En riesgo
4530,800,36.7,Media,848.06,1.06,Saludable
4531,4534,27.6,Baja,2706.97,0.6,En observación
4532,6065,41.6,Alta,4143.52,0.68,Saludable
4533,3717,43.1,Baja,2528.79,0.68,En observación
4534,7733,46.2,Alta,7400.66,0.96,En observación
4535,2439,31.1,Baja,1389.73,0.57,En riesgo
4536,5615,22.0,Media,6014.26,1.07,En observación
4537,7384,32.2,Alta,6303.83,0.85,En observación
4538,5416,37.7,Alta,3924.41,0.72,En observación
4539,2276,32.3,Media,1252.54,0.55,Saludable
4540,3576,48.9,Alta,3277.92,0.92,En observación
4541,6120,21.5,Baja,2477.32,0.4,Saludable
4542,1728,42.2,Media,1098.55,0.64,En observación
4543,5969,13.5,Alta,4990.86,0.84,Saludable
4544,2209,50.3,Baja,1542.35,0.7,En observación
4545,6667,37.8,Alta,6110.65,0.92,En observación
4546,2524,48.7,Media,1664.98,0.66,En observación
4547,3092,20.7,Baja,2776.58,0.9,En observación
4548,2763,40.1,Baja,1935.39,0.7,En observación
4549,3573,37.0,Baja,2930.48,0.82,En observación
4550,4771,26.7,Media,3015.76,0.63,Saludable
4551,4975,30.2,Baja,3920.09,0.79,En riesgo
4552,2784,9.4,Baja,2122.97,0.76,En observación
4553,3106,52.1,Media,939.53,0.3,En observación
4554,4687,36.9,Alta,1171.75,0.25,Saludable
4555,1960,22.4,Alta,1409.81,0.72,Saludable
4556,4459,43.4,Alta,3999.07,0.9,En observación
4557,4124,13.6,Alta,2535.5,0.61,Saludable
4558,4756,40.9,Alta,3126.62,0.66,En observación
4559,1758,46.2,Media,1235.95,0.7,En riesgo
4560,1218,56.5,Alta,834.25,0.68,En observación
4561,3792,19.5,Media,2794.63,0.74,Saludable
4562,2448,37.3,Media,1438.73,0.59,En observación
4563,1441,22.4,Baja,1420.95,0.99,En observación
4564,2403,32.9,Baja,1641.87,0.68,En riesgo
4565,3256,35.0,Baja,2995.12,0.92,En riesgo
4566,3850,27.6,Media,4290.15,1.11,En observación
4567,2837,20.3,Alta,1245.94,0.44,Saludable
4568,800,29.9,Alta,570.5,0.71,En observación
4569,800,16.5,Media,580.4,0.73,En observación
4570,2676,28.8,Baja,1400.29,0.52,En observación
4571,800,29.6,Baja,513.55,0.64,En observación
4572,6133,25.0,Media,6135.03,1.0,En observación
4573,2051,56.2,Baja,1730.51,0.84,En riesgo
4574,4531,34.1,Media,3341.8,0.74,Saludable
4575,3094,39.3,Baja,2252.13,0.73,En riesgo
4576,4075,16.8,Media,2088.64,0.51,Saludable
4577,2714,35.0,Alta,1684.68,0.62,Saludable
4578,5080,32.2,Alta,3167.43,0.62,Saludable
4579,5568,34.4,Alta,4770.28,0.86,Saludable
4580,5040,64.8,Media,3061.98,0.61,En observación
4581,3763,43.1,Baja,2760.35,0.73,En observación
4582,3337,39.0,Baja,2258.26,0.68,En riesgo
4583,5247,33.6,Baja,3908.85,0.74,En riesgo
4584,2216,15.7,Baja,1555.67,0.7,En observación
4585,2295,57.5,Baja,2618.5,1.14,En riesgo
4586,3638,27.2,Alta,3453.73,0.95,En observación
4587,834,37.1,Media,429.32,0.51,En observación
4588,4160,17.6,Baja,2939.3,0.71,En observación
4589,4288,45.6,Media,2329.77,0.54,En observación
4590,5909,16.9,Baja,4509.18,0.76,En riesgo
4591,5349,24.9,Media,4795.81,0.9,En riesgo
4592,3658,20.5,Media,2857.03,0.78,En observación
4593,2713,36.6,Media,1422.18,0.52,Saludable
4594,4637,3.7,Media,4231.59,0.91,Saludable
4595,903,22.5,Alta,723.88,0.8,En observación
4596,3586,26.3,Media,3063.61,0.85,En observación
4597,3709,12.0,Baja,2836.89,0.76,En observación
4598,2294,32.5,Alta,1785.97,0.78,En observación
4599,1092,28.9,Alta,669.56,0.61,En observación
4600,4631,37.6,Media,2886.55,0.62,En observación
4601,1205,4.0,Baja,627.01,0.52,En observación
4602,4513,0.0,Media,4459.27,0.99,En observación
4603,1148,31.5,Media,1086.76,0.95,En observación
4604,5149,9.5,Media,3478.04,0.68,Saludable
4605,6076,39.6,Baja,7670.72,1.26,En riesgo
4606,2413,27.9,Media,2408.43,1.0,En observación
4607,3687,31.5,Baja,2791.46,0.76,En observación
4608,3294,27.3,Media,2466.01,0.75,En observación
4609,6141,17.4,Media,4172.45,0.68,Saludable
4610,3781,21.9,Media,2998.95,0.79,En observación
4611,800,37.4,Media,533.73,0.67,En observación
4612,2155,47.9,Baja,1970.51,0.91,En riesgo
4613,4690,18.8,Media,2994.41,0.64,En observación
4614,2348,51.7,Alta,1624.24,0.69,En observación
4615,6649,19.4,Baja,5069.05,0.76,En observación
4616,4927,25.1,Baja,3236.98,0.66,En observación
4617,5672,25.8,Alta,4333.75,0.76,Saludable
4618,4558,32.3,Alta,2595.24,0.57,Saludable
4619,800,17.5,Baja,714.33,0.89,En riesgo
4620,4528,38.3,Baja,3292.88,0.73,En riesgo
4621,3929,57.1,Alta,2877.13,0.73,En observación
4622,4811,41.0,Media,1866.34,0.39,En observación
4623,3309,23.3,Alta,1598.5,0.48,Saludable
4624,3550,10.5,Media,1721.07,0.48,Saludable
4625,4808,32.9,Alta,4601.98,0.96,En observación
4626,3418,16.2,Baja,1603.58,0.47,En observación
4627,5197,9.1,Alta,4043.45,0.78,Saludable
4628,3089,23.9,Baja,2528.74,0.82,En riesgo
4629,4104,28.2,Media,2961.85,0.72,En observación
4630,4195,31.1,Alta,3119.14,0.74,En observación
4631,2797,42.3,Media,1556.1,0.56,En observación
4632,4417,13.0,Alta,2062.11,0.47,Saludable
4633,955,10.5,Alta,846.31,0.89,Saludable
4634,5428,11.9,Media,3979.2,0.73,En observación
4635,1744,45.5,Alta,1468.31,0.84,Saludable
4636,3443,35.8,Baja,2216.57,0.64,En observación
4637,3918,63.2,Media,2665.58,0.68,En riesgo
4638,2372,33.2,Media,2108.41,0.89,En observación
4639,3053,40.9,Baja,3329.18,1.09,En riesgo
4640,2726,27.2,Media,3280.87,1.2,En observación
4641,2608,12.8,Alta,1098.85,0.42,Saludable
4642,4482,24.0,Baja,3349.42,0.75,En observación
4643,3699,37.2,Alta,2417.93,0.65,En observación
4644,2244,34.3,Alta,2025.65,0.9,En observación
4645,3217,8.6,Alta,3198.73,0.99,Saludable
4646,4306,40.1,Alta,2742.52,0.64,Saludable
4647,5502,13.2,Alta,6233.9,1.13,Saludable
4648,1731,32.0,Alta,1986.33,1.15,Saludable
4649,3288,37.1,Baja,2485.92,0.76,En riesgo
4650,2423,21.0,Baja,1752.52,0.72,En observación
4651,3433,24.2,Media,2284.29,0.67,En observación
4652,800,26.6,Baja,933.7,1.17,En observación
4653,5428,30.8,Baja,3481.89,0.64,En observación
4654,3710,51.8,Baja,2522.58,0.68,En riesgo
4655,5016,35.1,Baja,2342.42,0.47,En observación
4656,5768,29.4,Baja,1479.68,0.26,En observación
4657,3202,2.6,Baja,1433.67,0.45,En observación
4658,2401,16.4,Media,1785.35,0.74,Saludable
4659,3650,27.0,Baja,1949.1,0.53,En observación
4660,4164,30.6,Alta,3061.58,0.74,En observación
4661,4597,42.8,Media,3310.42,0.72,En observación
4662,2853,41.7,Baja,2083.06,0.73,En riesgo
4663,3741,29.7,Alta,4784.27,1.28,En observación
4664,2486,40.4,Baja,1598.17,0.64,En observación
4665,1870,37.4,Alta,1572.23,0.84,En observación
4666,4572,2.1,Media,2847.29,0.62,Saludable
4667,1742,3.8,Media,1209.96,0.69,En observación
4668,5423,21.8,Alta,4782.97,0.88,En observación
4669,5328,24.7,Baja,2271.17,0.43,En observación
4670,1979,19.1,Baja,1376.95,0.7,En observación
4671,3712,40.5,Media,2538.29,0.68,En observación
4672,3522,44.0,Alta,2521.94,0.72,En observación
4673,2938,27.6,Media,1789.16,0.61,Saludable
4674,4664,13.8,Alta,3230.09,0.69,Saludable
4675,2971,42.4,Media,1912.17,0.64,En observación
4676,1108,49.7,Media,604.26,0.55,En observación
4677,2000,49.8,Alta,2294.44,1.15,En observación
4678,1873,41.6,Media,1577.72,0.84,En observación
4679,2639,59.8,Baja,2035.33,0.77,En observación
4680,3120,11.9,Alta,3233.47,1.04,Saludable
4681,4239,22.9,Alta,2709.7,0.64,Saludable
4682,4397,49.5,Alta,2572.8,0.59,Saludable
4683,4705,5.3,Alta,4561.57,0.97,Saludable
4684,1845,33.7,Media,1038.98,0.56,Saludable
4685,4031,0.0,Baja,4214.96,1.05,En observación
4686,1561,14.7,Media,1449.38,0.93,En observación
4687,5580,19.8,Baja,4482.89,0.8,En observación
4688,4543,46.9,Baja,2820.71,0.62,En observación
4689,2585,29.2,Alta,2263.73,0.88,Saludable
4690,5164,12.9,Alta,3587.29,0.69,En observación
4691,3992,35.1,Alta,2145.65,0.54,Saludable
4692,4912,21.2,Baja,3246.42,0.66,En observación
4693,1925,34.0,Baja,1458.62,0.76,En observación
4694,2722,21.3,Alta,1513.14,0.56,Saludable
4695,2498,44.5,Baja,1772.53,0.71,En observación
4696,3143,23.8,Media,2928.14,0.93,En observación
4697,3086,51.2,Alta,2596.83,0.84,En observación
4698,5389,16.7,Media,5002.02,0.93,En observación
4699,5799,44.8,Media,5359.17,0.92,En observación
4700,2244,24.7,Media,1010.56,0.45,En observación
4701,3075,49.4,Media,1624.61,0.53,En observación
4702,2758,10.7,Alta,2876.27,1.04,En observación
4703,3818,30.5,Media,3165.55,0.83,En observación
4704,2312,23.8,Alta,2549.97,1.1,En riesgo
4705,5844,37.2,Alta,4027.72,0.69,Saludable
4706,2402,21.7,Media,2731.58,1.14,En riesgo
4707,4619,15.6,Baja,4206.75,0.91,En observación
4708,800,34.3,Baja,478.76,0.6,En observación
4709,3124,22.5,Media,2323.74,0.74,En observación
4710,800,52.8,Media,458.39,0.57,En observación
4711,3007,28.4,Baja,3044.94,1.01,En riesgo
4712,4350,34.1,Alta,3443.73,0.79,En observación
4713,800,26.3,Alta,767.37,0.96,En riesgo
4714,1694,36.3,Alta,1096.38,0.65,En observación
4715,1469,39.4,Alta,729.66,0.5,Saludable
4716,3449,46.0,Media,1918.02,0.56,En observación
4717,3528,34.1,Baja,3254.58,0.92,En observación
4718,4716,21.5,Media,4467.27,0.95,En observación
4719,3186,21.1,Media,2861.64,0.9,En observación
4720,2701,13.0,Alta,2363.26,0.87,Saludable
4721,1542,14.1,Baja,1041.19,0.68,Saludable
4722,800,13.0,Baja,692.52,0.87,En observación
4723,2990,59.2,Alta,2216.03,0.74,En observación
4724,2081,62.5,Media,1357.99,0.65,En observación
4725,5476,27.3,Media,4154.2,0.76,En observación
4726,3088,35.6,Media,2623.35,0.85,En observación
4727,2351,20.9,Baja,1170.27,0.5,Saludable
4728,3946,44.1,Media,3578.19,0.91,En observación
4729,3132,13.5,Media,2430.03,0.78,Saludable
4730,4388,29.7,Media,1793.46,0.41,Saludable
4731,3509,31.4,Media,1743.9,0.5,Saludable
4732,3584,8.9,Media,1611.53,0.45,Saludable
4733,2767,16.8,Alta,1724.75,0.62,Saludable
4734,2420,31.1,Alta,1649.27,0.68,Saludable
4735,4817,42.6,Baja,4729.71,0.98,En riesgo
4736,3858,23.5,Baja,2624.22,0.68,En observación
4737,3507,40.5,Baja,2172.17,0.62,En observación
4738,2484,33.1,Media,1617.36,0.65,En observación
4739,2480,37.5,Alta,1816.81,0.73,Saludable
4740,3892,23.8,Media,3708.19,0.95,En observación
4741,3220,8.9,Media,2213.95,0.69,Saludable
4742,4619,41.5,Media,4116.22,0.89,En observación
4743,2180,18.0,Alta,2235.44,1.03,En observación
4744,3684,22.3,Media,3670.56,1.0,En observación
4745,3843,50.3,Alta,2303.72,0.6,En observación
4746,4281,29.4,Alta,2445.23,0.57,Saludable
4747,3934,8.6,Baja,3043.08,0.77,En observación
4748,4978,9.0,Baja,4912.91,0.99,En riesgo
4749,4115,14.4,Media,2843.22,0.69,En observación
4750,3906,30.3,Baja,3127.18,0.8,En observación
4751,3898,23.1,Media,2686.21,0.69,Saludable
4752,6376,52.0,Alta,5419.3,0.85,En observación
4753,4698,32.7,Media,2250.33,0.48,Saludable
4754,2997,13.0,Alta,1446.02,0.48,Saludable
4755,3987,12.5,Media,2454.96,0.62,En observación
4756,2183,32.6,Baja,1562.68,0.72,En observación
4757,2216,31.4,Alta,1729.3,0.78,En observación
4758,3619,35.2,Baja,4142.01,1.14,En riesgo
4759,2541,0.0,Baja,2178.12,0.86,En observación
4760,5092,34.3,Media,3872.71,0.76,En observación
4761,5403,9.2,Alta,3258.07,0.6,Saludable
4762,3648,26.6,Alta,3021.12,0.83,En observación
4763,6084,38.7,Media,3629.59,0.6,En observación
4764,3387,37.7,Baja,2776.9,0.82,En riesgo
4765,2808,35.8,Alta,3296.17,1.17,En observación
4766,3718,15.8,Alta,2843.44,0.76,Saludable
4767,5070,32.2,Baja,2948.86,0.58,En observación
4768,3769,44.3,Baja,2048.15,0.54,En observación
4769,4660,23.6,Baja,2438.95,0.52,En observación
4770,5342,46.9,Baja,3594.54,0.67,En observación
4771,2853,23.0,Baja,2369.02,0.83,En observación
4772,2370,46.6,Baja,1837.41,0.78,En riesgo
4773,913,0.0,Baja,448.5,0.49,Saludable
4774,4365,0.0,Media,4525.25,1.04,En observación
4775,5540,16.7,Baja,4657.45,0.84,En observación
4776,4727,26.5,Media,3947.89,0.84,En observación
4777,2523,33.6,Alta,1034.9,0.41,Saludable
4778,6432,11.3,Baja,4718.2,0.73,En observación
4779,3547,32.5,Media,2410.61,0.68,En observación
4780,3370,30.6,Media,1810.84,0.54,En observación
4781,5853,23.7,Media,3086.25,0.53,Saludable
4782,2428,9.9,Alta,1881.82,0.78,Saludable
4783,2563,32.3,Media,1214.94,0.47,Saludable
4784,4506,1.0,Alta,2587.34,0.57,Saludable
4785,2771,36.4,Baja,2134.28,0.77,En riesgo
4786,5130,16.0,Alta,2742.14,0.53,En observación
4787,5094,38.8,Baja,3889.13,0.76,En riesgo
4788,1277,32.4,Baja,974.12,0.76,En observación
4789,2692,52.7,Media,1958.35,0.73,En riesgo
4790,889,22.2,Media,419.15,0.47,Saludable
4791,2258,34.7,Alta,1801.95,0.8,Saludable
4792,800,52.2,Media,558.85,0.7,En observación
4793,3912,33.1,Baja,2706.78,0.69,En observación
4794,1767,41.4,Media,1008.19,0.57,En observación
4795,4473,48.1,Alta,4631.52,1.04,En riesgo
4796,3014,6.9,Alta,3022.77,1.0,En observación
4797,2492,43.8,Media,1720.0,0.69,En riesgo
4798,2728,59.7,Media,2432.02,0.89,En riesgo
4799,2804,36.1,Baja,1613.79,0.58,En observación
4800,4849,66.0,Media,4057.48,0.84,En riesgo
4801,2794,38.1,Alta,1904.45,0.68,En observación
4802,3762,24.7,Alta,2864.12,0.76,Saludable
4803,2930,46.1,Baja,2290.01,0.78,En riesgo
4804,1314,36.4,Media,1110.96,0.85,En observación
4805,6628,0.0,Baja,5906.78,0.89,En observación
4806,4312,32.6,Media,3661.42,0.85,En observación
4807,2411,34.5,Baja,1728.69,0.72,En observación
4808,4576,21.5,Baja,2198.24,0.48,En observación
4809,2302,45.4,Alta,1789.98,0.78,En observación
4810,2500,43.1,Baja,3152.83,1.26,En riesgo
4811,4792,40.4,Baja,2367.37,0.49,En observación
4812,3960,26.1,Alta,2339.86,0.59,Saludable
4813,2041,62.0,Baja,1572.69,0.77,En observación
4814,2729,25.8,Alta,3231.76,1.18,En observación
4815,3326,21.9,Baja,2793.4,0.84,En observación
4816,1791,27.1,Media,1246.73,0.7,En observación
4817,2692,47.8,Alta,1864.07,0.69,Saludable
4818,2807,30.8,Media,1430.09,0.51,En observación
4819,4801,51.5,Alta,3939.62,0.82,Saludable
4820,5803,17.0,Baja,3535.22,0.61,En observación
4821,5567,45.8,Alta,5083.4,0.91,En observación
4822,3009,35.2,Baja,2186.3,0.73,En riesgo
4823,4745,38.9,Media,1401.33,0.3,Saludable
4824,3337,32.5,Baja,2049.66,0.61,En observación
4825,4195,24.7,Alta,3580.2,0.85,Saludable
4826,5624,45.0,Baja,4518.48,0.8,En riesgo
4827,4779,35.9,Alta,3789.48,0.79,En observación
4828,5640,11.2,Baja,3163.65,0.56,Saludable
4829,1246,29.1,Baja,1069.09,0.86,En observación
4830,2699,46.9,Media,2092.54,0.78,En observación
4831,5231,28.2,Alta,5863.11,1.12,En observación
4832,6497,15.4,Media,5477.93,0.84,En observación
4833,5179,22.8,Alta,4155.41,0.8,Saludable
4834,4906,20.2,Alta,5166.09,1.05,Saludable
4835,1482,44.3,Alta,953.67,0.64,En observación
4836,3017,10.3,Media,2220.94,0.74,En observación
4837,5005,33.5,Media,4755.79,0.95,En observación
4838,3012,35.9,Media,2188.29,0.73,En observación
4839,1699,0.0,Media,1524.37,0.9,En observación
4840,4853,23.4,Media,3017.11,0.62,En observación
4841,4781,26.5,Media,4275.75,0.89,En observación
4842,3258,28.9,Baja,3162.7,0.97,En riesgo
4843,6119,9.8,Media,4732.35,0.77,En observación
4844,4430,17.8,Media,4665.68,1.05,En observación
4845,1869,29.8,Alta,1296.4,0.69,En observación
4846,5075,30.7,Alta,3704.01,0.73,En observación
4847,4998,0.0,Alta,4326.96,0.87,Saludable
4848,1533,43.2,Media,1769.56,1.15,En riesgo
4849,5151,57.1,Alta,3093.45,0.6,Saludable
4850,4485,26.3,Baja,2254.38,0.5,En observación
4851,4591,27.8,Baja,2793.03,0.61,En observación
4852,3471,1.1,Alta,2514.05,0.72,Saludable
4853,4489,6.6,Alta,4185.03,0.93,Saludable
4854,2686,34.4,Media,1595.79,0.59,En observación
4855,2402,21.6,Alta,1976.76,0.82,Saludable
4856,1603,33.7,Alta,1194.49,0.75,En observación
4857,3991,30.9,Alta,3430.09,0.86,En observación
4858,800,3.8,Alta,877.62,1.1,Saludable
4859,4925,24.8,Media,3642.32,0.74,En observación
4860,7199,33.8,Media,4706.17,0.65,Saludable
4861,6461,27.6,Alta,5711.27,0.88,En observación
4862,2806,40.1,Baja,1799.36,0.64,En observación
4863,5247,27.6,Media,4424.96,0.84,En observación
4864,4457,6.7,Baja,2873.19,0.64,En observación
4865,2253,36.4,Media,2171.08,0.96,En riesgo
4866,2991,34.4,Media,2483.18,0.83,En observación
4867,2183,57.3,Alta,2001.32,0.92,En observación
4868,5305,38.0,Media,2997.77,0.57,En observación
4869,1023,36.2,Media,736.09,0.72,En observación
4870,5306,23.1,Media,3738.7,0.7,En observación
4871,800,26.0,Alta,242.05,0.3,Saludable
4872,4783,36.7,Alta,3075.15,0.64,Saludable
4873,1888,30.0,Alta,2411.84,1.28,En riesgo
4874,3579,32.4,Media,2053.19,0.57,Saludable
4875,4043,22.1,Baja,3690.24,0.91,En riesgo
4876,3999,31.5,Baja,1789.39,0.45,En observación
4877,1784,23.7,Alta,1646.14,0.92,En observación
4878,2800,23.9,Baja,1747.54,0.62,En observación
4879,2548,5.8,Baja,2224.28,0.87,En observación
4880,4341,15.7,Alta,2321.95,0.53,Saludable
4881,3596,27.8,Media,2509.62,0.7,En observación
4882,4139,59.6,Alta,4049.65,0.98,En riesgo
4883,1888,38.9,Media,1269.27,0.67,Saludable
4884,5744,25.6,Alta,3217.11,0.56,Saludable
4885,2306,19.6,Baja,1637.52,0.71,En riesgo
4886,2501,54.9,Alta,2257.88,0.9,En observación
4887,4622,30.2,Baja,4536.44,0.98,En riesgo
4888,1003,34.4,Alta,893.79,0.89,En observación
4889,3689,20.8,Media,1851.98,0.5,Saludable
4890,1194,40.0,Media,360.29,0.3,Saludable
4891,2352,25.8,Media,978.06,0.42,Saludable
4892,1590,47.0,Media,1014.55,0.64,En observación
4893,3506,33.7,Media,2652.86,0.76,En observación
4894,4015,37.0,Media,2458.29,0.61,En observación
4895,5288,40.6,Alta,4853.47,0.92,En observación
4896,2096,17.9,Baja,1692.69,0.81,En observación
4897,7679,44.7,Alta,4141.45,0.54,Saludable
4898,6918,26.8,Alta,5247.67,0.76,Saludable
4899,5848,37.5,Alta,3570.62,0.61,Saludable
4900,3961,30.7,Baja,3564.03,0.9,En riesgo
4901,3103,21.8,Media,2237.92,0.72,En observación
4902,3305,30.2,Alta,1944.57,0.59,Saludable
4903,2944,17.4,Alta,2021.68,0.69,Saludable
4904,3625,36.3,Baja,3304.92,0.91,En riesgo
4905,3928,14.0,Alta,2755.73,0.7,Saludable
4906,6045,59.8,Alta,5241.35,0.87,En observación
4907,3876,35.5,Alta,1792.49,0.46,Saludable
4908,2178,34.2,Media,1610.13,0.74,En riesgo
4909,4875,34.3,Alta,3422.01,0.7,En observación
4910,3455,35.0,Media,2617.53,0.76,En observación
4911,3555,0.6,Alta,1675.87,0.47,Saludable
4912,5852,35.2,Media,3630.19,0.62,Saludable
4913,4677,21.5,Baja,4049.26,0.87,En observación
4914,4217,30.5,Alta,3453.96,0.82,En observación
4915,2547,15.5,Alta,816.82,0.32,Saludable
4916,5779,41.0,Baja,4571.12,0.79,En observación
4917,4996,28.2,Media,5163.31,1.03,En observación
4918,2375,17.3,Baja,1147.64,0.48,Saludable
4919,3655,19.3,Media,913.75,0.25,Saludable
4920,974,38.8,Baja,735.97,0.76,En riesgo
4921,4995,22.4,Alta,3115.02,0.62,En observación
4922,1286,32.9,Media,934.15,0.73,En observación
4923,4030,32.8,Alta,3354.3,0.83,En observación
4924,4127,31.4,Alta,2605.39,0.63,Saludable
4925,2428,18.3,Baja,1674.09,0.69,En observación
4926,3553,43.7,Alta,2345.96,0.66,En observación
4927,3677,20.9,Media,2806.56,0.76,En observación
4928,3780,33.4,Alta,2355.09,0.62,En observación
4929,2527,5.0,Baja,2286.51,0.9,En observación
4930,3045,21.8,Baja,3309.64,1.09,En riesgo
4931,4325,32.4,Media,3453.98,0.8,En observación
4932,3124,8.1,Baja,2831.12,0.91,En observación
4933,3662,37.1,Alta,2502.12,0.68,En observación
4934,3302,21.1,Media,3183.3,0.96,En observación
4935,7041,43.2,Media,3027.38,0.43,En observación
4936,3247,35.9,Media,1857.0,0.57,En observación
4937,3318,18.9,Media,1964.87,0.59,En observación
4938,955,37.2,Media,853.34,0.89,En observación
4939,3579,47.5,Alta,2230.17,0.62,Saludable
4940,2757,47.5,Media,2709.06,0.98,En observación
4941,5009,42.3,Media,5157.5,1.03,En riesgo
4942,3434,47.2,Baja,3007.51,0.88,En riesgo
4943,4938,32.3,Media,2659.91,0.54,Saludable
4944,1346,26.8,Baja,1233.87,0.92,En observación
4945,5033,35.1,Alta,3409.57,0.68,Saludable
4946,4208,32.1,Alta,3270.13,0.78,Saludable
4947,2851,63.9,Alta,2768.67,0.97,En observación
4948,800,31.1,Alta,728.66,0.91,En observación
4949,5032,30.9,Baja,3626.31,0.72,En observación
4950,2702,25.7,Media,2352.44,0.87,En observación
4951,6363,40.4,Baja,5492.46,0.86,En riesgo
4952,4812,25.2,Alta,3853.58,0.8,Saludable
4953,5059,34.4,Baja,5599.57,1.11,En riesgo
4954,4645,31.0,Alta,2692.75,0.58,En observación
4955,3815,38.1,Media,4049.09,1.06,En observación
4956,2114,26.5,Alta,1897.98,0.9,En observación
4957,2156,41.3,Media,1150.83,0.53,Saludable
4958,3327,21.7,Media,3028.15,0.91,En observación
4959,6148,26.3,Baja,4475.77,0.73,En riesgo
4960,3364,52.4,Baja,2850.48,0.85,En observación
4961,5266,43.7,Baja,4851.25,0.92,En observación
4962,2506,21.2,Baja,1500.09,0.6,En observación
4963,3482,29.5,Media,2957.48,0.85,En observación
4964,800,20.3,Media,396.56,0.5,Saludable
4965,3067,30.2,Alta,1152.78,0.38,Saludable
4966,5173,51.1,Media,4549.11,0.88,En observación
4967,5389,40.9,Baja,3928.07,0.73,En observación
4968,4930,21.1,Media,4004.69,0.81,En observación
4969,5808,28.1,Alta,4340.2,0.75,En observación
4970,2513,42.2,Baja,1794.91,0.71,En observación
4971,3502,40.4,Baja,3479.82,0.99,En riesgo
4972,3058,15.2,Media,2118.05,0.69,Saludable
4973,3174,24.9,Media,2796.13,0.88,Saludable
4974,2400,19.1,Alta,2312.84,0.96,Saludable
4975,3840,28.1,Baja,3600.95,0.94,En riesgo
4976,3682,21.7,Media,1533.84,0.42,Saludable
4977,4296,6.4,Alta,2268.01,0.53,Saludable
4978,4009,15.1,Baja,2592.49,0.65,Saludable
4979,5566,10.5,Baja,4717.78,0.85,En observación
4980,5434,18.1,Media,4135.41,0.76,Saludable
4981,800,38.9,Media,342.96,0.43,En observación
4982,5017,41.2,Baja,3162.59,0.63,En observación
4983,4264,50.1,Baja,2689.72,0.63,En observación
4984,2713,38.6,Alta,2634.68,0.97,Saludable
4985,1253,65.1,Baja,899.76,0.72,En riesgo
4986,2462,37.3,Media,2271.96,0.92,En observación
4987,6111,25.1,Baja,4294.08,0.7,En observación
4988,4197,33.4,Baja,2177.43,0.52,En observación
4989,2939,21.3,Alta,2221.43,0.76,Saludable
4990,1797,0.0,Media,1912.91,1.06,En observación
4991,3325,20.0,Alta,831.25,0.25,Saludable
4992,4574,44.1,Media,3959.31,0.87,En observación
4993,5456,25.1,Media,5157.74,0.95,En observación
4994,2178,14.9,Media,1216.17,0.56,En observación
4995,2386,14.5,Media,2096.04,0.88,En observación
4996,4944,37.7,Media,3037.79,0.61,En observación
4997,3688,16.2,Baja,2032.71,0.55,En observación
4998,6555,23.8,Baja,6370.91,0.97,En observación
4999,4833,43.5,Alta,4453.45,0.92,En observación
5000,5566,35.7,Baja,5891.25,1.06,En observación
