id_interno,codigo_autorizacion,descripcion,valor,categoria,desc_limpia
1,42868828,COMPRA TBK SPOTIFY PREMIUM,17.28,Ocio,compra tbk spotify premium
2,83197857,DEBITO SPOTIFY PREMIUM,9.78,Ocio,debito spotify premium
3,41227216,COMPRA TBK SODIMAC HOME,226.87,Vivienda,compra tbk sodimac home
4,83140807,TEF ENVIADA TIENDA ONLINE,28.07,Alimentación,tef enviada tienda online
5,31429110,ABONO PINTURAS SHERWIN,294.35,Vivienda,abono pinturas sherwin
6,55176955,TEF ENVIADA EXAMENES MED,24.31,Salud,tef enviada examenes med
7,91030736,CARGO TC EASY PORTAL,142.58,Vivienda,cargo tc easy portal
8,60806024,PAGO WEB MERCADO CENTRAL,9.33,Alimentación,pago web mercado central
9,19335534,PAGO WEB CONSULTA ESPECIALISTA,16.42,Salud,pago web consulta especialista
10,23556182,COMPRA TBK CARGA BIP WEB,25.91,Transporte,compra tbk carga bip web
11,38119557,TEF ENVIADA REPARACIONES HOGAR,284.56,Vivienda,tef enviada reparaciones hogar
12,95225343,DEBITO ENTRETENIMIENTO PLUS,14.41,Ocio,debito entretenimiento plus
13,46231783,TEF ENVIADA STEAM GAMES,59.42,Ocio,tef enviada steam games
14,17507864,TEF ENVIADA MERCADO CENTRAL,17.6,Ocio,tef enviada mercado central
15,38317637,PAGO AUTOMATICO PEDIDOSYA CL,55.22,Alimentación,pago automatico pedidosya cl
16,63100814,TEF ENVIADA PLATAFORMA APRENDIZAJE,133.86,Educación,tef enviada plataforma aprendizaje
17,43101783,TEF ENVIADA EVENTO DEPORTIVO,45.97,Ocio,tef enviada evento deportivo
18,88320463,DEBITO LIBRERIA UNIVERSITARIA,65.92,Educación,debito libreria universitaria
19,16323852,PAGO WEB UBER TRIP,52.36,Transporte,pago web uber trip
20,90048665,ABONO UBER TRIP,8.49,Transporte,abono uber trip
21,84252722,PAGO WEB PAGO CUOTAS,351.27,Vivienda,pago web pago cuotas
22,82070937,DEBITO DELIVERY COMIDA,46.3,Alimentación,debito delivery comida
23,68353204,CARGO TC BANCO DEL ESTADO,32.14,Servicios,cargo tc banco del estado
24,78139880,PAGO WEB PRONTO COPEC,55.19,Alimentación,pago web pronto copec
25,78137358,CARGO TC BANCO DEL ESTADO,95.26,Servicios,cargo tc banco del estado
26,81182864,ABONO AUTOPISTA CENTRAL,55.52,Transporte,abono autopista central
27,17774584,PAGO AUTOMATICO PLAtAFORMA APRENDIZAJE,43.72,Educación,pago automatico plataforma aprendizaje
28,19289546,COMPRA TBK COLEGIO MENSUALIDAD,146.92,Educación,compra tbk colegio mensualidad
29,83793389,TEF ENVIADA MATRICULA UNIV,33.12,Educación,tef enviada matricula univ
30,36998038,TEF ENVIADA PAGO CUOTAS,109.81,Educación,tef enviada pago cuotas
31,70597444,PAGO AUTOMATICO REPARACIONES HOGAR,92.35,Vivienda,pago automatico reparaciones hogar
32,94705205,CArGO Tc SHELL RUT4 5,8.24,Transporte,cargo tc shell rut 
33,79008866,ABONO JUMBO BILBAO,18.09,Alimentación,abono jumbo bilbao
34,86644106,TEF ENVIADA EVENTO DEPORTIVO,36.69,Ocio,tef enviada evento deportivo
35,22660194,ABONO ESTACIONAMIENTO,10.33,Transporte,abono estacionamiento
36,17270733,PAGO AUTOMATICO REPARACIONES HOGAR,285.68,Vivienda,pago automatico reparaciones hogar
37,55540424,COMPRA TBK SPOTIFY PREMIUM,49.03,Ocio,compra tbk spotify premium
38,70211891,TEF ENVIADA ALMACEN VECINAL,12.71,Alimentación,tef enviada almacen vecinal
39,20117988,PAGO AUTOMATICO CARGA BIP WEB,29.37,Transporte,pago automatico carga bip web
40,82556484,COMPRA TBK PAGO CUOTAS,127.04,Servicios,compra tbk pago cuotas
41,74606833,TEF ENVIADA ALMACEN VECINAL,16.76,Alimentación,tef enviada almacen vecinal
42,62401521,TEF ENVIADA SODIMAC HOME,142.82,Vivienda,tef enviada sodimac home
43,84593961,CARGO TC SERVICIOS GENERALES,102.66,Servicios,cargo tc servicios generales
44,17849494,TEF ENVIADA CONDOMINIO GGCC,252.71,Vivienda,tef enviada condominio ggcc
45,16729990,DEBITO UDEMY COURSES,91.78,Educación,debito udemy courses
46,78159587,TEF ENVIADA TIENDA ONLINE,21.22,Educación,tef enviada tienda online
47,41568532,PAGO WEB SHELL RUTA 5,27.21,Transporte,pago web shell ruta 
48,93131979,PAGO WEB SISTEMA DUOC,21.48,Educación,pago web sistema duoc
49,44999379,PAGO WEB COMPRA EN AMAZON,16.23,Ocio,pago web compra en amazon
50,27566185,TEF ENVIADA RESTAURANT FANCY,41.94,Ocio,tef enviada restaurant fancy
51,19736572,CARGO TC OPTICA VISION,11.3,Salud,cargo tc optica vision
52,77898694,COMPRA TBK COLEGIO MENSUALIDAD,47.13,Educación,compra tbk colegio mensualidad
53,31172421,TEF ENVIADA FARMACIA AHUMADA,71.35,Salud,tef enviada farmacia ahumada
54,97775215,PAGO WEB LIBRERIA UNIVERSITARIA,84.05,Educación,pago web libreria universitaria
55,23903144,CARGO TC MERCADO CENTRAL,56.64,Ocio,cargo tc mercado central
56,84252420,COMPRA TBK CARGA BIP WEB,13.55,Transporte,compra tbk carga bip web
57,95125977,DEBITO INTEGRAMEDICA,129.41,Salud,debito integramedica
58,16818112,CARGO TC CURSO IDIOMAS,22.92,Educación,cargo tc curso idiomas
59,31687165,COMPRA TBK PINTURAS sHERWIN,309.43,Vivienda,compra tbk pinturas sherwin
60,83227889,PAGO WEB PAGO CUOTAS,15.04,Educación,pago web pago cuotas
61,51373735,PAGO AUTOMATICO CLINICA INDISA,61.05,Salud,pago automatico clinica indisa
62,43491314,CARGO TC ENEL DISTRIBUCION,103.37,Servicios,cargo tc enel distribucion
63,41774346,PAGO WEB CENTRO MEDICO,131.04,Salud,pago web centro medico
64,99913412,PAGO AUTOMaTIcO VTR BANDA ANChA,130.97,Servicios,pago automatico vtr banda ancha
65,24508349,CARGO TC GASCO LIQUADO,63.56,Servicios,cargo tc gasco liquado
66,71780854,TEF ENVIADA MERCADO CENTRAL,24.23,Alimentación,tef enviada mercado central
67,54058573,TEF ENVIADA gASCO LIQUADO,49.0,Servicios,tef enviada gasco liquado
68,63643924,CARGO TC PRONTO COPEC,42.37,Alimentación,cargo tc pronto copec
69,25480907,CARGO TC PAGO CUOTAS,132.79,Servicios,cargo tc pago cuotas
70,45630292,PAGO WEB CLINICA INDISA,15.36,Salud,pago web clinica indisa
71,52101056,CARGO TC PAGO CUOTAS,71.1,Educación,cargo tc pago cuotas
72,35511941,PAGO AUTOMATICO COLEGIO MENSUALIDAD,45.66,Educación,pago automatico colegio mensualidad
73,82269803,COMPRA TBK TIENDA ONLINE,42.78,Ocio,compra tbk tienda online
74,19391725,TEF ENVIADA ENTRETENIMIENTO PLUS,57.19,Ocio,tef enviada entretenimiento plus
75,50308572,DEBITO CONSULTA ESPECIALISTA,81.0,Salud,debito consulta especialista
76,49682169,CARGO TC TIENDA ONLINE,35.49,Ocio,cargo tc tienda online
77,33357554,DEBITO TAXI APP,38.85,Transporte,debito taxi app
78,50785405,PAGO WEB CENTRO MEDICO,50.17,Salud,pago web centro medico
79,38682516,PAGO AUTOMATICO REPARACIONES HOGAR,228.91,Vivienda,pago automatico reparaciones hogar
80,79182797,DEBITO VTR BANDA ANCHA,102.94,Servicios,debito vtr banda ancha
81,41523529,COMPRA TBK PLATAFORMA APRENDIZAJE,104.19,Educación,compra tbk plataforma aprendizaje
82,19774839,TEF ENVIADA DID1 RIDE,30.05,Transporte,tef enviada did ride
83,61536717,TEF ENVIADA COMPRA EN AMAZON,32.19,Ocio,tef enviada compra en amazon
84,24305904,DEBITO UBER TRIP,47.81,Transporte,debito uber trip
85,79519112,ABONO UBER TRIP,30.55,Transporte,abono uber trip
86,27896471,ABONO SISTEMA DUOC,122.2,Educación,abono sistema duoc
87,69401199,PAGO WEB MERCADO CENTRAL,38.7,Ocio,pago web mercado central
88,83534128,PAGO AUTOMATICO MERCADO CENTRAL,29.53,Ocio,pago automatico mercado central
89,43183955,PAGO AUTOMATICO ESTACIONAMIENTO,51.19,Transporte,pago automatico estacionamiento
90,69038700,DEBITO OPTICA VISION,20.85,Salud,debito optica vision
91,82498004,CARGO TC INTEGRAMEDICA,21.28,Salud,cargo tc integramedica
92,38716269,PAGO AUTOMATICO DIDI RIDE,8.53,Transporte,pago automatico didi ride
93,18357162,PAGO WEB REPARACIONES HOGAR,122.39,Vivienda,pago web reparaciones hogar
94,12621534,ABONO SERVICIOS GENERALES,349.86,Vivienda,abono servicios generales
95,57212267,PAGO AUTOMATICO TIENDA ONLINE,51.81,Servicios,pago automatico tienda online
96,83300637,PAGO WEB SERVICIOS GENERALES,329.95,Vivienda,pago web servicios generales
97,75181765,TEF ENVIADA ESTACIONAMIENTO,6.6,Transporte,tef enviada estacionamiento
98,72732043,DEBITO CENTRO MEDICO,138.74,Salud,debito centro medico
99,89442503,COMPRA TBK TIENDA ONLINE,89.01,Educación,compra tbk tienda online
100,71968116,DEBITO LIDER EXPRESS,15.0,Alimentación,debito lider express
101,53868501,CARGO TC CENTRO MEDICO,57.25,Salud,cargo tc centro medico
102,66581473,ABONO PINTURAS SHERWIN,138.3,Vivienda,abono pinturas sherwin
103,16990811,COMPRA TBK MERCADO CENTRAL,59.99,Alimentación,compra tbk mercado central
104,97477029,DEBITO INTEGRAMEDICA,15.64,Salud,debito integramedica
105,93394260,TEF ENVIADA ALMACEN VECINAL,13.38,Alimentación,tef enviada almacen vecinal
106,39254705,DEBITO ESTACIONAMIENTO,30.58,Transporte,debito estacionamiento
107,25372341,TEF ENVIADA CONSULTA ESPECIALISTA,118.89,Salud,tef enviada consulta especialista
108,51870192,COMPRA TBK CARGA BIP WEB,36.67,Transporte,compra tbk carga bip web
109,89470029,DEBITO SERVICIOS GENERALES,291.72,Vivienda,debito servicios generales
110,50477742,COMPRA TBK STEAM GAMES,51.77,Ocio,compra tbk steam games
111,15512205,ABONO COLEGIO MENSUALIDAD,58.61,Educación,abono colegio mensualidad
112,55799273,COMPRA TBK REPARACIONES HOGAR,54.43,Vivienda,compra tbk reparaciones hogar
113,58612055,COMPRA TBK PAGO CUOTAS,272.45,Vivienda,compra tbk pago cuotas
114,33640702,DEBITO SERVICIOS GENERALES,112.73,Servicios,debito servicios generales
115,82232344,PAGO WEB BAR LA ESQUINA,47.61,Ocio,pago web bar la esquina
116,46023439,ABONO SERVICIOS GENERALES,162.81,Vivienda,abono servicios generales
117,42730796,CARGO TC SHELL RUTA 5,46.28,Transporte,cargo tc shell ruta 
118,38470244,CARGO TC PAGO CuOTAS,59.68,Educación,cargo tc pago cuotas
119,47080140,CARGO TC CONSULTA ESPECIALISTA,87.81,Salud,cargo tc consulta especialista
120,64549859,COMPRA TBK SISTEMA DUOC,78.4,Educación,compra tbk sistema duoc
121,75876924,DEBITO GASCO LIQUADO,72.74,Servicios,debito gasco liquado
122,42655866,CARGO TC LIDER EXPRESS,21.84,Alimentación,cargo tc lider express
123,56138336,PAGO AUTOMATICO PLATAFORMA APRENDIZAJE,69.57,Educación,pago automatico plataforma aprendizaje
124,70900658,CARGO TC MERCADO CENTRAL,19.9,Ocio,cargo tc mercado central
125,52352128,COMPRA TBK INTEGRAMEDICA,26.74,Salud,compra tbk integramedica
126,74988034,TEF ENVIADA MATRICULA UNIV,48.71,Educación,tef enviada matricula univ
127,23492385,PAGO WEB TIENDA ONLINE,126.57,Educación,pago web tienda online
128,11898961,CARGO TC INTEGRAMEDICA,109.12,Salud,cargo tc integramedica
129,84270583,COMPRA TBK CARGA BIP WEB,21.07,Transporte,compra tbk carga bip web
130,87049595,COMPRA TBK ESTACIONAMIENTO,20.64,Transporte,compra tbk estacionamiento
131,16895666,CARGO TC PAGO CUOTAS,138.37,Vivienda,cargo tc pago cuotas
132,63782042,COMPRA TBK SERVICIOS GENERALES,78.84,Servicios,compra tbk servicios generales
133,85543051,TEF ENVIADA UDEMY COURSES,142.88,Educación,tef enviada udemy courses
134,65857931,COMPRA TBK ALMACEN VECINAL,38.35,Alimentación,compra tbk almacen vecinal
135,61053474,TEF ENVIADA TIENDA ONLINE,73.07,Servicios,tef enviada tienda online
136,67556566,ABONO PINTURAS SHERWIN,156.88,Vivienda,abono pinturas sherwin
137,23318904,PAGO WEB UDEMY COURSES,142.66,Educación,pago web udemy courses
138,31079846,CARGO TC DIDI RIDE,18.19,Transporte,cargo tc didi ride
139,73070585,TEF ENVIADA COLEGIO MEnSUALIDAD,50.78,Educación,tef enviada colegio mensualidad
140,70939053,DEBITO CARGA BIP WEB,8.91,Transporte,debito carga bip web
141,89160218,ABONO CARGA BIP WEB,41.37,Transporte,abono carga bip web
142,96924061,COMPRA TBK TAXI APP,13.19,Transporte,compra tbk taxi app
143,51286958,COMPRA TBK CLINICA INDISA,93.31,Salud,compra tbk clinica indisa
144,72907576,CARGO TC TIENDA ONLINE,106.41,Servicios,cargo tc tienda online
145,76276072,CARGO TC TIENDA ONLINE,29.08,Ocio,cargo tc tienda online
146,91029073,PAGO AUTOMATICO UDEMY COURSES,45.05,Educación,pago automatico udemy courses
147,87201917,DEBITO ALMACEN VECINAL,37.29,Alimentación,debito almacen vecinal
148,15399803,ABONO DELIVERY COMIDA,46.97,Alimentación,abono delivery comida
149,47333543,PAGO WEB ESTACIONAMIENTO,14.98,Transporte,pago web estacionamiento
150,22246348,DEBITO PAGO CUOTAS,75.8,Educación,debito pago cuotas
151,31585546,CARGO TC REPARACIONES HOGAR,165.43,Vivienda,cargo tc reparaciones hogar
152,63747791,CARGO TC EVENTO DEPORTIVO,49.75,Ocio,cargo tc evento deportivo
153,43876400,PAGO AUTOMATICO UDEMY COURSES,55.26,Educación,pago automatico udemy courses
154,10154493,ABONO TALLER AUTOMOTRIZ,102.07,Servicios,abono taller automotriz
155,79583757,PAGO AUTOMATICO CURSO IDIOMAS,60.65,Educación,pago automatico curso idiomas
156,16927215,DEBITO SERVICIOS GENERALES,38.5,Servicios,debito servicios generales
157,75056916,CARGO TC MATRICULA UNIV,27.0,Educación,cargo tc matricula univ
158,31257157,ABONO COMPRA EN AMAZON,22.09,Ocio,abono compra en amazon
159,25228493,PAGO AUTOMATICO TIENDA ONLINE,30.38,Alimentación,pago automatico tienda online
160,49172995,ABONO DELIVERY COMIDA,32.99,Alimentación,abono delivery comida
161,73380266,ABONO CENTRO MEDICO,44.12,Salud,abono centro medico
162,90447099,PAGO AUTOMATICO MATRICULA UNIV,81.15,Educación,pago automatico matricula univ
163,65692629,CARGO TC SHELL RUTA 5,23.69,Transporte,cargo tc shell ruta 
164,47962005,CARGO TC PAGO CUOTAS,111.65,Servicios,cargo tc pago cuotas
165,75718414,PAGO WEB TIENDA ONLINE,131.14,Servicios,pago web tienda online
166,84077101,PAGO AUTOMATICO HOME CENTER,317.01,Vivienda,pago automatico home center
167,42051937,CARGO TC PAGO CUOTAS,250.13,Vivienda,cargo tc pago cuotas
168,73481797,COMPRA TBK TAXI APP,43.79,Transporte,compra tbk taxi app
169,97512508,PAGO AUTOMATICO TALLER AUTOMOTRIZ,147.31,Servicios,pago automatico taller automotriz
170,89212676,TEF ENVIADA SODIMAC HOME,166.2,Vivienda,tef enviada sodimac home
171,71327848,COMPRA TBK MERCADO CENTRAL,5.84,Alimentación,compra tbk mercado central
172,30718012,ABONO TAXI APP,9.12,Transporte,abono taxi app
173,63349308,CARGO TC CLARO TELECOM,100.98,Servicios,cargo tc claro telecom
174,81621574,ABONO SERVICIO TECNICO,63.2,Servicios,abono servicio tecnico
175,92874006,ABONO OPTICA VISION,19.58,Salud,abono optica vision
176,22130508,CARGO TC ENTRETENIMIENTO PLUS,28.87,Ocio,cargo tc entretenimiento plus
177,69549527,DEBITO DELIVERY COMIDA,14.15,Alimentación,debito delivery comida
178,17532195,COMPRA TBK CRUZ VERDE LOCAL,51.07,Salud,compra tbk cruz verde local
179,65304649,TEF ENVIADA CENTRO MEDICO,89.23,Salud,tef enviada centro medico
180,91804602,TEF ENVIADA VTR BANDA ANCHA,131.92,Servicios,tef enviada vtr banda ancha
181,29208935,PAGO AUTOMATICO SISTEMA DUOC,42.51,Educación,pago automatico sistema duoc
182,11261301,PAGO AUTOMATICO BAR LA ESQUINA,54.44,Ocio,pago automatico bar la esquina
183,19913576,DEBITO PINTURAS SHERWIN,204.61,Vivienda,debito pinturas sherwin
184,43567615,DEBITO EXAMENES MED,73.96,Salud,debito examenes med
185,24314759,PAGO AUTOMATICO INTEGRAMEDICA,43.21,Salud,pago automatico integramedica
186,49625201,PAGO WEB PLATAFORMA APRENDIZAJE,13.07,Educación,pago web plataforma aprendizaje
187,85957706,PAGO AUTOMATICO BANCO DEL ESTADO,131.11,Servicios,pago automatico banco del estado
188,48412328,PAGO WEB ENEL DISTRIBUCION,118.6,Servicios,pago web enel distribucion
189,95445405,ABONO GASOLINERA,15.46,Transporte,abono gasolinera
190,94216001,DEBITO CLINICA INDISA,100.49,Salud,debito clinica indisa
191,27637794,COMPRA TBK OPTICA VISION,22.62,Salud,compra tbk optica vision
192,36950221,DEBITO CONSULTA ESPECIALISTA,28.5,Salud,debito consulta especialista
193,46578001,PAGO WEB PLATAFORMA APRENDIZAJE,126.27,Educación,pago web plataforma aprendizaje
194,55461591,ABONO OPTICA VISION,122.59,Salud,abono optica vision
195,40281491,TEF ENVIADA EASY PORTAL,351.05,Vivienda,tef enviada easy portal
196,84801233,PAGO AUTOMATICO ENTRETENIMIENTO PLUS,25.12,Ocio,pago automatico entretenimiento plus
197,26587799,COMPRA TBK TALLER AUTOMOTRIZ,73.67,Servicios,compra tbk taller automotriz
198,95704631,CARGO TC ENTRETENIMIENTO PLUS,56.72,Ocio,cargo tc entretenimiento plus
199,93154172,TEF ENVIADA DELIVERY COMIDA,53.63,Alimentación,tef enviada delivery comida
200,18484847,PAGO WEB PLATAFORMA APRENDIZAJE,98.96,Educación,pago web plataforma aprendizaje
201,28760553,DEBITO PINTURAS SHERWIN,65.87,Vivienda,debito pinturas sherwin
202,41514326,PAGO AUTOMATICO PRONTO COPEC,53.8,Alimentación,pago automatico pronto copec
203,82503409,PAGO AUTOMATICO TAXI APP,28.05,Transporte,pago automatico taxi app
204,75679047,PAGO AUTOMATICO CINEMARK ONLINE,38.86,Ocio,pago automatico cinemark online
205,69509870,DEBITO CRUZ VERDE LOCAL,72.26,Salud,debito cruz verde local
206,59302863,COMPRA TBK AUTOPISTA CENTRAL,34.95,Transporte,compra tbk autopista central
207,35475673,COMPRA TBK RESTAURANT FANCY,58.25,Ocio,compra tbk restaurant fancy
208,96128115,COMPRA TBK SERVICIOS GENERALES,99.53,Servicios,compra tbk servicios generales
209,26901217,ABONO JUMBO BILBAO,48.28,Alimentación,abono jumbo bilbao
210,37804191,ABONO SHELL RUTA 5,37.25,Transporte,abono shell ruta 
211,89991301,CARGO TC GASCO LIQUADO,10.4,Servicios,cargo tc gasco liquado
212,33420607,TEF ENVIADA VTR BANDA ANCHA,25.39,Servicios,tef enviada vtr banda ancha
213,33386929,TEF ENVIADA ENEL D1STRIBUCION,47.15,Servicios,tef enviada enel dstribucion
214,18530615,PAGO WEB TAXI APP,31.19,Transporte,pago web taxi app
215,70667140,PAGO WEB SERVICIO TECNICO,80.54,Servicios,pago web servicio tecnico
216,98436473,DEBITO UDEMY COURSES,83.0,Educación,debito udemy courses
217,63904155,COMPRA TBK SODIMAC HOME,199.2,Vivienda,compra tbk sodimac home
218,19863756,DEBITO MERCADO CENTRAL,54.46,Alimentación,debito mercado central
219,93794475,COMPRA TBK CLINICA INDISA,98.63,Salud,compra tbk clinica indisa
220,81210133,PAGO AUTOMATICO PLATAFORMA APRENDIZAJE,51.29,Educación,pago automatico plataforma aprendizaje
221,25356396,COMPRA TBK PAGO CUOTAS,129.39,Educación,compra tbk pago cuotas
222,67723010,DEBITO MERCADO CENTRAL,29.84,Ocio,debito mercado central
223,63516659,CARGO TC TAXI APP,27.88,Transporte,cargo tc taxi app
224,44210729,PAGO AUTOMATICO PEDIDOSYA CL,25.59,Alimentación,pago automatico pedidosya cl
225,21457410,COMPRA TBK ESTACIONAMIENTO,10.13,Transporte,compra tbk estacionamiento
226,18050510,ABONO PEDIDOSYA CL,37.26,Alimentación,abono pedidosya cl
227,65137801,CARGO TC TIENDA ONLINE,59.5,Educación,cargo tc tienda online
228,16904975,ABONO TIENDA ONLINE,58.26,Ocio,abono tienda online
229,78103759,CARGO TC LIBRERIA UNIVERSITARIA,39.78,Educación,cargo tc libreria universitaria
230,56991504,TEF ENVIADA EVENTO DEPORTIVO,51.5,Ocio,tef enviada evento deportivo
231,40354559,ABONO FARMACIA AHUMADA,123.01,Salud,abono farmacia ahumada
232,92352411,ABONO PAGO CUOTAS,104.5,Servicios,abono pago cuotas
233,45896226,PAGO WEB UDEMY COURSES,14.05,Educación,pago web udemy courses
234,34347841,CARGO TC EXAMENES MED,131.78,Salud,cargo tc examenes med
235,94982908,COMPRA TBK PAGO CUOTAS,146.05,Educación,compra tbk pago cuotas
236,70887307,TEF ENVIADA TIENDA ONLINE,23.75,Alimentación,tef enviada tienda online
237,86181117,DEBITO EXAMENES MED,93.47,Salud,debito examenes med
238,16679008,TEF ENVIADA MCDONALDS WEB,42.07,Alimentación,tef enviada mcdonalds web
239,91480362,DEBITO OPTICA VISION,71.89,Salud,debito optica vision
240,56328316,ABONO INTEGRAMEDICA,70.19,Salud,abono integramedica
241,16095815,PAGO WEB OPTICA VISION,40.87,Salud,pago web optica vision
242,38351344,COMPRA TBK UDEMY COURSES,117.43,Educación,compra tbk udemy courses
243,11037490,CARGO TC CLARO TELECOM,79.63,Servicios,cargo tc claro telecom
244,40884937,TEF ENVIADA CONDOMINIO GGCC,225.09,Vivienda,tef enviada condominio ggcc
245,63293990,ABONO BANCO DEL ESTADO,130.65,Servicios,abono banco del estado
246,20450542,COMPRA TBK VERDULERIA DON PEPE,52.42,Alimentación,compra tbk verduleria don pepe
247,95918360,PAGO WEB PAGO CUOTAS,68.48,Educación,pago web pago cuotas
248,33068427,COMPRA TBK VERDULERIA DON PEPE,49.07,Alimentación,compra tbk verduleria don pepe
249,58567046,ABONO CURSO IDIOMAS,22.34,Educación,abono curso idiomas
250,63747464,TEF ENVIADA AGUAS ANDINAS,83.35,Servicios,tef enviada aguas andinas
251,54703713,DEBITO PINTURAS SHERWIN,322.69,Vivienda,debito pinturas sherwin
252,78444607,DEBITO TIENDA ONLINE,15.66,Alimentación,debito tienda online
253,96629889,CARGO TC SERVICIO TECNICO,124.11,Servicios,cargo tc servicio tecnico
254,33286644,TEF ENVIADA SHELL RUTA 5,38.13,Transporte,tef enviada shell ruta 
255,94281857,COMPRA TBK BANCO DEL ESTADO,79.18,Servicios,compra tbk banco del estado
256,85764804,ABONO TIENDA ONLINE,100.02,Servicios,abono tienda online
257,52431444,ABONO PLATAFORMA APRENDIZAJE,31.13,Educación,abono plataforma aprendizaje
258,46866075,PAGO AUTOMATICO MERCADO CENTRAL,37.53,Alimentación,pago automatico mercado central
259,15047559,CARGO TC FARMACIA AHUMADA,17.96,Salud,cargo tc farmacia ahumada
260,22119391,COMPRA TBK CLARO TELECOM,96.1,Servicios,compra tbk claro telecom
261,15505975,PAGO AUTOMATICO PAGO CUOTAS,72.96,Educación,pago automatico pago cuotas
262,91202508,DEBITO TIENDA ONLINE,76.59,Servicios,debito tienda online
263,56095437,PAGO AUTOMATICO COPEC SANTIAGO,59.03,Transporte,pago automatico copec santiago
264,43251599,DEBITO TIENDA ONLINE,43.92,Alimentación,debito tienda online
265,58841557,PAGO WEB HOME CENTER,180.5,Vivienda,pago web home center
266,90246882,PAGO AUTOMATICO CENTRO MEDICO,17.33,Salud,pago automatico centro medico
267,22684373,CARGO TC ENTRETENIMIENTO PLUS,35.69,Ocio,cargo tc entretenimiento plus
268,98122539,CARGO TC PINTURAS SHERWIN,387.54,Vivienda,cargo tc pinturas sherwin
269,99068509,CARGO TC MATRICULA UNIV,29.8,Educación,cargo tc matricula univ
270,62607710,DEBITO EXAMENES MED,28.05,Salud,debito examenes med
271,96368203,CARGO TC SPOTIFY PREMIUM,48.54,Ocio,cargo tc spotify premium
272,80651318,DEBITO VTR BANDA ANCHA,23.08,Servicios,debito vtr banda ancha
273,58667035,PAGO WEB TIENDA ONLINE,21.99,Ocio,pago web tienda online
274,40406092,ABONO AUTOPISTA CENTRAL,60.0,Transporte,abono autopista central
275,23574883,CARGO TC SHELL RUTA 5,32.92,Transporte,cargo tc shell ruta 
276,92950779,COMPRA TBK TIENDA ONLINE,28.35,Educación,compra tbk tienda online
277,93851247,TEF ENVIADA CONDOMINIO GGCC,333.17,Vivienda,tef enviada condominio ggcc
278,41880763,COMPRA TBK ESTACIONAMIENTO,58.33,Transporte,compra tbk estacionamiento
279,70254091,ABONO LIBRERIA UNIVERSITARIA,42.76,Educación,abono libreria universitaria
280,36040410,ABONO CARGA BIP WEB,25.23,Transporte,abono carga bip web
281,61254050,PAGO AUTOMATICO CURSO IDIOMAS,80.41,Educación,pago automatico curso idiomas
282,91156554,ABONO CONDOMINIO GGCC,98.44,Vivienda,abono condominio ggcc
283,59823245,DEBITO CRUZ VERDE LOCAL,87.64,Salud,debito cruz verde local
284,21257528,ABONO TIENDA ONLINE,46.97,Alimentación,abono tienda online
285,68716573,PAGO WEB OPTICA VISION,22.84,Salud,pago web optica vision
286,65686520,CARGO TC ESTACIONAMIENTO,7.93,Transporte,cargo tc estacionamiento
287,20952896,TEF ENVIADA PLATAFORMA APRENDIZAJE,62.49,Educación,tef enviada plataforma aprendizaje
288,97236246,COMPRA TBK PEDIDOSYA CL,23.44,Alimentación,compra tbk pedidosya cl
289,73411827,COMPRA TBK UBER TRIP,43.28,Transporte,compra tbk uber trip
290,20633503,PAGO AUTOMATICO ESTACIONAMIENTO,6.05,Transporte,pago automatico estacionamiento
291,91722503,PAGO WEB UBER TRIP,34.03,Transporte,pago web uber trip
292,16408822,TEF ENVIADA PRONTO COPEC,18.11,Alimentación,tef enviada pronto copec
293,77085942,PAGO AUTOMATICO COMPRA EN AMAZON,37.82,Ocio,pago automatico compra en amazon
294,29270557,PAGO WEB DELIVERY COMIDA,21.02,Alimentación,pago web delivery comida
295,65910756,CARGO TC SUPERMERCADO DIA,15.3,Alimentación,cargo tc supermercado dia
296,19083764,PAGO WEB SPOTIFY PREMIUM,57.44,Ocio,pago web spotify premium
297,84377016,ABONO TIENDA ONLINE,12.85,Educación,abono tienda online
298,60103798,COMPRA TBK SERVICIOS GENERALES,45.51,Servicios,compra tbk servicios generales
299,42363373,ABONO PEDIDOSYA CL,45.31,Alimentación,abono pedidosya cl
300,54629892,ABONO SPOTIFY PREMIUM,12.34,Ocio,abono spotify premium
301,72360629,ABONO CONSULTA ESPECIALISTA,147.31,Salud,abono consulta especialista
302,71428713,ABONO CONDOMINIO GGCC,62.94,Vivienda,abono condominio ggcc
303,15624520,ABONO COPEC SANTIAGO,22.36,Transporte,abono copec santiago
304,43999198,ABONO CENTRO MEDICO,15.13,Salud,abono centro medico
305,16416148,CARGO TC STEAM GAMES,52.62,Ocio,cargo tc steam games
306,68646621,COMPRA TBK EXAMENES MED,134.53,Salud,compra tbk examenes med
307,35074182,PAGO AUTOMATICO EVENTO DEPORTIVO,32.29,Ocio,pago automatico evento deportivo
308,21087928,ABONO REPARACIONES HOGAR,304.48,Vivienda,abono reparaciones hogar
309,34220459,PAGO WEB VERDULERIA DON PEPE,35.0,Alimentación,pago web verduleria don pepe
310,49680122,COMPRA TBK FARMACIA AHUMADA,52.91,Salud,compra tbk farmacia ahumada
311,57183837,TEF ENVIADA PAGO CUOTAS,72.6,Educación,tef enviada pago cuotas
312,46850196,PAGO WEB RESTAURANT FANCY,40.17,Ocio,pago web restaurant fancy
313,64520614,COMPRA TBK ENEL DISTRIBUCION,60.86,Servicios,compra tbk enel distribucion
314,29163535,TEF ENVIADA BANCO DEL ESTADO,128.81,Servicios,tef enviada banco del estado
315,41674763,COMPRA TBK EVENTO DEPORTIVO,47.82,Ocio,compra tbk evento deportivo
316,14346684,PAGO AUTOMATICO CONSULTA ESPECIALISTA,94.71,Salud,pago automatico consulta especialista
317,20319387,CARGO TC EVENTO DEPORTIVO,36.57,Ocio,cargo tc evento deportivo
318,47405107,PAGO AUTOMATICO PLATAFORMA APRENDIZAJE,44.95,Educación,pago automatico plataforma aprendizaje
319,79490594,DEBITO JUMBO BILBAO,26.28,Alimentación,debito jumbo bilbao
320,69897763,CARGO TC COLEGIO MENSUALIDAD,40.04,Educación,cargo tc colegio mensualidad
321,75927774,DEBITO LIBRERIA UNIVERSITARIA,38.02,Educación,debito libreria universitaria
322,69741812,PAGO AUTOMATICO SHELL RUTA 5,59.85,Transporte,pago automatico shell ruta 
323,99635939,ABONO BANCO DEL ESTADO,58.64,Servicios,abono banco del estado
324,50259503,PAGO WEB TIENDA ONLINE,51.82,Alimentación,pago web tienda online
325,78284040,TEF ENVIADA ENTRETENIMIENTO PLUS,17.33,Ocio,tef enviada entretenimiento plus
326,13527782,TEF ENVIADA UBER TRIP,24.85,Transporte,tef enviada uber trip
327,84040798,PAGO AUTOMATICO PLATAFORMA APRENDIZAJE,28.17,Educación,pago automatico plataforma aprendizaje
328,74245343,CARGO TC LIDER EXPRESS,33.91,Alimentación,cargo tc lider express
329,26821075,ABONO TALLER AUTOMOTRIZ,146.13,Servicios,abono taller automotriz
330,79438885,PAGO AUTOMATICO SPOTIFY PREMIUM,23.95,Ocio,pago automatico spotify premium
331,27318510,DEBITO PAGO CUOTAS,70.57,Servicios,debito pago cuotas
332,30537388,ABONO ENEL DISTRIBUCION,52.58,Servicios,abono enel distribucion
333,79645282,DEBITO AUTOPISTA CENTRAL,54.22,Transporte,debito autopista central
334,83932683,CARGO TC AGUAS ANDINAS,48.42,Servicios,cargo tc aguas andinas
335,77454225,PAGO WEB BAR LA ESQUINA,40.25,Ocio,pago web bar la esquina
336,91220369,TEF ENVIADA MATRICULA UNIV,57.27,Educación,tef enviada matricula univ
337,20901547,ABONO UDEMY COURSES,16.36,Educación,abono udemy courses
338,86790955,CARGO TC COMPRA EN AMAZON,27.91,Ocio,cargo tc compra en amazon
339,83226170,PAGO AUTOMATICO NETFLIX.COM,20.93,Ocio,pago automatico netflixcom
340,64504816,TEF ENVIADA OPTICA VISION,51.64,Salud,tef enviada optica vision
341,74995086,TEF ENVIADA JUMBO BILBAO,30.54,Alimentación,tef enviada jumbo bilbao
342,52857920,CARGO TC CLINICA INDISA,112.79,Salud,cargo tc clinica indisa
343,59733063,PAGO AUTOMATICO SERVICIO TECNICO,82.1,Servicios,pago automatico servicio tecnico
344,45899440,TEF ENVIADA PEDIDOSYA CL,29.73,Alimentación,tef enviada pedidosya cl
345,61559717,COMPRA TBK SHELL RUTA 5,52.53,Transporte,compra tbk shell ruta 
346,53947691,ABONO ARRIENDO DEPT,376.81,Vivienda,abono arriendo dept
347,76876068,TEF ENVIADA RESTAURANT FANCY,59.78,Ocio,tef enviada restaurant fancy
348,22086184,CARGO TC PAGO CUOTAS,380.83,Vivienda,cargo tc pago cuotas
349,57364777,TEF ENVIADA CURSO IDIOMAS,16.81,Educación,tef enviada curso idiomas
350,97813295,PAGO WEB OPTICA VISION,104.15,Salud,pago web optica vision
351,27976443,ABONO CRUZ VERDE LOCAL,133.54,Salud,abono cruz verde local
352,16072331,ABONO RESTAURANT FANCY,27.03,Ocio,abono restaurant fancy
353,48735464,TEF ENVIADA TIENDA ONLINE,20.29,Educación,tef enviada tienda online
354,93650068,ABONO CURSO IDIOMAS,105.26,Educación,abono curso idiomas
355,55511258,COMPRA TBK MCDONALDS WEB,35.68,Alimentación,compra tbk mcdonalds web
356,63873262,TEF ENVIADA CLINICA INDISA,80.01,Salud,tef enviada clinica indisa
357,73584863,TEF ENVIADA JUMBO BILBAO,33.56,Alimentación,tef enviada jumbo bilbao
358,92284610,PAGO WEB GASOLINERA,22.52,Transporte,pago web gasolinera
359,78412668,PAGO WEB PINTURAS SHERWIN,236.32,Vivienda,pago web pinturas sherwin
360,12232974,CARGO TC COMPRA EN AMAZON,25.26,Ocio,cargo tc compra en amazon
361,94457912,PAGO AUTOMATICO SPOTIFY PREMIUM,6.47,Ocio,pago automatico spotify premium
362,87641510,DEBITO PINTURAS SHERWIN,252.17,Vivienda,debito pinturas sherwin
363,80361272,PAGO WEB NETFLIX.COM,39.6,Ocio,pago web netflixcom
364,42507072,TEF ENVIADA PAGO CUOTAS,14.42,Educación,tef enviada pago cuotas
365,37365878,TEF 3NVIADA SpOTIFY PREMIUM,27.57,Ocio,tef nviada spotify premium
366,18359252,PAGO AUTOMATICO TIENDA ONLINE,108.81,Servicios,pago automatico tienda online
367,98882576,PAGO WEB SISTEMA DUOC,76.97,Educación,pago web sistema duoc
368,81555103,TEF ENVIADA REPARACIONES HOGAR,169.81,Vivienda,tef enviada reparaciones hogar
369,43087238,PAGO WEB EXAMENES MED,49.06,Salud,pago web examenes med
370,37820354,CARGO TC INTEGRAMEDICA,106.63,Salud,cargo tc integramedica
371,46702849,PAGO AUTOMATICO REPARACIONES HOGAR,150.73,Vivienda,pago automatico reparaciones hogar
372,62953249,PAGO AUTOMATICO TIENDA ONLINE,124.57,Educación,pago automatico tienda online
373,74300930,CArGO TC VTr B4NDA ANCHA,39.96,Servicios,cargo tc vtr bnda ancha
374,46456416,CARGO TC PAGO CUOTAS,29.22,Servicios,cargo tc pago cuotas
375,81275182,TEF ENVIADA SISTEMA DUOC,41.59,Educación,tef enviada sistema duoc
376,73404979,COMPRA TBK COPEC SANTIAGO,10.53,Transporte,compra tbk copec santiago
377,31198492,COMPRA TBK VTR BANDA ANCHA,66.97,Servicios,compra tbk vtr banda ancha
378,48553376,DEBITO PAGO CUOTAS,162.41,Vivienda,debito pago cuotas
379,87058874,ABONO NETFLIX.COM,17.77,Ocio,abono netflixcom
380,33593960,TEF ENVIADA NETFLIX.COM,56.37,Ocio,tef enviada netflixcom
381,48851599,ABONO VERDULERIA DON PEPE,53.22,Alimentación,abono verduleria don pepe
382,54968591,PAGO WEB PRONTO COPEC,20.65,Alimentación,pago web pronto copec
383,28012011,PAGO WEB MERCADO CENTRAL,51.81,Ocio,pago web mercado central
384,54383668,TEF ENVIADA PINTURAS SHERWIN,106.87,Vivienda,tef enviada pinturas sherwin
385,55246430,DEBITO PINTURAS SHERWIN,326.77,Vivienda,debito pinturas sherwin
386,95728324,TEF ENVIADA SISTEMA DUOC,135.59,Educación,tef enviada sistema duoc
387,63798927,PAGO WEB TALLER AUTOMOTRIZ,103.7,Servicios,pago web taller automotriz
388,43292316,PAGO AUTOMATICO UBER TRIP,5.38,Transporte,pago automatico uber trip
389,54241559,PAGO AUTOMATICO ARRIENDO DEPT,155.68,Vivienda,pago automatico arriendo dept
390,58258264,COMPRA TBK COMPRA EN AMAZON,43.1,Ocio,compra tbk compra en amazon
391,31436829,COMPRA TBK DELIVERY COMIDA,27.3,Alimentación,compra tbk delivery comida
392,49599276,DEBITO LIBRERIA UNIVERSITARIA,61.46,Educación,debito libreria universitaria
393,71066203,TEF ENVIADA DIDI RIDE,46.13,Transporte,tef enviada didi ride
394,73193474,PAGO AUTOMATICO PLATAFORMA APRENDIZAJE,116.03,Educación,pago automatico plataforma aprendizaje
395,43214247,ABONO BANCO DEL ESTADO,105.25,Servicios,abono banco del estado
396,58557943,PAGO WEB COLEGIO MENSUALIDAD,20.93,Educación,pago web colegio mensualidad
397,77845324,COMPRA TBK COLEGIO MENSUALIDAD,38.3,Educación,compra tbk colegio mensualidad
398,79839059,TEF ENVIADA MATRICULA UNIV,71.86,Educación,tef enviada matricula univ
399,22205980,DEBITO STEAM GAMES,54.44,Ocio,debito steam games
400,65757342,PAGO AUTOMATICO SODIMAC HOME,209.88,Vivienda,pago automatico sodimac home
401,51361818,PAGO AUTOMATICO TIENDA ONLINE,44.78,Alimentación,pago automatico tienda online
402,19801857,ABONO PINTURAS SHErWIN,65.85,Vivienda,abono pinturas sherwin
403,19263592,PAGO WEB FARMACIA AHUMADA,148.06,Salud,pago web farmacia ahumada
404,28176954,CARGO TC SODIMAC HOME,318.04,Vivienda,cargo tc sodimac home
405,61335545,PAGO AUTOMATICO ENTRETENIMIENTO PLUS,29.67,Ocio,pago automatico entretenimiento plus
406,98824290,COMPRA TBK SERVICIOS GENERALES,356.09,Vivienda,compra tbk servicios generales
407,82109613,COMPRA TBK AUTOPISTA CENTRAL,26.62,Transporte,compra tbk autopista central
408,83074216,ABON0 DIDI RIDE,28.33,Transporte,abon didi ride
409,30820038,TEF ENVIADA ARRIENDO DEPT,146.48,Vivienda,tef enviada arriendo dept
410,66269520,COMPRA TBK SPOTIFY PREMIUM,38.82,Ocio,compra tbk spotify premium
411,89717834,TEF ENVIADA ALMACEN VECINAL,6.85,Alimentación,tef enviada almacen vecinal
412,63991141,TEF ENVIADA UDEMY COURSES,71.45,Educación,tef enviada udemy courses
413,17575790,ABONO SISTEMA DUOC,29.62,Educación,abono sistema duoc
414,87324220,ABONO INTEGRAMEDICA,54.65,Salud,abono integramedica
415,29228089,TEF ENVIADA PLATAFORMA APRENDIZAJE,148.0,Educación,tef enviada plataforma aprendizaje
416,18181595,PAGO AUTOMATICO SISTEMA DUOC,87.94,Educación,pago automatico sistema duoc
417,84605013,DEBITO MATRICULA UNIV,79.39,Educación,debito matricula univ
418,65878146,ABONO CENTRO MEDICO,67.16,Salud,abono centro medico
419,73554620,TEF ENVIADA CENTRO MEDICO,43.74,Salud,tef enviada centro medico
420,72146184,ABONO CARGA BIP WEB,55.31,Transporte,abono carga bip web
421,27997624,PAGO AUTOMATICO PAGO CUOTAS,64.38,Educación,pago automatico pago cuotas
422,70369365,CARGO TC INTEGRAMEDICA,128.6,Salud,cargo tc integramedica
423,16917129,DEBITO TIENDA ONLINE,19.77,Alimentación,debito tienda online
424,88864147,PAGO WeB COMPRA EN AMAZON,44.84,Ocio,pago web compra en amazon
425,54689713,PAGO AUTOMATICO SISTEMA DUOC,52.45,Educación,pago automatico sistema duoc
426,25745913,TEF ENVIADA ALMACEN VECINAL,46.08,Alimentación,tef enviada almacen vecinal
427,37449289,TEF ENVIADA SERVICIOS GENERALES,65.53,Servicios,tef enviada servicios generales
428,61091554,CARGO TC PEAJE TAG,30.64,Transporte,cargo tc peaje tag
429,78829070,CARGO TC RESTAURANT FANCY,53.55,Ocio,cargo tc restaurant fancy
430,73013937,ABONO EASY PORTAL,316.57,Vivienda,abono easy portal
431,16135823,CARGO TC INTEGRAMEDICA,88.75,Salud,cargo tc integramedica
432,88387434,COMPRA TBK UBER TRIP,36.85,Transporte,compra tbk uber trip
433,40872577,TEF ENVIADA PINTURAS SHERWIN,182.94,Vivienda,tef enviada pinturas sherwin
434,55307111,PAGO AUTOMATICO GASCO LIQUADO,46.03,Servicios,pago automatico gasco liquado
435,75846624,DEBITO SERVICIOS GENERALES,74.52,Servicios,debito servicios generales
436,83356206,TEF ENVIADA RESTAURANT FANCY,31.86,Ocio,tef enviada restaurant fancy
437,10856822,PAGO WEB UDEMY COURSE5,67.73,Educación,pago web udemy course
438,30270856,TEF ENVIADA BANCO DEL ESTADO,11.28,Servicios,tef enviada banco del estado
439,95594482,CARGO TC CURSO IDIOMAS,103.35,Educación,cargo tc curso idiomas
440,10887495,DEBITO CURSO IDIOMAS,84.51,Educación,debito curso idiomas
441,46875077,COMPRA TBK SODIMAC HOME,237.51,Vivienda,compra tbk sodimac home
442,67790557,PAGO WEB CRUZ VERDE LOCAL,122.86,Salud,pago web cruz verde local
443,42342289,COMPRA TBK SHELL RUTA 5,15.56,Transporte,compra tbk shell ruta 
444,63270536,ABONO LIBRERIA UNIVERSITARIA,21.06,Educación,abono libreria universitaria
445,40314047,PAGO WEB PAGO CUOTAS,154.99,Vivienda,pago web pago cuotas
446,97227356,DEBITO AGUAS ANDINAS,116.34,Servicios,debito aguas andinas
447,73888323,PAGO AUTOMATICO VERDULERIA DON PEPE,8.09,Alimentación,pago automatico verduleria don pepe
448,68238367,COMPRA TBK MCDONALDS WEB,40.47,Alimentación,compra tbk mcdonalds web
449,40838737,PAGO WEB FARMACIA AHUMADA,39.6,Salud,pago web farmacia ahumada
450,19978827,PAGO AUTOMATICO TIENDA ONLINE,105.82,Servicios,pago automatico tienda online
451,52209421,TEF ENVIADA CRUZ VERDE LOCAL,12.19,Salud,tef enviada cruz verde local
452,63458386,TEF ENVIADA GASOLINERA,56.09,Transporte,tef enviada gasolinera
453,62231715,PAGO WEB CLINICA INDISA,104.78,Salud,pago web clinica indisa
454,28783850,PAGO AUTOMATICO PLATAFORMA APRENDIZAJE,120.67,Educación,pago automatico plataforma aprendizaje
455,56420476,PAGO WEB SPOTIFY PREMIUM,7.95,Ocio,pago web spotify premium
456,91224373,ABONO ARRIENDO DEPT,319.15,Vivienda,abono arriendo dept
457,95110541,ABONO PAGO CUOTAS,48.27,Educación,abono pago cuotas
458,60388958,TEF ENVIADA PAGO CUOTAS,201.15,Vivienda,tef enviada pago cuotas
459,93029219,DEBITO COMPRA EN AMAZON,21.25,Ocio,debito compra en amazon
460,61002735,COMPRA TBK SHELL RUTA 5,44.14,Transporte,compra tbk shell ruta 
461,58412365,DEBITO CINEMARK ONLINE,10.86,Ocio,debito cinemark online
462,46207439,PAGO AUTOMATICO PRONTO COPEC,10.62,Alimentación,pago automatico pronto copec
463,84455942,PAGO AUTOMATICO MCDONALDS WEB,33.18,Alimentación,pago automatico mcdonalds web
464,22490873,COMPRA TBK JUMBO BILBAO,37.83,Alimentación,compra tbk jumbo bilbao
465,49171088,ABONO SERVICIO TECNICO,67.93,Servicios,abono servicio tecnico
466,42580349,DEBITO AGUAS ANDINAS,90.07,Servicios,debito aguas andinas
467,50417154,TEF ENVIADA TAXI APP,19.76,Transporte,tef enviada taxi app
468,66519399,TEF ENVIADA SHELL RUTA 5,21.49,Transporte,tef enviada shell ruta 
469,43096758,CARGO TC AGUAS ANDINAS,110.93,Servicios,cargo tc aguas andinas
470,50890504,PAGO AUTOMATICO ARRIENDO DEPT,52.37,Vivienda,pago automatico arriendo dept
471,54230340,ABONO REPARACIONES HOGAR,204.08,Vivienda,abono reparaciones hogar
472,36957830,CARGO TC CONDOMINIO GGCC,217.65,Vivienda,cargo tc condominio ggcc
473,94946730,CARGO TC TAXI APP,32.01,Transporte,cargo tc taxi app
474,62738860,CARGO TC SISTEMA DUOC,61.1,Educación,cargo tc sistema duoc
475,34149421,PAGO WEB SISTEMA DUOC,105.44,Educación,pago web sistema duoc
476,38138531,DEBITO UDEMY COURSES,71.38,Educación,debito udemy courses
477,64914054,ABONO FARMACIA AHUMADA,104.22,Salud,abono farmacia ahumada
478,30688754,TEF ENVIADA CARGA BIP WEB,44.34,Transporte,tef enviada carga bip web
479,90253323,COMPRA TBK TALLER AUTOMOTRIZ,77.09,Servicios,compra tbk taller automotriz
480,66143368,PAGO WEB HOME CENTER,240.28,Vivienda,pago web home center
481,82062301,DEBITO SERVICIO TECNICO,93.13,Servicios,debito servicio tecnico
482,99213703,ABONO LIDER EXPRESS,24.53,Alimentación,abono lider express
483,96574622,COMPRA TBK COMPRA EN AMAZON,42.26,Ocio,compra tbk compra en amazon
484,11415698,ABONO REPARACIONES HOGAR,84.51,Vivienda,abono reparaciones hogar
485,87915846,DEBITO PEAJE TAG,42.82,Transporte,debito peaje tag
486,88999206,CARGO TC ESTACIONAMIENTO,42.97,Transporte,cargo tc estacionamiento
487,49652241,COMPRA TBK AUTOPISTA CENTRAL,27.88,Transporte,compra tbk autopista central
488,29015320,ABONO LIDER EXPRESS,24.16,Alimentación,abono lider express
489,74817230,ABONO OPTICA VISION,58.76,Salud,abono optica vision
490,52803305,DEBITO MERCADO CENTRAL,8.69,Alimentación,debito mercado central
491,96969050,COMPRA TBK LIDER EXPRESS,11.01,Alimentación,compra tbk lider express
492,33414716,DEBITO VTR BANDA ANCHA,87.27,Servicios,debito vtr banda ancha
493,64364546,PAGO AUTOMATICO CENTRO MEDICO,98.17,Salud,pago automatico centro medico
494,38829445,PAGO AuTOMAT1C0 TAXI APP,16.32,Transporte,pago automatc taxi app
495,82060023,PAGO WEB AGUAS ANDINAS,36.17,Servicios,pago web aguas andinas
496,75697427,PAGO AUTOMATICO INTEGRAMEDICA,83.88,Salud,pago automatico integramedica
497,62686364,PAGO WEB RESTAURANT FANCY,37.29,Ocio,pago web restaurant fancy
498,33156250,ABONO CONSULTA ESPECIALISTA,123.92,Salud,abono consulta especialista
499,27978165,PAGO WEB BAR LA ESQUINA,22.23,Ocio,pago web bar la esquina
500,28972822,COMPRA TBK CARGA BIP WEB,33.1,Transporte,compra tbk carga bip web
501,34931439,PAGO WEB CONDOMINIO GGCC,220.33,Vivienda,pago web condominio ggcc
502,48766747,PAGO WEB MATRICULA UNIV,29.64,Educación,pago web matricula univ
503,58189421,PAGO WEB OPTICA VISION,143.26,Salud,pago web optica vision
504,85374270,TEF ENVIADA CONDOMINIO GGCC,226.9,Vivienda,tef enviada condominio ggcc
505,69572772,DEBITO SERVICIOS GENERALES,221.04,Vivienda,debito servicios generales
506,39598969,COMPRA TBK SUPERMERCADO DIA,21.06,Alimentación,compra tbk supermercado dia
507,71380637,PAGO WEB INTEGRAMEDICA,89.19,Salud,pago web integramedica
508,86868379,PAGO WEB SERVICIOS GENERALES,25.99,Servicios,pago web servicios generales
509,82751830,ABONO PAGO CUOTAS,125.17,Servicios,abono pago cuotas
510,67063296,PAGO WEB MERCADO CENTRAL,10.63,Alimentación,pago web mercado central
511,14325890,ABONO BANCO DEL ESTADO,72.96,Servicios,abono banco del estado
512,25755285,PAGO AUTOMATICO FARMACIA AHUMADA,118.59,Salud,pago automatico farmacia ahumada
513,57060874,ABONO DIDI RIDE,52.36,Transporte,abono didi ride
514,37732020,TEF ENVIADA PAGO CUOTAS,123.89,Educación,tef enviada pago cuotas
515,47726592,PAGO WEB ENEL DISTRIBUCION,93.56,Servicios,pago web enel distribucion
516,86871268,DEBITO AUTOPISTA CENTRAL,19.7,Transporte,debito autopista central
517,28198434,DEBITO PAGO CUOTAS,144.79,Servicios,debito pago cuotas
518,98032908,COMPRA TBK TALLER AUTOMOTRIZ,27.76,Servicios,compra tbk taller automotriz
519,53231088,TEF ENVIADA VTR BANDA ANCHA,125.99,Servicios,tef enviada vtr banda ancha
520,87500742,PAGO AUTOMATICO BANCO DEL ESTADO,98.54,Servicios,pago automatico banco del estado
521,95044078,PAGO AUTOMATICO TIENDA ONLINE,48.7,Ocio,pago automatico tienda online
522,47342819,PAGO AUTOMATICO AGUAS ANDINAS,107.26,Servicios,pago automatico aguas andinas
523,10331931,PAGO AUTOMATICO OPTICA VISION,131.65,Salud,pago automatico optica vision
524,95206855,DEBITO AGUAS ANDINAS,102.98,Servicios,debito aguas andinas
525,39236638,ABONO FARMACIA AHUMADA,145.54,Salud,abono farmacia ahumada
526,48063218,PAGO AUTOMATICO GASCO LIQUADO,57.29,Servicios,pago automatico gasco liquado
527,56135950,PAGO WEB MATRICULA UNIV,135.18,Educación,pago web matricula univ
528,71684020,COMPRA TBK ENEL DISTRIBUCION,12.28,Servicios,compra tbk enel distribucion
529,67418250,PAGO AUTOMATICO VTR BANDA ANCHA,38.32,Servicios,pago automatico vtr banda ancha
530,46778269,DEBITO CINEMARK ONLINE,10.13,Ocio,debito cinemark online
531,97095388,COMPRA TBK EXAMENES MED,33.17,Salud,compra tbk examenes med
532,41426254,DEBITO PINTURAS SHERWIN,200.23,Vivienda,debito pinturas sherwin
533,20460758,COMPRA TBK LIDER EXPRESS,12.3,Alimentación,compra tbk lider express
534,11082139,DEBITO PEAJE TAG,43.26,Transporte,debito peaje tag
535,27740248,ABONO AGUAS ANDINAS,76.88,Servicios,abono aguas andinas
536,23747542,COMPRA TBK TAXI APP,10.68,Transporte,compra tbk taxi app
537,27870584,TEF ENVIADA EXAMENES MED,99.82,Salud,tef enviada examenes med
538,11137460,COMPRA TBK CINEMARK ONLINE,38.57,Ocio,compra tbk cinemark online
539,94299475,CARGO TC ESTACIONAMIENTO,46.15,Transporte,cargo tc estacionamiento
540,23484199,ABONO PAGO CUOTAS,99.0,Vivienda,abono pago cuotas
541,67631581,DEBITO SUPERMERCADO DIA,22.3,Alimentación,debito supermercado dia
542,43308414,CARGO TC DIDI RIDE,35.44,Transporte,cargo tc didi ride
543,13600310,ABONO LIBRERIA UNIVERSITARIA,128.7,Educación,abono libreria universitaria
544,78386961,TEF ENVIADA BAR LA ESQUINA,15.38,Ocio,tef enviada bar la esquina
545,42123815,DEBITO PINTURAS SHERWIN,223.21,Vivienda,debito pinturas sherwin
546,19531069,PAGO AUTOMATICO ALMACEN VECINAL,34.06,Alimentación,pago automatico almacen vecinal
547,86286724,CARGO TC PEDIDOSYA CL,28.15,Alimentación,cargo tc pedidosya cl
548,19796799,ABONO MATRICULA UNIV,12.34,Educación,abono matricula univ
549,18115992,CARGO TC JUMBO BILBAO,57.18,Alimentación,cargo tc jumbo bilbao
550,77249653,CARGO TC HOME CENTER,318.49,Vivienda,cargo tc home center
551,82162880,COMPRA TBK SERVICIOS GENERALES,265.62,Vivienda,compra tbk servicios generales
552,37272705,CARGO TC FARMACIA AHUMADA,146.4,Salud,cargo tc farmacia ahumada
553,95133532,CARGO TC PEAJE TAG,46.98,Transporte,cargo tc peaje tag
554,68718382,DEBITO ENTRETENIMIENTO PLUS,45.15,Ocio,debito entretenimiento plus
555,68315400,COMPRA TBK GASCO LIQUADO,26.24,Servicios,compra tbk gasco liquado
556,98322292,CARGO TC UDEMY COURSES,113.69,Educación,cargo tc udemy courses
557,11523452,DEBITO JUMBO BILBAO,14.01,Alimentación,debito jumbo bilbao
558,46072958,TEF ENVIADA EXAMENES MED,112.61,Salud,tef enviada examenes med
559,46504617,CARGO TC JUMBO BILBAO,33.81,Alimentación,cargo tc jumbo bilbao
560,58335011,PAGO AUTOMATICO FARMACIA AHUMADA,17.76,Salud,pago automatico farmacia ahumada
561,44241100,TEF ENVIADA TIENDA ONLINE,118.27,Servicios,tef enviada tienda online
562,10344739,TEF ENVIADA COLEGIO MENSUALIDAD,16.17,Educación,tef enviada colegio mensualidad
563,14746418,TEF EnVIADA eNEL DISTRIBUCION,87.4,Servicios,tef enviada enel distribucion
564,43321320,PAGO AUTOMATICO ENTRETENIMIENTO PLUS,27.89,Ocio,pago automatico entretenimiento plus
565,86710258,CARGO TC RESTAURANT FANCY,25.5,Ocio,cargo tc restaurant fancy
566,79226031,TEF ENVIADA UDEMY COURSES,147.4,Educación,tef enviada udemy courses
567,51701149,PAGO AUTOMATICO EASY PORTAL,164.56,Vivienda,pago automatico easy portal
568,49137230,COMPRA TBK CURSO IDIOMAS,88.93,Educación,compra tbk curso idiomas
569,76217748,PAGO AUTOMATICO INTEGRAMEDICA,149.69,Salud,pago automatico integramedica
570,42900372,DEBITO GASCO LIQUADO,31.08,Servicios,debito gasco liquado
571,95354668,TEF ENVIADA SODIMAC HOME,343.85,Vivienda,tef enviada sodimac home
572,60502752,COMPRA TBK PEDIDOSYA CL,51.7,Alimentación,compra tbk pedidosya cl
573,41966313,COMPRA TBK BAR LA ESQUINA,28.09,Ocio,compra tbk bar la esquina
574,15892193,DEBITO MCDONALDS WEB,55.67,Alimentación,debito mcdonalds web
575,59995026,PAGO AUTOMATICO PAGO CUOTAS,74.18,Servicios,pago automatico pago cuotas
576,27919925,PAGO WEB SPOTIFY PREMIUM,40.05,Ocio,pago web spotify premium
577,68382413,PAGO WEB EASY PORTAL,281.86,Vivienda,pago web easy portal
578,52279780,CARGO TC DIDI RIDE,55.93,Transporte,cargo tc didi ride
579,41354768,CARGO TC REPARACIONES HOGAR,76.14,Vivienda,cargo tc reparaciones hogar
580,24626086,ABONO UBER TRIP,13.55,Transporte,abono uber trip
581,26205010,PAGO AUTOMATICO ESTACIONAMIENTO,34.48,Transporte,pago automatico estacionamiento
582,45568761,PAGO AUTOMATICO GASCO LIQUADO,129.35,Servicios,pago automatico gasco liquado
583,90973889,ABONO MCDONALDS WEB,7.22,Alimentación,abono mcdonalds web
584,43315361,TEF ENVIADA SERVICIO TECNICO,145.58,Servicios,tef enviada servicio tecnico
585,44918995,COMPRA TBK HOME CENTER,337.03,Vivienda,compra tbk home center
586,84618850,PAGO AUTOMATICO COPEC SANTIAGO,46.14,Transporte,pago automatico copec santiago
587,28762704,PAGO AUTOMATICO SHELL RUTA 5,11.68,Transporte,pago automatico shell ruta 
588,63765180,TEF ENVIADA ALMACEN VECINAL,25.47,Alimentación,tef enviada almacen vecinal
589,44738319,COMPRA TBK ENTRETENIMIENTO PLUS,55.46,Ocio,compra tbk entretenimiento plus
590,96702893,COMPRA TBK JUMBO BILBAO,29.39,Alimentación,compra tbk jumbo bilbao
591,54499873,ABONO SHELL RUTA 5,11.74,Transporte,abono shell ruta 
592,68137264,TEF ENVIADA SODIMAC HOME,337.59,Vivienda,tef enviada sodimac home
593,67265875,COMPRA TBK PAGO CUOTAS,110.48,Vivienda,compra tbk pago cuotas
594,29948970,CARGO TC UBER TRIP,6.91,Transporte,cargo tc uber trip
595,65296657,DEBITO SISTEMA DUOC,133.59,Educación,debito sistema duoc
596,28419506,COMPRA TBK SODIMAC HOME,196.73,Vivienda,compra tbk sodimac home
597,82968364,TEF ENVIADA MERCADO CENTRAL,48.72,Ocio,tef enviada mercado central
598,75052579,PAGO AUTOMATICO REPARACIONES HOGAR,170.41,Vivienda,pago automatico reparaciones hogar
599,34134478,CARGO TC TIENDA ONLINE,13.65,Educación,cargo tc tienda online
600,47706144,COMPRA TBK SISTEMA DUOC,18.2,Educación,compra tbk sistema duoc
601,41240803,CARGO TC HOME CENTER,390.89,Vivienda,cargo tc home center
602,81630600,DEBITO ALMACEN VECINAL,49.9,Alimentación,debito almacen vecinal
603,39448924,ABONO NETFLIX.COM,36.66,Ocio,abono netflixcom
604,33315234,CARGO TC TALLER AUTOMOTRIZ,34.65,Servicios,cargo tc taller automotriz
605,58155056,ABONO PLATAFORMA APRENDIZAJE,137.96,Educación,abono plataforma aprendizaje
606,85579195,PAGO WEB PEDIDOSYA CL,57.16,Alimentación,pago web pedidosya cl
607,75825262,PAGO WEB SERVICIOS GENERALES,15.31,Servicios,pago web servicios generales
608,80658723,PAGO WEB ALMACEN VECINAL,31.29,Alimentación,pago web almacen vecinal
609,33818260,ABONO INTEGRAMEDICA,138.63,Salud,abono integramedica
610,80638102,COMPrA TBK SERVICIO TEcN1CO,130.49,Servicios,compra tbk servicio tecnco
611,63095937,DEBITO PEDIDOSYA CL,37.23,Alimentación,debito pedidosya cl
612,31139813,CARGO TC EXAMENES MED,112.53,Salud,cargo tc examenes med
613,85427317,DEBITO PAGO CUOTAS,292.75,Vivienda,debito pago cuotas
614,33535297,TEF ENVIADA PLATAFORMA APRENDIZAJE,62.97,Educación,tef enviada plataforma aprendizaje
615,10241310,TEF ENVIADA BAR LA ESQUINA,57.18,Ocio,tef enviada bar la esquina
616,86166246,ABONO PAGO CUOTAS,14.53,Educación,abono pago cuotas
617,39648058,ABONO PLATAFORMA APRENDIZAJE,99.55,Educación,abono plataforma aprendizaje
618,20443030,TEF ENVIADA MERCADO CENTRAL,18.09,Alimentación,tef enviada mercado central
619,21908603,DEBITO CLINICA INDISA,125.03,Salud,debito clinica indisa
620,69945655,DEBITO ENTRETENIMIENTO PLUS,5.63,Ocio,debito entretenimiento plus
621,44448045,DEBITO DIDI RIDE,48.29,Transporte,debito didi ride
622,66324902,COMPRA TBK NETFLIX.COM,58.3,Ocio,compra tbk netflixcom
623,60378298,PAGO AUTOMATICO PAGO CUOTAS,85.5,Vivienda,pago automatico pago cuotas
624,14484588,TEF ENVIADA ARRIENDO DEPT,153.22,Vivienda,tef enviada arriendo dept
625,32831133,COMPRA TBK EXAMENES MED,134.31,Salud,compra tbk examenes med
626,22496299,PAGO WEB SHELL RUTA 5,23.59,Transporte,pago web shell ruta 
627,35499255,DEB1T0 CURSO 1DIOMAS,67.3,Educación,debt curso diomas
628,49916439,CARGO TC TIENDA ONLINE,43.26,Educación,cargo tc tienda online
629,75893962,PAGO WEB VERDULERIA DON PEPE,13.45,Alimentación,pago web verduleria don pepe
630,98854850,PAGO AUTOMATICO CRUZ VERDE LOCAL,97.51,Salud,pago automatico cruz verde local
631,49166271,COMPRA TBK ARRIENDO dEPT,391.97,Vivienda,compra tbk arriendo dept
632,73209094,CARGO TC EASY PORTAL,221.18,Vivienda,cargo tc easy portal
633,62013009,COMPRA TBK BAR LA ESQUINA,15.17,Ocio,compra tbk bar la esquina
634,45338986,TEF ENVIADA REPARACIONES HOGAR,203.91,Vivienda,tef enviada reparaciones hogar
635,18273096,ABONO INTEGRAMEDICA,31.16,Salud,abono integramedica
636,56142898,COMPRA TBK ENTRETENIMIENTO PLUS,49.45,Ocio,compra tbk entretenimiento plus
637,61956500,PAGO WEB ARRIENDO DEPT,336.44,Vivienda,pago web arriendo dept
638,73729850,DEBITO HOME CENTER,250.45,Vivienda,debito home center
639,14661179,CARGO TC ESTACIONAMIENTO,32.62,Transporte,cargo tc estacionamiento
640,70269093,COMPRA TBK MATRICULA UNIV,34.2,Educación,compra tbk matricula univ
641,15727862,ABONO DIDI RIDE,28.29,Transporte,abono didi ride
642,94184877,TEF ENVIADA TIENDA ONLINE,13.13,Ocio,tef enviada tienda online
643,18994192,CARGO TC LIBRERIA UNIVERSITARIA,22.18,Educación,cargo tc libreria universitaria
644,47071046,PAGO WEB PAGO CUOTAS,82.76,Educación,pago web pago cuotas
645,88863127,ABONO ENEL DISTRIBUCION,83.16,Servicios,abono enel distribucion
646,86046949,PAGO AUTOMATICO EASY PORTAL,255.78,Vivienda,pago automatico easy portal
647,23554707,COMPRA TBK AGUAS ANDINAS,120.0,Servicios,compra tbk aguas andinas
648,45451818,CARGO TC PAGO CUOTAS,63.63,Servicios,cargo tc pago cuotas
649,64086249,COMPRA TBK PAGO CUOTAS,100.35,Vivienda,compra tbk pago cuotas
650,54492381,COMPRA TBK PAGO CUOTAS,106.67,Educación,compra tbk pago cuotas
651,12715612,CARGO TC MERCADO CENTRAL,23.58,Alimentación,cargo tc mercado central
652,75984013,CARGO TC CLARO TELECOM,130.15,Servicios,cargo tc claro telecom
653,50329802,ABONO SPOTIFY PREMIUM,58.58,Ocio,abono spotify premium
654,91198924,CARGO TC REPARACIONES HOGAR,275.94,Vivienda,cargo tc reparaciones hogar
655,64649480,TEF ENVIADA ESTACIONAMIENTO,45.75,Transporte,tef enviada estacionamiento
656,17543817,ABONO PAGO CUOTAS,82.14,Servicios,abono pago cuotas
657,64141437,CARGO TC SHELL RUTA 5,12.46,Transporte,cargo tc shell ruta 
658,43486016,PAGO WeB PAGO CUOTAS,14.63,Servicios,pago web pago cuotas
659,59439358,DEBITO PEDIDOSYA CL,50.29,Alimentación,debito pedidosya cl
660,14102122,DEBITO PAGO CUOTAS,43.87,Educación,debito pago cuotas
661,73697356,TEF ENVIADA PAGO CUOTAS,255.41,Vivienda,tef enviada pago cuotas
662,44716747,TEF ENVIADA CONSULTA ESPECIALISTA,114.85,Salud,tef enviada consulta especialista
663,86807176,CARGO TC SPOTIFY PREMIUM,47.89,Ocio,cargo tc spotify premium
664,37746963,DEBITO DIDI RIDE,19.8,Transporte,debito didi ride
665,11194267,COMPRA TBK HOME CENTER,215.93,Vivienda,compra tbk home center
666,40033905,PAGO WEB UBER TRIP,18.88,Transporte,pago web uber trip
667,96267144,DEBITO CLARO TELECOM,48.55,Servicios,debito claro telecom
668,72639147,PAGO AUTOMATICO REPARACIONES HOGAR,155.75,Vivienda,pago automatico reparaciones hogar
669,78654208,PAGO WEB PAGO CUOTAS,149.92,Educación,pago web pago cuotas
670,91745321,PAGO WEB SERVICIO TECNICO,49.57,Servicios,pago web servicio tecnico
671,47108953,PAGO AUTOMATICO SPOTIFY PREMIUM,40.23,Ocio,pago automatico spotify premium
672,97438349,CARGO TC CLARO TELECOM,51.83,Servicios,cargo tc claro telecom
673,17620167,ABONO PEAJE TAG,49.3,Transporte,abono peaje tag
674,28781020,PAGO AUTOMATICO TIENDA ONLINE,110.98,Servicios,pago automatico tienda online
675,66178935,CARGO TC EVENTO DEPORTIVO,27.25,Ocio,cargo tc evento deportivo
676,86778235,PAGO WEB NETFLIX.COM,49.88,Ocio,pago web netflixcom
677,73852097,DEBITO INTEGRAMEDICA,136.91,Salud,debito integramedica
678,32815223,PAGO WEB RESTAURANT FANCY,51.24,Ocio,pago web restaurant fancy
679,27172371,CARGO TC MATRICULA UNIV,113.73,Educación,cargo tc matricula univ
680,55047826,ABONO MERCADO CENTRAL,40.99,Ocio,abono mercado central
681,51216287,TEF ENVIADA AUTOPISTA CENTRAL,28.13,Transporte,tef enviada autopista central
682,72244897,CARGO TC CONSULTA ESPECIALISTA,129.17,Salud,cargo tc consulta especialista
683,87888306,ABONO SODIMAC HOME,380.51,Vivienda,abono sodimac home
684,61226775,TEF ENVIADA MERCADO CENTRAL,34.14,Alimentación,tef enviada mercado central
685,28436852,ABONO SODIMAC HOME,397.32,Vivienda,abono sodimac home
686,71414198,PAGO WEB CENTRO MEDICO,30.05,Salud,pago web centro medico
687,54644768,ABONO VTR BANDA ANCHA,98.34,Servicios,abono vtr banda ancha
688,70673557,DEBITO AUTOPISTA CENTRAL,20.04,Transporte,debito autopista central
689,75709924,PAGO WEB VTR BANDA ANCHA,119.93,Servicios,pago web vtr banda ancha
690,95025258,TEF ENVIADA AGUAS ANDINAS,70.12,Servicios,tef enviada aguas andinas
691,53246714,pAGO AuTOMATICO PAGO CU0TAS,314.9,Vivienda,pago automatico pago cutas
692,94112495,COMPRA TBK SISTEMA DUOC,112.7,Educación,compra tbk sistema duoc
693,61479273,CARGO TC AUTOPISTA CENTRAL,32.68,Transporte,cargo tc autopista central
694,50024028,COMPRA TBK CLINICA INDISA,142.78,Salud,compra tbk clinica indisa
695,68205561,PAGO WEB HOME CENTER,360.79,Vivienda,pago web home center
696,35290114,PAGO AUTOMATICO AUTOPISTA CENTRAL,14.07,Transporte,pago automatico autopista central
697,27610141,COMPRA TBK TALLER AUTOMOTRIZ,39.57,Servicios,compra tbk taller automotriz
698,59203071,PAGO WEB SUPERMERCADO DIA,44.11,Alimentación,pago web supermercado dia
699,44331441,PAGO AUTOMATICO ENEL DISTRIBUCION,117.97,Servicios,pago automatico enel distribucion
700,98848098,PAGO WEB UDEMY COURSES,25.14,Educación,pago web udemy courses
701,65938669,COMPRA TBK ENEL DISTRIBUCION,72.2,Servicios,compra tbk enel distribucion
702,30552371,CARGO TC TIENDA ONLINE,16.3,Alimentación,cargo tc tienda online
703,98807116,COMPRA TBK ENTRETENIMIENTO PLUS,10.55,Ocio,compra tbk entretenimiento plus
704,28409776,PAGO WEB LIBRERIA UNIVERSITARIA,68.64,Educación,pago web libreria universitaria
705,47944260,DEBITO TIENDA ONLINE,11.27,Alimentación,debito tienda online
706,45298445,TEF ENVIADA MERCADO CENTRAL,50.73,Alimentación,tef enviada mercado central
707,31524980,DEBITO AUTOPISTA CENTRAL,7.17,Transporte,debito autopista central
708,54372866,DEBITO ARRIENDO DEPT,132.08,Vivienda,debito arriendo dept
709,87061479,COMPRA TBK DELIVERY COMIDA,41.8,Alimentación,compra tbk delivery comida
710,23594977,ABONO SHELL RUTA 5,54.76,Transporte,abono shell ruta 
711,49731424,PAGO AUTOMATICO STEAM GAMES,19.53,Ocio,pago automatico steam games
712,15294153,ABONO LIDER EXPRESS,51.87,Alimentación,abono lider express
713,22750478,PAGO AUTOMATICO CONSULTA ESPECIALISTA,129.17,Salud,pago automatico consulta especialista
714,96865529,ABONO JUMBO BILBAO,14.38,Alimentación,abono jumbo bilbao
715,22475714,PAGO WEB OPTICA VISION,62.17,Salud,pago web optica vision
716,71275585,COMPRA TBK CLINICA INDISA,48.06,Salud,compra tbk clinica indisa
717,32384662,ABONO PAGO CUOTAS,89.57,Vivienda,abono pago cuotas
718,65838294,ABONO NETFLIX.COM,55.12,Ocio,abono netflixcom
719,58130331,TEF ENVIADA PAGO CUOTAS,263.98,Vivienda,tef enviada pago cuotas
720,27536261,ABONO BANCO DEL ESTADO,77.63,Servicios,abono banco del estado
721,18500820,PAGO AUTOMATICO EASY PORTAL,141.56,Vivienda,pago automatico easy portal
722,80439867,DEBITO CRUZ VERDE LOCAL,117.45,Salud,debito cruz verde local
723,79672379,DEBITO SISTEMA DUOC,83.23,Educación,debito sistema duoc
724,43363439,COMPRA TBK COMPRA EN AMAZON,31.51,Ocio,compra tbk compra en amazon
725,84939694,DEBITO ENTRETENIMIENTO PLUS,54.06,Ocio,debito entretenimiento plus
726,31062435,COMPRA TBK UDEMY COURSES,80.78,Educación,compra tbk udemy courses
727,75987872,ABONO PAGO CUOTAS,162.22,Vivienda,abono pago cuotas
728,83886264,COMPRA TBK EXAMENES MED,100.06,Salud,compra tbk examenes med
729,86911446,COMPRA TBK ARRIENDO DEPT,206.83,Vivienda,compra tbk arriendo dept
730,76756320,PAGO AUTOMATICO SERVICIOS GENERALES,114.33,Servicios,pago automatico servicios generales
731,84776858,PAGO AUTOMATICO LIDER EXPRESS,35.2,Alimentación,pago automatico lider express
732,93089652,ABONO AGUAS ANDINAS,99.26,Servicios,abono aguas andinas
733,71231190,TEF ENVIADA TIENDA ONLINE,143.05,Educación,tef enviada tienda online
734,70996586,ABONO CRUZ VERDE LOCAL,56.48,Salud,abono cruz verde local
735,98203489,PAGO WEB TIENDA ONLINE,60.86,Servicios,pago web tienda online
736,39762393,COMPRA TBK EASY PORTAL,50.77,Vivienda,compra tbk easy portal
737,24270328,PAGO WEB EXAMENES MED,16.41,Salud,pago web examenes med
738,64923338,TEF ENVIADA ESTACIONAMIENTO,10.88,Transporte,tef enviada estacionamiento
739,62733674,TEF ENVIADA SISTEMA DUOC,40.18,Educación,tef enviada sistema duoc
740,65629268,DEBITO GASCO LIQUADO,16.51,Servicios,debito gasco liquado
741,70465703,PAGO WEB ENTRETENIMIENTO PLUS,30.16,Ocio,pago web entretenimiento plus
742,10582186,TEF ENVIADA TIENDA ONLINE,84.25,Educación,tef enviada tienda online
743,74818030,PAGO AUTOMATICO TIENDA ONLINE,55.84,Alimentación,pago automatico tienda online
744,27231111,DEBITO VTR BANDA ANCHA,24.5,Servicios,debito vtr banda ancha
745,77660514,PAGO WEB COMPRA EN AMAZON,53.48,Ocio,pago web compra en amazon
746,56017729,CARGO TC ARRIENDO DEPT,389.67,Vivienda,cargo tc arriendo dept
747,78759020,TEF ENVIADA CONDOMINIO GGCC,154.62,Vivienda,tef enviada condominio ggcc
748,84300459,ABONO MERCADO CENTRAL,39.79,Ocio,abono mercado central
749,56344519,PAGO WEB DIDI RIDE,55.67,Transporte,pago web didi ride
750,95480242,PAGO WEB UBER TRIP,22.73,Transporte,pago web uber trip
751,86589761,PAGO WEB PEDIDOSYA CL,56.85,Alimentación,pago web pedidosya cl
752,81659221,DEBITO TIENDA ONLINE,20.73,Ocio,debito tienda online
753,17122263,4BONO TALLER AUTOMOTRIZ,103.84,Servicios,bono taller automotriz
754,48468887,ABONO CARGA BIP WEB,42.59,Transporte,abono carga bip web
755,37380537,DEBITO COPEC SANTIAGO,46.45,Transporte,debito copec santiago
756,92692727,ABONO PEDIDOSYA CL,52.74,Alimentación,abono pedidosya cl
757,96854901,ABONO MERCADO CENTRAL,35.87,Ocio,abono mercado central
758,48606206,ABONO PEAJE TAG,43.11,Transporte,abono peaje tag
759,51963706,PAGO AUTOMATICO VERDULERIA DON PEPE,58.12,Alimentación,pago automatico verduleria don pepe
760,93290380,DEBITO JUMBO BILBAO,52.79,Alimentación,debito jumbo bilbao
761,95065651,ABONO SERVICIOS GENERALES,108.65,Servicios,abono servicios generales
762,90985229,ABONO RESTAURANT FANCY,15.81,Ocio,abono restaurant fancy
763,19995059,CARGO TC STEAM GAMES,15.28,Ocio,cargo tc steam games
764,67513345,COMPRA TBK PEAJE TAG,20.35,Transporte,compra tbk peaje tag
765,44227688,TEF ENVIADA CLINICA INDISA,10.79,Salud,tef enviada clinica indisa
766,53302669,COMPRA TBK CONDOMINIO GGCC,258.91,Vivienda,compra tbk condominio ggcc
767,50420315,PAGO WEB BANCO DEL ESTADO,78.68,Servicios,pago web banco del estado
768,52662313,CARGO TC TIENDA ONLINE,83.56,Educación,cargo tc tienda online
769,31390345,COMPRA TBK PEAJE TAG,27.88,Transporte,compra tbk peaje tag
770,38635863,COMPRA TBK PAGO CUOTAS,102.87,Educación,compra tbk pago cuotas
771,92984217,CARGO TC CONSULTA ESPECIALISTA,84.27,Salud,cargo tc consulta especialista
772,69816445,COMPRA TBK UDEMY COURSES,43.65,Educación,compra tbk udemy courses
773,15352233,PAGO WEB COMPRA EN AMAZON,42.54,Ocio,pago web compra en amazon
774,61791391,ABONO CENTRO MEDICO,45.92,Salud,abono centro medico
775,60326016,COMPRA TBK BAR LA ESQUINA,33.29,Ocio,compra tbk bar la esquina
776,82205759,PAG0 AuTOM4TICO CURSO IDIOMAS,84.65,Educación,pag automtico curso idiomas
777,38611881,TEF ENVIADA SPOTIFY PREMIUM,52.57,Ocio,tef enviada spotify premium
778,68416623,TEF ENVIADA EASY PORTAL,276.3,Vivienda,tef enviada easy portal
779,43810519,T3f ENVIAD4 DELIVERY COMIDA,35.69,Alimentación,tf enviad delivery comida
780,70549061,CARGO TC SISTEMA DUOC,98.23,Educación,cargo tc sistema duoc
781,25878730,COMPRA TBK REPARACIONES HOGAR,237.19,Vivienda,compra tbk reparaciones hogar
782,88598977,COMPRA TBK COMPRA EN AMAZON,7.5,Ocio,compra tbk compra en amazon
783,24245271,CARGO TC AGUAS ANDINAS,50.58,Servicios,cargo tc aguas andinas
784,68743898,PAGO WEB BAR LA ESQUINA,25.98,Ocio,pago web bar la esquina
785,81600831,COMPRA TBK BANCO DEL ESTADO,40.78,Servicios,compra tbk banco del estado
786,83245898,ABONO TIENDA ONLINE,21.22,Ocio,abono tienda online
787,96965116,CARGO TC CINEMARK ONLINE,25.52,Ocio,cargo tc cinemark online
788,26540343,ABONO TIENDA ONLINE,7.3,Alimentación,abono tienda online
789,21425533,PAGO WEB PAGO CUOTAS,52.66,Educación,pago web pago cuotas
790,96695458,TEF ENVIADA RESTAURANT FANCY,51.83,Ocio,tef enviada restaurant fancy
791,43922427,TEF ENVIADA UBER TRIP,15.69,Transporte,tef enviada uber trip
792,83665549,ABONO GASOLINERA,30.37,Transporte,abono gasolinera
793,43646722,CARGO TC COLEGIO MENSUALIDAD,23.75,Educación,cargo tc colegio mensualidad
794,57934299,PAGO AUTOMATICO COMPRA EN AMAZON,12.05,Ocio,pago automatico compra en amazon
795,19369589,COMPRA TBK STEAM GAMES,54.51,Ocio,compra tbk steam games
796,98506156,PAGO AUTOMATICO OPTICA VISION,52.79,Salud,pago automatico optica vision
797,52457517,PAGO WEB MATRICULA UNIV,144.21,Educación,pago web matricula univ
798,39732676,CARGO TC COPEC SANTIAGO,44.17,Transporte,cargo tc copec santiago
799,28026223,CARGO TC TIENDA ONLINE,42.38,Ocio,cargo tc tienda online
800,50999730,PAGO AUTOMATICO OPTICA VISION,78.18,Salud,pago automatico optica vision
801,47663633,DEBITO MCDONALDS WEB,52.23,Alimentación,debito mcdonalds web
802,94103363,TEF ENVIADA PEAJE TAG,9.21,Transporte,tef enviada peaje tag
803,14186818,ABONO JUMBO BILBAO,49.7,Alimentación,abono jumbo bilbao
804,14919926,ABONO PAGO CUOTAS,87.22,Educación,abono pago cuotas
805,29949181,PAGO AUTOMATICO TIENDA ONLINE,61.21,Educación,pago automatico tienda online
806,27969238,DEBITO GASOLINERA,30.56,Transporte,debito gasolinera
807,11421591,PAGO AUTOMATICO COLEGIO MENSUALIDAD,102.77,Educación,pago automatico colegio mensualidad
808,79006257,DEBITO TIENDA ONLINE,29.65,Servicios,debito tienda online
809,98504955,PAGO WEB UBER TRIP,52.97,Transporte,pago web uber trip
810,45481411,CArGO Tc ESTACIONAMIENTO,25.32,Transporte,cargo tc estacionamiento
811,58486337,TEF ENVIADA DELIVERY COMIDA,26.35,Alimentación,tef enviada delivery comida
812,53496088,COMPRA TBK SODIMAC HOME,86.13,Vivienda,compra tbk sodimac home
813,87662596,ABONO LIBRERIA UNIVERSITARIA,86.21,Educación,abono libreria universitaria
814,88876916,DEBITO TAXI APP,40.93,Transporte,debito taxi app
815,39917031,PAGO WEB AGUAS ANDINAS,82.29,Servicios,pago web aguas andinas
816,91095825,PAGO AUTOMATICO CONSULTA ESPECIALISTA,10.92,Salud,pago automatico consulta especialista
817,79060560,TEF ENVIADA ESTACIONAMIENTO,40.39,Transporte,tef enviada estacionamiento
818,90801793,TEF ENVIADA UBER TRIP,44.45,Transporte,tef enviada uber trip
819,54322017,TEF ENVIADA DELIVERY COMIDA,44.61,Alimentación,tef enviada delivery comida
820,31642106,PAGO AUTOMATICO PAGO CUOTAS,276.54,Vivienda,pago automatico pago cuotas
821,15260108,TEF 3nVIADA SODIMAc HOME,361.78,Vivienda,tef nviada sodimac home
822,34164229,TEF ENVIADA COPEC SANTIAGO,33.42,Transporte,tef enviada copec santiago
823,48044635,DEBITO SODIMAC HOME,381.54,Vivienda,debito sodimac home
824,74648438,PAGO WEB ESTACIONAMIENTO,14.38,Transporte,pago web estacionamiento
825,88201440,PAGO WEB TALLER AUTOMOTRIZ,124.86,Servicios,pago web taller automotriz
826,32511225,DEBITO GASOLINERA,44.83,Transporte,debito gasolinera
827,40845084,PAGO WEB OPTICA VISION,62.95,Salud,pago web optica vision
828,77693989,COMPRA TBK SHELL RUTA 5,42.64,Transporte,compra tbk shell ruta 
829,73870080,PAGO WEB VTR BANDA ANCHA,136.23,Servicios,pago web vtr banda ancha
830,25772785,ABONO UDEMY COURSES,23.05,Educación,abono udemy courses
831,10161088,PAGO WEB CINEMARK ONLINE,54.33,Ocio,pago web cinemark online
832,66463253,DEBITO BANCO DEL ESTADO,61.85,Servicios,debito banco del estado
833,74709513,PAGO AUTOMATICO TIENDA ONLINE,48.43,Alimentación,pago automatico tienda online
834,87325627,PAGO WEB REPARACIONES HOGAR,84.2,Vivienda,pago web reparaciones hogar
835,21249805,PAGO AUTOMATICO CARGA BIP WEB,20.58,Transporte,pago automatico carga bip web
836,10954835,CARGO TC PAGO CUOTAS,90.92,Educación,cargo tc pago cuotas
837,37570830,COMPRA TBK TIENDA ONLINE,42.83,Alimentación,compra tbk tienda online
838,67186360,CARGO TC CENTRO MEDICO,101.22,Salud,cargo tc centro medico
839,85788756,ABONO EXAMENES MED,61.19,Salud,abono examenes med
840,84102271,ABONO CENTRO MEDICO,119.73,Salud,abono centro medico
841,74929189,CARGO TC CONDOMINIO GGCC,138.82,Vivienda,cargo tc condominio ggcc
842,28531242,ABONO CONSULTA ESPECIALISTA,129.7,Salud,abono consulta especialista
843,31715773,DEBITO SPOTIFY PREMIUM,10.52,Ocio,debito spotify premium
844,83897088,ABONO PAGO CUOTAS,95.96,Educación,abono pago cuotas
845,95345915,TEF ENVIADA NETFLIX.COM,5.29,Ocio,tef enviada netflixcom
846,68435370,PAGO AUTOMATICO MCDONALDS WEB,9.85,Alimentación,pago automatico mcdonalds web
847,15067435,CARGO TC INTEGRAMEDICA,111.43,Salud,cargo tc integramedica
848,90191410,CARGO TC HOME CENTER,70.11,Vivienda,cargo tc home center
849,11437525,DEBITO VTR BANDA ANCHA,38.24,Servicios,debito vtr banda ancha
850,90465529,CARGO TC MERCADO CENTRAL,33.08,Ocio,cargo tc mercado central
851,14840043,PAGO WEB STEAM GAMES,24.79,Ocio,pago web steam games
852,47035619,TEF ENVIADA NETFLIX.COM,47.88,Ocio,tef enviada netflixcom
853,79490249,PAGO AUTOMATICO CENTRO MEDICO,12.15,Salud,pago automatico centro medico
854,85042992,COMPRA TBK SPOTIFY PREMIUM,55.33,Ocio,compra tbk spotify premium
855,91384718,ABONO CONSULTA ESPECIALISTA,144.83,Salud,abono consulta especialista
856,84978145,PAGO WEB SERV1CIOS GENERALES,75.34,Vivienda,pago web servcios generales
857,44587020,COMPRA TBK CONSULTA ESPECIALISTA,132.66,Salud,compra tbk consulta especialista
858,60610858,CARGO TC TIENDA ONLINE,88.84,Servicios,cargo tc tienda online
859,71585593,ABONO GASCO LIQUADO,105.42,Servicios,abono gasco liquado
860,19066979,PAGO AUTOMATICO UDEMY COURSES,63.57,Educación,pago automatico udemy courses
861,52376656,DEBITO GASCO LIQUADO,67.74,Servicios,debito gasco liquado
862,43320572,DEBITO CRUZ VERDE LOCAL,50.22,Salud,debito cruz verde local
863,33955951,COMPRA TBK REPARACIONES HOGAR,216.79,Vivienda,compra tbk reparaciones hogar
864,35523849,PAGO WEB INTEGRAMEDICA,79.86,Salud,pago web integramedica
865,45622106,DEBITO DIDI RIDE,16.37,Transporte,debito didi ride
866,30937370,ABONO DIDI RIDE,47.84,Transporte,abono didi ride
867,76124358,DEBITO LIDER EXPRESS,38.76,Alimentación,debito lider express
868,59821155,COMPRA TBK PAGO CUOTAS,96.89,Servicios,compra tbk pago cuotas
869,78603195,PAGO AUTOMATICO PINTURAS SHERWIN,148.09,Vivienda,pago automatico pinturas sherwin
870,66797703,TEF ENVIADA GASOLINERA,31.31,Transporte,tef enviada gasolinera
871,33461307,PAGO WEB UDEMY COURSES,74.01,Educación,pago web udemy courses
872,11129926,PAGO AUTOMATICO TIENDA ONLINE,5.65,Alimentación,pago automatico tienda online
873,58533442,PAGO WEB TAXI APP,38.7,Transporte,pago web taxi app
874,46159360,PAGO WEB CLINICA INDISA,75.99,Salud,pago web clinica indisa
875,66900650,CARGO TC PLATAFORMA APRENDIZAJE,39.47,Educación,cargo tc plataforma aprendizaje
876,47531240,CARGO TC RESTAURANT FANCY,29.79,Ocio,cargo tc restaurant fancy
877,23404289,PAGO WEB MATRICULA UNIV,110.91,Educación,pago web matricula univ
878,61121302,PAGO WEB GASCO LIQUADO,37.45,Servicios,pago web gasco liquado
879,33703827,PAGO AUTOMATICO VTR BANDA ANCHA,69.01,Servicios,pago automatico vtr banda ancha
880,75313057,PAGO WEB PEAJE TAG,21.5,Transporte,pago web peaje tag
881,31923376,PAGO AUTOMATICO UDEMY COURSES,18.41,Educación,pago automatico udemy courses
882,22925420,PAGO AUTOMATICO CLARO TELECOM,72.98,Servicios,pago automatico claro telecom
883,84825240,CARGO TC EXAMENES MED,140.46,Salud,cargo tc examenes med
884,57122567,COMPRA TBK CONSULTA ESPECIALISTA,131.43,Salud,compra tbk consulta especialista
885,97124881,PAGO WEB SISTEMA DUOC,85.38,Educación,pago web sistema duoc
886,78510704,CARGO TC CLARO TELECOM,78.25,Servicios,cargo tc claro telecom
887,48456543,COMPRA TBK EVENTO DEPORTIVO,30.51,Ocio,compra tbk evento deportivo
888,55283492,DEBITO UBER TRIP,28.2,Transporte,debito uber trip
889,20618223,ABONO PAGO CUOTAS,32.68,Educación,abono pago cuotas
890,45899536,CARGO TC AUTOPISTA CENTRAL,38.3,Transporte,cargo tc autopista central
891,58743159,PAGO AUTOMATICO PINTURAS SHERWIN,311.76,Vivienda,pago automatico pinturas sherwin
892,13100576,PAGO AUTOMATICO CURSO IDIOMAS,27.51,Educación,pago automatico curso idiomas
893,20746107,DEBITO CARGA BIP WEB,16.58,Transporte,debito carga bip web
894,73509922,COMPRA TBK EASY PORTAL,241.95,Vivienda,compra tbk easy portal
895,21173787,PAGO WEB VERDULERIA DON PEPE,10.72,Alimentación,pago web verduleria don pepe
896,62324272,COMPRA TBK MATRICULA UNIV,53.31,Educación,compra tbk matricula univ
897,27619715,PAGO AUTOMATICO CARGA BIP WEB,33.97,Transporte,pago automatico carga bip web
898,53647781,COMPRA TBK COPEC SANTIAGO,52.53,Transporte,compra tbk copec santiago
899,28134815,CARGO TC HOME CENTER,389.34,Vivienda,cargo tc home center
900,71276220,TEF ENVIADA MERCADO CENTRAL,39.71,Ocio,tef enviada mercado central
901,95836028,PAGO AUTOMATICO COMPRA EN AMAZON,34.36,Ocio,pago automatico compra en amazon
902,22019737,PAGO WEB OPTICA VISION,71.86,Salud,pago web optica vision
903,11416778,CARGO TC CENTRO MEDICO,10.01,Salud,cargo tc centro medico
904,81819757,CARGO TC VTR BANDA ANCHA,11.16,Servicios,cargo tc vtr banda ancha
905,10968781,CARGO TC pAGO CUOTA5,241.87,Vivienda,cargo tc pago cuota
906,43540489,PAGO WEB TAXI APP,13.98,Transporte,pago web taxi app
907,39607414,PAGO AUTOMATICO ENTRETENIMIENTO PLUS,19.46,Ocio,pago automatico entretenimiento plus
908,92304487,PAGO WEB ARRIENDO DEPT,332.65,Vivienda,pago web arriendo dept
909,81396350,CARGO TC BAR LA ESQUINA,49.48,Ocio,cargo tc bar la esquina
910,28337367,ABONO ARRIENDO DEPT,151.36,Vivienda,abono arriendo dept
911,93584597,PAGO WEB EVENTO DEPORTIVO,32.06,Ocio,pago web evento deportivo
912,47864772,tEF EnVIADA CRUZ VERDE LOCAL,47.69,Salud,tef enviada cruz verde local
913,11976335,DEBItO EVENTO DEPORTIVO,32.15,Ocio,debito evento deportivo
914,76893545,CARGO TC CENTRO MEDICO,149.71,Salud,cargo tc centro medico
915,29607576,CARGO TC SODIMAC HOME,69.61,Vivienda,cargo tc sodimac home
916,34374441,COMPRA TBK TALLER AUTOMOTRIZ,36.91,Servicios,compra tbk taller automotriz
917,11693222,ABONO CLARO TELECOM,27.07,Servicios,abono claro telecom
918,69453211,PAGO AUTOMATICO GASCO LIQUADO,44.6,Servicios,pago automatico gasco liquado
919,22611138,PAGO AUTOMATICO ALMACEN VECINAL,33.66,Alimentación,pago automatico almacen vecinal
920,51890609,PAGO AUTOMATICO ESTACIONAMIENTO,56.49,Transporte,pago automatico estacionamiento
921,79917538,DEBITO COPEC SANTIAGO,11.72,Transporte,debito copec santiago
922,16991067,TEF ENVIADA PINTURAS SHERWIN,352.28,Vivienda,tef enviada pinturas sherwin
923,53555463,TEF ENVIADA SHELL RUTA 5,5.83,Transporte,tef enviada shell ruta 
924,42626898,PAGO WEB CLARO TELECOM,11.25,Servicios,pago web claro telecom
925,90022258,ABONO SUPERMERCADO DIA,13.52,Alimentación,abono supermercado dia
926,22267708,TEF ENVIADA AGUAS ANDINAS,106.03,Servicios,tef enviada aguas andinas
927,30658582,COMPRA TBK CRUZ VERDE LOCAL,108.19,Salud,compra tbk cruz verde local
928,52512063,TEF ENVIADA AGUAS ANDINAS,147.43,Servicios,tef enviada aguas andinas
929,68883853,ABONO BANCO DEL ESTADO,112.65,Servicios,abono banco del estado
930,43647879,CARGO TC VERDULERIA DON PEPE,54.43,Alimentación,cargo tc verduleria don pepe
931,75779034,PAGO WEB PAGO CUOTAS,116.42,Vivienda,pago web pago cuotas
932,72866875,CARGO TC PEAJE TAG,20.14,Transporte,cargo tc peaje tag
933,19244458,ABONO TIENDA ONLINE,84.36,Servicios,abono tienda online
934,59273033,ABONO PINTURAS SHERWIN,208.93,Vivienda,abono pinturas sherwin
935,34901990,PAGO WEB BANCO DEL ESTADO,133.61,Servicios,pago web banco del estado
936,53042832,ABONO PLATAFORMA APRENDIZAJE,110.94,Educación,abono plataforma aprendizaje
937,80339453,ABONO MERCADO CENTRAL,42.58,Ocio,abono mercado central
938,53298644,TEF ENVIADA PAGO CUOTAS,67.37,Servicios,tef enviada pago cuotas
939,18949617,COMPRA TBK FARMACIA AHUMADA,16.13,Salud,compra tbk farmacia ahumada
940,14270425,ABONO U8ER TRIP,36.41,Transporte,abono uer trip
941,93747900,DEBITO TALLER AUTOMOTRIZ,108.18,Servicios,debito taller automotriz
942,19512542,CARGO TC CRUZ VERDE LOCAL,11.83,Salud,cargo tc cruz verde local
943,95753950,ABONO ESTACIONAMIENTO,8.34,Transporte,abono estacionamiento
944,17824896,ABONO PAGO CUOTAS,125.31,Educación,abono pago cuotas
945,50789378,DEBITO CRUZ VERDE LOCAL,20.91,Salud,debito cruz verde local
946,41006711,COMPRA TBK PEAJE TAG,34.24,Transporte,compra tbk peaje tag
947,86507818,PAGO WEB DIDI RIDE,39.39,Transporte,pago web didi ride
948,24161873,DEBITO PEAJE TAG,47.15,Transporte,debito peaje tag
949,99287317,DEBITO PLATAFORMA APRENDIZAJE,69.79,Educación,debito plataforma aprendizaje
950,63896091,ABONO MCDONALDS WEB,32.76,Alimentación,abono mcdonalds web
951,69460086,PAGO WEB CINEMARK ONLINE,56.34,Ocio,pago web cinemark online
952,94992144,ABONO CONSULTA ESPECIALISTA,70.28,Salud,abono consulta especialista
953,83232714,PAGO WEB RESTAURANT FANCY,16.77,Ocio,pago web restaurant fancy
954,70720566,DEBITO PAGO CUOTAS,72.65,Servicios,debito pago cuotas
955,50512501,dEBITO SODIMAC H0ME,52.3,Vivienda,debito sodimac hme
956,47038339,ABONO DIDI RIDE,55.55,Transporte,abono didi ride
957,30765467,PAGO WEB TIENDA ONLINE,23.2,Educación,pago web tienda online
958,59269031,TEF ENVIADA REPARACIONES HOGAR,361.37,Vivienda,tef enviada reparaciones hogar
959,22335296,CARGO TC DIDI RIDE,36.38,Transporte,cargo tc didi ride
960,53579429,DEBITO SISTEMA DUOC,121.01,Educación,debito sistema duoc
961,87340611,ABONO ESTACIONAMIENTO,50.07,Transporte,abono estacionamiento
962,87347488,DEBITO SUPERMERCADO DIA,25.99,Alimentación,debito supermercado dia
963,68291349,ABONO ENEL DISTRIBUCION,68.31,Servicios,abono enel distribucion
964,97614538,ABONO AGUAS ANDINAS,128.93,Servicios,abono aguas andinas
965,17264930,ABONO DELIVERY COMIDA,21.76,Alimentación,abono delivery comida
966,53866598,PAGO WEB PEDIDOSYA CL,32.63,Alimentación,pago web pedidosya cl
967,62731823,COMPRA TBK UBER TRIP,58.41,Transporte,compra tbk uber trip
968,39807828,PAGO WEB TIENDA ONLINE,70.47,Servicios,pago web tienda online
969,21079017,TEF ENVIADA TALLER AUTOMOTRIZ,76.62,Servicios,tef enviada taller automotriz
970,21419108,PAGO WEB NETFLIX.COM,26.92,Ocio,pago web netflixcom
971,85067462,ABONO CONDOMINIO GGCC,119.34,Vivienda,abono condominio ggcc
972,80363346,PAGO WEB ARRIENDO DEPT,136.19,Vivienda,pago web arriendo dept
973,87311859,ABONO PRONTO COPEC,9.93,Alimentación,abono pronto copec
974,35567100,PAGO AUTOMATICO TIENDA ONLINE,22.64,Ocio,pago automatico tienda online
975,56938140,ABONO UDEMY COURSES,96.27,Educación,abono udemy courses
976,16023362,PAGO WEB SERVICIOS GENERALES,139.39,Servicios,pago web servicios generales
977,21517819,DEBITO DIDI RIDE,11.18,Transporte,debito didi ride
978,48612439,PAGO WEB ALMACEN VECINAL,5.76,Alimentación,pago web almacen vecinal
979,13053200,CARGO TC SPOTIFY PREMIUM,23.25,Ocio,cargo tc spotify premium
980,80231557,TEF ENVIADA MERCADO CENTRAL,46.27,Ocio,tef enviada mercado central
981,28971329,PAGO WEB CURSO IDIOMAS,107.31,Educación,pago web curso idiomas
982,99057266,PAGO AUTOMATICO NETFLIX.COM,33.97,Ocio,pago automatico netflixcom
983,92941828,COMPRA TBK CLINICA INDISA,47.98,Salud,compra tbk clinica indisa
984,46414662,COMPRA TBK SODIMAC HOME,282.04,Vivienda,compra tbk sodimac home
985,49258091,ABONO RESTAURANT FANCY,52.71,Ocio,abono restaurant fancy
986,78255127,TEF ENVIADA TIENDA ONLINE,58.71,Ocio,tef enviada tienda online
987,81344862,PAGO AUTOMATICO PEDIDOSYA CL,9.84,Alimentación,pago automatico pedidosya cl
988,12884132,PAGO AUTOMATICO PEAJE TAG,7.19,Transporte,pago automatico peaje tag
989,31072888,CARGO TC LIBRERIA UNIVERSITARIA,12.57,Educación,cargo tc libreria universitaria
990,41702866,CARGO TC RESTAURANT FANCY,59.78,Ocio,cargo tc restaurant fancy
991,44585138,ABONO LIBRERIA UNIVERSITARIA,133.01,Educación,abono libreria universitaria
992,40277197,PAGO WEB ENEL DISTRIBUCION,31.24,Servicios,pago web enel distribucion
993,79889565,COMPRA TBK CONDOMINIO GGCC,386.21,Vivienda,compra tbk condominio ggcc
994,30501644,PAGO AUTOMATICO SISTEMA DUOC,69.71,Educación,pago automatico sistema duoc
995,37750491,PAGO AUTOMATICO CONSULTA ESPECIALISTA,101.35,Salud,pago automatico consulta especialista
996,28536762,DEBITO TIENDA ONLINE,53.26,Educación,debito tienda online
997,29482024,TEF ENVIADA MERCADO CENTRAL,41.09,Ocio,tef enviada mercado central
998,81532887,CARGO TC MATRICULA UNIV,142.8,Educación,cargo tc matricula univ
999,29531743,CARGO TC MCDONALDS WEB,44.99,Alimentación,cargo tc mcdonalds web
1000,50714693,PAGO AUTOMATICO SERVICIO TECNICO,72.02,Servicios,pago automatico servicio tecnico
1001,35224021,DEBITO BANCO DEL ESTADO,24.95,Servicios,debito banco del estado
1002,92805158,ABONO COPEC SANTIAGO,19.68,Transporte,abono copec santiago
1003,13501001,PAGO WEB SISTEMA DUOC,60.3,Educación,pago web sistema duoc
1004,91163038,TEF ENVIADA EVENTO DEPORTIVO,30.78,Ocio,tef enviada evento deportivo
1005,75960711,TEF ENVIADA RESTAURANT FANCY,31.06,Ocio,tef enviada restaurant fancy
1006,39870720,TEF ENVIaDA DIDI RIDE,45.83,Transporte,tef enviada didi ride
1007,68959861,COMPRA TBK DIDI RIDE,52.69,Transporte,compra tbk didi ride
1008,43122766,ABONO REPARACIONES HOGAR,199.64,Vivienda,abono reparaciones hogar
1009,61052956,PAGO WEB ENEL DISTRIBUCION,110.83,Servicios,pago web enel distribucion
1010,15168989,PAGO WEB HOME CENTER,232.23,Vivienda,pago web home center
1011,42980201,ABONO PAGO CUOTAS,231.55,Vivienda,abono pago cuotas
1012,94644215,PAGO WEB SODIMAC HOME,386.91,Vivienda,pago web sodimac home
1013,50876565,PAGO AUTOMATICO CARGA BIP WEB,47.55,Transporte,pago automatico carga bip web
1014,92293489,TEF ENVIADA OPTICA VISION,138.66,Salud,tef enviada optica vision
1015,96718276,TEF ENVIADA MERCADO CENTRAL,29.84,Ocio,tef enviada mercado central
1016,88577462,COMPRA TBK MERCADO CENTRAL,56.58,Ocio,compra tbk mercado central
1017,53414191,TEF ENVIADA MERCADO CENTRAL,29.8,Ocio,tef enviada mercado central
1018,37102854,PAGO WEB ESTACIONAMIENTO,53.54,Transporte,pago web estacionamiento
1019,32010905,CARGO TC PRONTO COPEC,44.51,Alimentación,cargo tc pronto copec
1020,95103759,COMPRA TBK LIDER EXPRESS,24.96,Alimentación,compra tbk lider express
1021,78674708,DEBITO PAGO CUOTAS,95.69,Educación,debito pago cuotas
1022,32935793,PAGO WEB TAXI APP,55.17,Transporte,pago web taxi app
1023,34007090,TEF ENVIADA MATRICULA UNIV,117.68,Educación,tef enviada matricula univ
1024,69895766,CARGO TC VERDULERIA DON PEPE,20.88,Alimentación,cargo tc verduleria don pepe
1025,10474177,TEF ENVIADA SHELL RUTA 5,39.24,Transporte,tef enviada shell ruta 
1026,76926628,PAGO AUTOMATICO CRUZ VERDE LOCAL,86.09,Salud,pago automatico cruz verde local
1027,89035763,PAGO AUTOMATICO SUPERMERCADO DIA,41.27,Alimentación,pago automatico supermercado dia
1028,90544341,PAGO AUTOMATICO SERVICIOS GENERALES,52.3,Vivienda,pago automatico servicios generales
1029,37868647,PAGO WEB LIBRERIA UNIVERSITARIA,16.85,Educación,pago web libreria universitaria
1030,29511823,DEBITO COPEC SANTIAGO,51.96,Transporte,debito copec santiago
1031,54440977,ABONO COMPRA EN AMAZON,55.62,Ocio,abono compra en amazon
1032,31654047,PAGO AUTOMATICO LIDER EXPRESS,41.96,Alimentación,pago automatico lider express
1033,87707540,TEF ENVIADA TIENDA ONLINE,60.43,Educación,tef enviada tienda online
1034,59468550,ABONO LIDER EXPRESS,54.36,Alimentación,abono lider express
1035,83882978,ABONO AGUAS ANDINAS,19.09,Servicios,abono aguas andinas
1036,46831833,COMPRA TBK CONDOMINIO GGCC,165.22,Vivienda,compra tbk condominio ggcc
1037,92148463,TEF ENVIADA HOME CENTER,70.36,Vivienda,tef enviada home center
1038,91171931,COMPRA TBK TIENDA ONLINE,140.74,Educación,compra tbk tienda online
1039,52478375,PAGO AUTOMATICO BAR LA ESQUINA,19.28,Ocio,pago automatico bar la esquina
1040,76625267,TEF ENVIADA PLATAFORMA APRENDIZAJE,82.76,Educación,tef enviada plataforma aprendizaje
1041,91793056,PAGO AUTOMATICO EVENTO DEPORTIVO,17.8,Ocio,pago automatico evento deportivo
1042,72395893,COMPRA TBK INTEGRAMEDICA,97.56,Salud,compra tbk integramedica
1043,65650977,ABONO ALMACEN VECINAL,27.77,Alimentación,abono almacen vecinal
1044,38499515,PAGO WEB CONSULTA ESPECIALISTA,11.58,Salud,pago web consulta especialista
1045,51308532,CARGO TC CARGA BIP WEB,21.52,Transporte,cargo tc carga bip web
1046,36040330,aBONO PLAT4FORMA APREND1ZAJE,56.27,Educación,abono platforma aprendzaje
1047,96657974,PAGO AUTOMATICO OPTICA VISION,29.01,Salud,pago automatico optica vision
1048,54977656,ABONO ESTACIONAMIENTO,30.44,Transporte,abono estacionamiento
1049,79937264,DEBITO TALLER AUTOMOTRIZ,51.91,Servicios,debito taller automotriz
1050,12512345,CARGO TC ENTRETENIMIENTO PLUS,16.45,Ocio,cargo tc entretenimiento plus
1051,57458790,ABONO RESTAURANT FANCY,8.64,Ocio,abono restaurant fancy
1052,35149571,ABONO CARGA BIP We8,37.74,Transporte,abono carga bip we
1053,14245067,DEBITO CLARO TELECOM,48.01,Servicios,debito claro telecom
1054,50618137,TEF ENVIADA MERCADO CENTRAL,16.89,Alimentación,tef enviada mercado central
1055,15019076,COMPRA TBK CLINICA INDISA,118.89,Salud,compra tbk clinica indisa
1056,35529779,PAGO WEB MERCADO CENTRAL,23.71,Alimentación,pago web mercado central
1057,29232735,CARGO TC HOME CENTER,319.32,Vivienda,cargo tc home center
1058,37539747,DEBITO TIENDA ONLINE,44.85,Alimentación,debito tienda online
1059,25547243,DEBITO SERVICIOS GENERALES,51.44,Vivienda,debito servicios generales
1060,21687128,ABONO DELIVERY COMIDA,23.33,Alimentación,abono delivery comida
1061,51940463,PAGO WEB LIDER EXPRESS,6.24,Alimentación,pago web lider express
1062,53067834,DEBITO CLARO TELECOM,38.08,Servicios,debito claro telecom
1063,69205536,PAGO WEB EXAMENES MED,103.96,Salud,pago web examenes med
1064,12047721,TEF ENVIADA CLINICA INDISA,144.16,Salud,tef enviada clinica indisa
1065,57018904,COMPRA TBK TIENDA ONLINE,86.91,Educación,compra tbk tienda online
1066,87052108,DEBITO CLINICA INDISA,44.28,Salud,debito clinica indisa
1067,82555030,PAGO WEB PRONTO COPEC,29.4,Alimentación,pago web pronto copec
1068,16772091,PAGO AUTOMATICO COPEC SANTIAGO,10.83,Transporte,pago automatico copec santiago
1069,90010054,PAGO AUTOMATICO LIDER EXPRESS,54.02,Alimentación,pago automatico lider express
1070,54604858,PAGO WEB EVENTO DEPORTIVO,49.96,Ocio,pago web evento deportivo
1071,72504573,ABONO ENTRETENIMIENTO PLUS,36.23,Ocio,abono entretenimiento plus
1072,96492401,COMPRA TBK MERCADO CENTRAL,44.06,Alimentación,compra tbk mercado central
1073,29289997,TEF ENVIADA PAGO CUOTAS,351.38,Vivienda,tef enviada pago cuotas
1074,99279031,CARGO TC LIBRERIA UNIVERSITARIA,56.25,Educación,cargo tc libreria universitaria
1075,18773168,PAGO AUTOMATICO SERVICIO TECNICO,76.55,Servicios,pago automatico servicio tecnico
1076,47883942,PAGO AUTOMATICO OPTICA VISION,117.51,Salud,pago automatico optica vision
1077,24358786,PAGO WEB MATRICULA UNIV,55.62,Educación,pago web matricula univ
1078,71870997,ABONO SPOTIFY PREMIUM,27.04,Ocio,abono spotify premium
1079,31343341,PAGO WEB ARRIENDO DEPT,390.86,Vivienda,pago web arriendo dept
1080,89318677,CARGO TC EASY PORTAL,200.9,Vivienda,cargo tc easy portal
1081,33231136,PAGO WEB REPARACIONES HOGAR,281.91,Vivienda,pago web reparaciones hogar
1082,89478790,ABONO SUPERMERCADO DIA,37.78,Alimentación,abono supermercado dia
1083,51343854,ABONO FARMACIA AHUMADA,143.82,Salud,abono farmacia ahumada
1084,90048179,COMPRA TBK SUPERMERCADO DIA,47.42,Alimentación,compra tbk supermercado dia
1085,18252004,PAGO AUTOMATICO REPARACIONES HOGAR,81.69,Vivienda,pago automatico reparaciones hogar
1086,95380301,PAGO WEB VTR BANDA ANCHA,123.38,Servicios,pago web vtr banda ancha
1087,81303949,DEBITO VTR BANDA ANCHA,50.81,Servicios,debito vtr banda ancha
1088,52493026,TEF ENVIADA CURSO IDIOMAS,51.96,Educación,tef enviada curso idiomas
1089,68348074,CARGO TC BANCO DEL ESTADO,110.49,Servicios,cargo tc banco del estado
1090,18376603,PAGO WEB fARmACIA AHUMADA,61.69,Salud,pago web farmacia ahumada
1091,58216998,COMPRA TBK UDEMY COURSES,25.36,Educación,compra tbk udemy courses
1092,89210454,TEF ENVIADA CRUZ VERDE LOCAL,65.2,Salud,tef enviada cruz verde local
1093,83164605,PAGO AUTOMATICO CENTRO MEDICO,39.57,Salud,pago automatico centro medico
1094,61619474,TEF ENVIADA ESTACIONAMIENTO,51.38,Transporte,tef enviada estacionamiento
1095,99934747,TEF ENVIADA CENTRO MEDICO,27.58,Salud,tef enviada centro medico
1096,21363335,DEBItO LIDER eXpRESS,12.55,Alimentación,debito lider express
1097,91125155,ABONO TALLER AUTOMOTRIZ,140.24,Servicios,abono taller automotriz
1098,84094900,PAGO AUTOMATICO MATRICULA UNIV,124.81,Educación,pago automatico matricula univ
1099,91144449,TEF ENVIADA REPARACIONES HOGAR,52.6,Vivienda,tef enviada reparaciones hogar
1100,65141717,DEBITO ARRIENDO DEPT,374.3,Vivienda,debito arriendo dept
1101,86255745,COMPRA TBK PLATAFORMA APRENDIZAJE,77.66,Educación,compra tbk plataforma aprendizaje
1102,20745888,PAGO WEB FARMACIA AHUMADA,29.89,Salud,pago web farmacia ahumada
1103,47503167,ABONO MERCADO CENTRAL,30.57,Ocio,abono mercado central
1104,73411376,PAGO WEB TIENDA ONLINE,39.69,Alimentación,pago web tienda online
1105,82369824,COMPRA TBK ENTRETENIMIENTO PLUS,48.9,Ocio,compra tbk entretenimiento plus
1106,11447323,CARGO TC CRUZ VERDE LOCAL,75.64,Salud,cargo tc cruz verde local
1107,66507825,PAGO WEB CURSO IDIOMAS,59.41,Educación,pago web curso idiomas
1108,90213415,CARGO TC CLARO TELECOM,114.92,Servicios,cargo tc claro telecom
1109,73506531,CARGO TC COMPRA EN AMAZON,36.8,Ocio,cargo tc compra en amazon
1110,93794410,DEBITO UDEMY COURSES,13.82,Educación,debito udemy courses
1111,47292234,TEF ENVIADA EASY PORTAL,138.22,Vivienda,tef enviada easy portal
1112,11906295,CARGO TC LIBRERIA UNIVERSITARIA,113.8,Educación,cargo tc libreria universitaria
1113,98470372,PAGO WEB MATRICULA UNIV,72.53,Educación,pago web matricula univ
1114,41701674,CARGO TC VTR BANDA ANCHA,77.89,Servicios,cargo tc vtr banda ancha
1115,30689702,ABON0 PAGO CUOTAS,127.27,Servicios,abon pago cuotas
1116,98673262,ABONO TALLER AUTOMOTRIZ,71.63,Servicios,abono taller automotriz
1117,56315279,TEF ENVIADA CINEMARK ONLINE,7.99,Ocio,tef enviada cinemark online
1118,63518621,COMPRA TBK FARMACIA AHUMADA,76.67,Salud,compra tbk farmacia ahumada
1119,62354374,TEF ENVIADA HOME CENTER,216.11,Vivienda,tef enviada home center
1120,48761035,ABONO PEAJE TAG,56.0,Transporte,abono peaje tag
1121,81169409,DEBITO SERVICIOS GENERALES,289.01,Vivienda,debito servicios generales
1122,67953319,PAGO WEB LIDER EXPRESS,38.58,Alimentación,pago web lider express
1123,23190487,CARGO TC BAR LA ESQUINA,19.04,Ocio,cargo tc bar la esquina
1124,42453439,PAGO AUTOMATICO PAGO CUOTAS,112.8,Educación,pago automatico pago cuotas
1125,34148004,PAGO WEB SISTEMA DUOC,53.86,Educación,pago web sistema duoc
1126,11605433,COMPRA TBK DELIVERY COMIDA,27.62,Alimentación,compra tbk delivery comida
1127,39449560,DEBITO COLEGIO MENSUALIDAD,111.54,Educación,debito colegio mensualidad
1128,98128100,CoMPRA TBK INTEGRAMEDICA,135.16,Salud,compra tbk integramedica
1129,26103055,DEBITO GASOLINERA,9.75,Transporte,debito gasolinera
1130,96960449,PAGO AUTOMATICO MATRICULA UNIV,89.25,Educación,pago automatico matricula univ
1131,49536330,DEBITO SHELL RUTA 5,30.68,Transporte,debito shell ruta 
1132,47095573,PAGO AUTOMATICO DELIVERY COMIDA,47.31,Alimentación,pago automatico delivery comida
1133,44539133,ABONO ENTRETENIMIENTO PLUS,13.91,Ocio,abono entretenimiento plus
1134,62155724,ABONO PRONTO COPEC,23.3,Alimentación,abono pronto copec
1135,69132953,ABONO PRONTO COPEC,8.82,Alimentación,abono pronto copec
1136,76042812,PAGO AUTOMATICO GASOLINERA,10.96,Transporte,pago automatico gasolinera
1137,24260594,TEF ENVIADA PAGO CUOTAS,137.77,Educación,tef enviada pago cuotas
1138,69845276,COMPRA TBK BAR LA eSQUINA,6.03,Ocio,compra tbk bar la esquina
1139,15078212,DEBITO CONDOMINIO GGCC,282.61,Vivienda,debito condominio ggcc
1140,62523472,DEBITO CLINICA INDISA,90.45,Salud,debito clinica indisa
1141,19408620,PAGO AUTOMATICO CURSO IDIOMAS,85.62,Educación,pago automatico curso idiomas
1142,74701849,DEBITO VERDULERIA DON PEPE,11.67,Alimentación,debito verduleria don pepe
1143,63769608,CARGO TC PLATAFORMA APRENDIZAJE,17.73,Educación,cargo tc plataforma aprendizaje
1144,55642455,CARGO TC SPOTIFY PREMIUM,9.43,Ocio,cargo tc spotify premium
1145,84420438,DEBITO PINTURAS SHERWIN,63.77,Vivienda,debito pinturas sherwin
1146,24330160,CARGO TC ARRIENDO DEPT,270.72,Vivienda,cargo tc arriendo dept
1147,68785183,COMPRA TBK OPTICA VISION,112.95,Salud,compra tbk optica vision
1148,51302939,TEf ENV1ADA COPEC SANTIAG0,32.48,Transporte,tef envada copec santiag
1149,15746469,COMPRA TBK SERVICIOS GENERALES,66.77,Servicios,compra tbk servicios generales
1150,82016051,PAGO AUTOMATICO PEAJE TAG,13.19,Transporte,pago automatico peaje tag
1151,73246028,COMPRA TBK SIST3MA DUOC,137.01,Educación,compra tbk sistma duoc
1152,27520478,TEF ENVIADA UDEMY COURSES,12.01,Educación,tef enviada udemy courses
1153,23058343,CARGO TC NETFLIX.COM,30.09,Ocio,cargo tc netflixcom
1154,24271532,COMPRA TBK GASOLINERA,11.28,Transporte,compra tbk gasolinera
1155,67205134,COMPRA TBK SISTEMA DUOC,57.23,Educación,compra tbk sistema duoc
1156,87304983,PAGO AUTOMATICO BANCO DEL ESTADO,86.42,Servicios,pago automatico banco del estado
1157,18485498,ABONO INTEgRAMEDICA,26.9,Salud,abono integramedica
1158,84277128,TEF ENVIADA TAXI APP,14.08,Transporte,tef enviada taxi app
1159,94851724,COMPRA TBK GASOLINERA,38.68,Transporte,compra tbk gasolinera
1160,20834405,COMPRA TBK VTR BANDA ANCHA,10.89,Servicios,compra tbk vtr banda ancha
1161,48081803,DEBITO SHELL RUTA 5,27.89,Transporte,debito shell ruta 
1162,29204927,DEBITO SERVICIOS GENERALES,99.58,Servicios,debito servicios generales
1163,33427561,PAGO AUTOMATICO CURSO IDIOMAS,95.48,Educación,pago automatico curso idiomas
1164,92147935,TEF ENVIADA SUPERMERCADO DIA,57.27,Alimentación,tef enviada supermercado dia
1165,84854623,CARGO TC BAR LA ESQUINA,17.96,Ocio,cargo tc bar la esquina
1166,82440371,COMPRA TBK TIENDA ONLINE,32.91,Alimentación,compra tbk tienda online
1167,25123535,CARGO TC ARRIENDO DEPT,328.81,Vivienda,cargo tc arriendo dept
1168,99945021,PAGO AUTOMATICO EVENTO DEPORTIVO,55.75,Ocio,pago automatico evento deportivo
1169,68340640,CARGO TC DELIVERY COMIDA,18.83,Alimentación,cargo tc delivery comida
1170,17040602,COMPRA TBK CURSO IDIOMAS,139.48,Educación,compra tbk curso idiomas
1171,69702849,A8OnO UBER tRIP,37.6,Transporte,aono uber trip
1172,53712695,TEF ENVIADA CENTRO MEDICO,42.21,Salud,tef enviada centro medico
1173,65377624,TEF ENVIADA PEDIDOSYA CL,52.84,Alimentación,tef enviada pedidosya cl
1174,75016103,COMPRA TBK ARRIENDO DEPT,69.02,Vivienda,compra tbk arriendo dept
1175,71067841,TEF ENVIADA CONDOMINIO GGCC,112.32,Vivienda,tef enviada condominio ggcc
1176,94828438,PAGO AUTOMATICO CLINICA INDISA,60.2,Salud,pago automatico clinica indisa
1177,86325036,CARGO TC INTEGRAMEDICA,18.35,Salud,cargo tc integramedica
1178,66133052,ABONO SHELL RUTA 5,14.42,Transporte,abono shell ruta 
1179,95630804,CARGO TC INTEGRAMEDICA,143.39,Salud,cargo tc integramedica
1180,21606388,PAGO WEB GASOLINERA,27.64,Transporte,pago web gasolinera
1181,89400640,ABONO CURSO IDIOMAS,76.29,Educación,abono curso idiomas
1182,43105363,COMPRA TBK PINTURAS SHERWIN,136.74,Vivienda,compra tbk pinturas sherwin
1183,87000815,PAGO WEB ARRIENDO DEPT,364.39,Vivienda,pago web arriendo dept
1184,77674770,COMPRA TBK SODIMAC HOME,61.77,Vivienda,compra tbk sodimac home
1185,23153230,PAGO AUTOMATICO PAGO CUOTAS,73.34,Educación,pago automatico pago cuotas
1186,64575354,PAGO WEB SHELL RUTA 5,57.25,Transporte,pago web shell ruta 
1187,22177508,CARGO TC AUTOPISTA CENTRAL,5.88,Transporte,cargo tc autopista central
1188,86555214,TEF ENVIADA BAR LA ESQUINA,46.1,Ocio,tef enviada bar la esquina
1189,64406548,PAGO AUTOMATICO MERCADO CENTRAL,15.17,Alimentación,pago automatico mercado central
1190,95013818,DEBITO SERVICIO TECNICO,10.19,Servicios,debito servicio tecnico
1191,54681905,PAGO AUTOMATICO SPOTIFY PREMIUM,34.2,Ocio,pago automatico spotify premium
1192,92208524,ABONO CENTRO MEDICO,85.94,Salud,abono centro medico
1193,93276088,ABONO GASCO LIQUADO,133.32,Servicios,abono gasco liquado
1194,58853980,PAGO WEB NETFLIX.COM,53.84,Ocio,pago web netflixcom
1195,15486060,CARGO TC VERDULERIA DON PEPE,25.11,Alimentación,cargo tc verduleria don pepe
1196,37476059,DEBITO PEAJE TAG,12.61,Transporte,debito peaje tag
1197,74222305,PAGO WEB INTEGRAMEDICA,113.23,Salud,pago web integramedica
1198,38158070,ABONO TIENDA ONLINE,115.44,Servicios,abono tienda online
1199,45884163,CARGO TC GASCO LIQUADO,80.5,Servicios,cargo tc gasco liquado
1200,56335527,COMPRA TBK PINTURAS SHERWIN,208.34,Vivienda,compra tbk pinturas sherwin
1201,81391010,ABONO TIENDA ONLINE,104.96,Educación,abono tienda online
1202,18808386,PAGO AUTOMATICO LIBRERIA UNIVERSITARIA,36.37,Educación,pago automatico libreria universitaria
1203,33999716,COMPRA TBK EASY PORTAL,150.93,Vivienda,compra tbk easy portal
1204,29858055,TEF ENVIADA LIDER EXPRESS,32.3,Alimentación,tef enviada lider express
1205,13045436,PAGO WEB GASCO LIQUADO,51.04,Servicios,pago web gasco liquado
1206,66388890,TEF ENVIADA MERCADO CENTRAL,29.41,Ocio,tef enviada mercado central
1207,12957704,CARGO TC NETFLIX.COM,52.95,Ocio,cargo tc netflixcom
1208,87672417,DEBITO PEAJE TAG,23.85,Transporte,debito peaje tag
1209,81157706,PAGO AUTOMATICO RESTAURANT FANCY,51.3,Ocio,pago automatico restaurant fancy
1210,51137063,CARGO TC PAGO CUOTAS,110.11,Vivienda,cargo tc pago cuotas
1211,48674340,PAGO AUTOMATICO INTEGRAMEDICA,117.76,Salud,pago automatico integramedica
1212,32328873,CARGO TC MCDONALDS WEB,39.02,Alimentación,cargo tc mcdonalds web
1213,33536332,CARGO TC PEAJE TAG,51.16,Transporte,cargo tc peaje tag
1214,41931112,ABONO ENTRETENIMIENTO PLUS,11.43,Ocio,abono entretenimiento plus
1215,34762712,PAGO AUTOMATICO CLINICA INDISA,38.72,Salud,pago automatico clinica indisa
1216,56150365,DEBITO NETFLIX.COM,13.14,Ocio,debito netflixcom
1217,26306114,TEF ENVIADA HOME CENTER,372.15,Vivienda,tef enviada home center
1218,71477186,ABONO PAGO CUOTAS,374.73,Vivienda,abono pago cuotas
1219,78103287,DEBITO COPEC SANTIAGO,23.22,Transporte,debito copec santiago
1220,87004412,PAGO AUTOMATICO BAR LA ESQUINA,41.68,Ocio,pago automatico bar la esquina
1221,69338400,DEBITO TIENDA ONLINE,57.42,Servicios,debito tienda online
1222,83948598,COMPRA TBK MERCADO CENTRAL,11.43,Alimentación,compra tbk mercado central
1223,69857441,PAGO WEB VERDULERIA DON PEPE,24.66,Alimentación,pago web verduleria don pepe
1224,88306842,PAGO WEB CRUZ VERDE LOCAL,83.7,Salud,pago web cruz verde local
1225,75829146,TEf ENVIADA CL4R0 TELECOM,54.49,Servicios,tef enviada clr telecom
1226,58461306,COMPRA TBK TIENDA ONLINE,65.66,Educación,compra tbk tienda online
1227,11636220,CARGO TC TIENDA ONLINE,20.66,Ocio,cargo tc tienda online
1228,21757289,PAGO AUTOMATICO EXAMENES MED,40.2,Salud,pago automatico examenes med
1229,31983567,ABONO SERVICIOS GENERALES,331.99,Vivienda,abono servicios generales
1230,90253572,TEF ENVIADA SERVICIOS GENERALES,80.13,Vivienda,tef enviada servicios generales
1231,80504712,PAGO AUTOMATICO CARGA BIP WEB,59.27,Transporte,pago automatico carga bip web
1232,10888369,ABONO SUPERMERCADO DIA,27.52,Alimentación,abono supermercado dia
1233,86224438,TEF ENVIADA CENTRO MEDICO,115.73,Salud,tef enviada centro medico
1234,48851088,TEF ENVIADA DIDI RIDE,35.46,Transporte,tef enviada didi ride
1235,76317044,ABONO PRONTO COPEC,35.76,Alimentación,abono pronto copec
1236,30672747,COMPRA TBK ARRIENDO DEPT,141.94,Vivienda,compra tbk arriendo dept
1237,99377391,PAGO AUTOMATICO ENTRETENIMIENTO PLUS,54.1,Ocio,pago automatico entretenimiento plus
1238,96541691,PAGO AUTOMATICO CONDOMINIO GGCC,135.66,Vivienda,pago automatico condominio ggcc
1239,18955654,PAGO AUTOMATICO PRONTO COPEC,37.94,Alimentación,pago automatico pronto copec
1240,44616300,PAGO WEB OPTICA VISION,97.92,Salud,pago web optica vision
1241,87210585,CARGO TC EASY PORTAL,56.14,Vivienda,cargo tc easy portal
1242,52906872,PAGO WEB CLINICA INDISA,74.55,Salud,pago web clinica indisa
1243,46597195,CARGO TC CINEMARK ONLINE,24.86,Ocio,cargo tc cinemark online
1244,81083363,COMPRA TBK RESTAURANT FANCY,40.14,Ocio,compra tbk restaurant fancy
1245,34595062,TEF ENVIADA TIENDA ONLINE,47.06,Alimentación,tef enviada tienda online
1246,52441045,PAGO WEB MATRICULA UNIV,125.76,Educación,pago web matricula univ
1247,58656970,CARGO TC BAR LA ESQUINA,10.27,Ocio,cargo tc bar la esquina
1248,28381043,ABONO PLATAFORMA APRENDIZAJE,82.54,Educación,abono plataforma aprendizaje
1249,31881401,PAGO AUTOMATICO OPTICA VISION,24.34,Salud,pago automatico optica vision
1250,84981433,TEF ENVIADA PEAJE TAG,38.74,Transporte,tef enviada peaje tag
1251,83969111,ABONO PAGO CUOTAS,108.32,Servicios,abono pago cuotas
1252,20254278,PAGO AUTOMATICO AGUAS ANDINAS,26.32,Servicios,pago automatico aguas andinas
1253,58663129,PAGO AUTOMATICO COPEC SANTIAGO,12.65,Transporte,pago automatico copec santiago
1254,33113253,ABONO HOME CENTER,298.46,Vivienda,abono home center
1255,29107146,TEF ENVIADA LIDER EXPRESS,42.84,Alimentación,tef enviada lider express
1256,20550179,TEF ENVIADA CLINICA INDISA,69.47,Salud,tef enviada clinica indisa
1257,14401363,C0MPRA TBK AGuAS ANDINAS,121.03,Servicios,cmpra tbk aguas andinas
1258,43958759,PAGO AUTOMATICO UDEMY COURSES,16.06,Educación,pago automatico udemy courses
1259,26615289,ABONO CRUZ VERDE LOCAL,138.81,Salud,abono cruz verde local
1260,57182050,TEF ENVIADA GASOLINERA,6.61,Transporte,tef enviada gasolinera
1261,31549640,PAGO WEB CARGA BIP WEB,52.03,Transporte,pago web carga bip web
1262,19172042,TEF ENVIADA TIENDA ONLINE,23.87,Servicios,tef enviada tienda online
1263,35709072,PAGO WEB UDEMY COURSES,145.0,Educación,pago web udemy courses
1264,23245372,COMPRA TBK PEAJE TAG,55.83,Transporte,compra tbk peaje tag
1265,34847161,CARGO TC CURSO IDIOMAS,71.55,Educación,cargo tc curso idiomas
1266,60951070,ABONO MCDONALDS WEB,28.33,Alimentación,abono mcdonalds web
1267,52181984,PAGO AUTOMATICO SISTEMA DUOC,27.31,Educación,pago automatico sistema duoc
1268,58486215,TEF ENVIADA TIENDA ONLINE,43.76,Alimentación,tef enviada tienda online
1269,25532025,COMPRA TBK UDEMY COURSES,63.87,Educación,compra tbk udemy courses
1270,69586748,DEBITO PINTURAS SHERWIN,129.06,Vivienda,debito pinturas sherwin
1271,19342782,ABONO PINTURAS SHERWIN,363.16,Vivienda,abono pinturas sherwin
1272,11716086,DEBITO SERVICIOS GENERALES,149.82,Servicios,debito servicios generales
1273,98388851,PAGO AUTOMATICO EASY PORTAL,286.78,Vivienda,pago automatico easy portal
1274,89263249,PAGO AUTOMATICO MCDONALDS WEB,58.77,Alimentación,pago automatico mcdonalds web
1275,36720922,COMPRA TBK CINEMARK ONLINE,23.62,Ocio,compra tbk cinemark online
1276,67002833,COMPRA TBK PAGO CUOTAS,111.53,Educación,compra tbk pago cuotas
1277,96413557,ABONO EXAMENES MED,142.05,Salud,abono examenes med
1278,64283500,DEBITO OPTICA VISION,148.25,Salud,debito optica vision
1279,24500436,TEF ENVIADA LIBRERIA UNIVERSITARIA,27.11,Educación,tef enviada libreria universitaria
1280,28066831,TEF ENVIADA PAGO CUOTAS,60.4,Vivienda,tef enviada pago cuotas
1281,13590174,ABONO NETFLIX.COM,58.46,Ocio,abono netflixcom
1282,93648866,TEF ENVIADA REPARACIONES HOGAR,83.72,Vivienda,tef enviada reparaciones hogar
1283,76060289,ABONO DELIVERY COMIDA,48.6,Alimentación,abono delivery comida
1284,77752405,DEBITO CARGA BIP WEB,19.39,Transporte,debito carga bip web
1285,60511038,ABOnO CRUZ V3RDE LOCAL,71.96,Salud,abono cruz vrde local
1286,50673953,TEF ENVIADA JUMBO BILBAO,53.66,Alimentación,tef enviada jumbo bilbao
1287,62221499,PAGO AUTOMATICO ESTACIONAMIENTO,31.81,Transporte,pago automatico estacionamiento
1288,84327616,DEBITO SUPERMERCADO DIA,42.7,Alimentación,debito supermercado dia
1289,30979701,PAGO AUTOMATICO CURSO IDIOMAS,80.94,Educación,pago automatico curso idiomas
1290,60707149,PAGO AUTOMATICO PINTURAS SHERWIN,265.93,Vivienda,pago automatico pinturas sherwin
1291,89250658,CARGO TC EXAMENES MED,16.32,Salud,cargo tc examenes med
1292,88378721,CARGO TC SERVICIO TECNICO,13.77,Servicios,cargo tc servicio tecnico
1293,56324312,PAGO AUTOMATICO RESTAURANT FANCY,59.56,Ocio,pago automatico restaurant fancy
1294,43234179,COMPRA TBK REPARACIONES HOGAR,132.12,Vivienda,compra tbk reparaciones hogar
1295,50924657,DEBITO FARMACIA AHUMADA,26.03,Salud,debito farmacia ahumada
1296,71862210,PAGO WEB COPEC SANTIAGO,41.18,Transporte,pago web copec santiago
1297,73042053,PAGO AUTOMATICO HOME CENTER,255.8,Vivienda,pago automatico home center
1298,86844836,PAGO WEB CENTRO MEDICO,23.68,Salud,pago web centro medico
1299,55092789,DEBITO EASY PORTAL,223.86,Vivienda,debito easy portal
1300,50201014,CARGO TC BANCO DEL ESTADO,60.87,Servicios,cargo tc banco del estado
1301,20109437,PAGO AUTOMATICO ARRIENDO DEPT,344.13,Vivienda,pago automatico arriendo dept
1302,49905650,CARGO TC SISTEMA DUOC,149.47,Educación,cargo tc sistema duoc
1303,22342371,PAGO WEB ARRIENDO DEPT,301.2,Vivienda,pago web arriendo dept
1304,19028796,PAGO WEB COLEGIO MENSUALIDAD,89.3,Educación,pago web colegio mensualidad
1305,20289344,PAGO AUTOMATICO CURSO IDIOMAS,101.22,Educación,pago automatico curso idiomas
1306,52057523,PAGO AUTOMATICO EXAMENES MED,38.01,Salud,pago automatico examenes med
1307,83492593,PAGO WEB PINTURAS SHERWIN,113.21,Vivienda,pago web pinturas sherwin
1308,35036832,DEBITO DELIVERY COMIDA,36.73,Alimentación,debito delivery comida
1309,81500378,CARGO TC ESTACIONAMIENTO,49.49,Transporte,cargo tc estacionamiento
1310,18037180,PAGO WEB TALLER AUTOMOTRIZ,83.12,Servicios,pago web taller automotriz
1311,50302318,TEF ENVIADA OPTICA VISION,128.18,Salud,tef enviada optica vision
1312,18647316,ABONO REPARACIONES HOGAR,271.87,Vivienda,abono reparaciones hogar
1313,96710377,CARGO TC TALLER AUTOMOTRIZ,32.48,Servicios,cargo tc taller automotriz
1314,25241574,TEF ENVIADA COMPRA EN AMAZON,13.25,Ocio,tef enviada compra en amazon
1315,72298460,ABONO ALMACEN VECINAL,31.7,Alimentación,abono almacen vecinal
1316,37110707,DEBITO SERVICIOS GENERALES,105.78,Vivienda,debito servicios generales
1317,47281925,CARGO TC COPEC SANTIAGO,41.23,Transporte,cargo tc copec santiago
1318,12672106,DEBITO COPEC SANTIAGO,8.04,Transporte,debito copec santiago
1319,18533790,PAGO WEB PEDIDOSYA CL,54.53,Alimentación,pago web pedidosya cl
1320,22120705,DEBITO REPARACIONES HOGAR,188.91,Vivienda,debito reparaciones hogar
1321,77142220,TEF ENVIADA VTR BANDA ANCHA,140.61,Servicios,tef enviada vtr banda ancha
1322,22112987,CARGO TC TIENDA ONLINE,43.33,Educación,cargo tc tienda online
1323,62338292,CARGO TC PEDIDOSYA CL,49.32,Alimentación,cargo tc pedidosya cl
1324,24336334,PAGO AUTOMATICO STEAM GAMES,14.63,Ocio,pago automatico steam games
1325,89118793,PAGO AUTOMATICO OPTICA VISION,17.83,Salud,pago automatico optica vision
1326,52478561,DEBITO PLATAFORMA APRENDIZAJE,86.4,Educación,debito plataforma aprendizaje
1327,29449696,CARGO TC ARRIENDO DEPT,177.05,Vivienda,cargo tc arriendo dept
1328,96623797,ABONO RESTAURANT FANCY,58.17,Ocio,abono restaurant fancy
1329,17337997,ABONO UDEMY COURSES,106.7,Educación,abono udemy courses
1330,61632246,TEF ENVIADA BANCO DEL ESTADO,53.3,Servicios,tef enviada banco del estado
1331,81794497,ABONO RESTAURANT FANCY,52.68,Ocio,abono restaurant fancy
1332,49919426,PAGO AUTOMATICO 5ERVICIOS GENERALES,39.45,Servicios,pago automatico ervicios generales
1333,96493863,DEBITO ESTACIONAMIENTO,27.35,Transporte,debito estacionamiento
1334,75993764,ABONO PRONTO COPEC,30.91,Alimentación,abono pronto copec
1335,23474864,DEBITO REPARACIONES HOGAR,338.54,Vivienda,debito reparaciones hogar
1336,66488286,PAGO WEB BAR LA ESQUINA,38.12,Ocio,pago web bar la esquina
1337,13670974,DEBITO PAGO CUOTAS,116.68,Servicios,debito pago cuotas
1338,96046825,TEF ENVIADA ENTRETENIMIENTO PLUS,12.49,Ocio,tef enviada entretenimiento plus
1339,87283822,DEBITO ARRIENDO DEPT,78.78,Vivienda,debito arriendo dept
1340,97131540,PAGO WEB DIDI RIDE,46.97,Transporte,pago web didi ride
1341,52869025,DEBITO TIENDA ONLINE,73.21,Servicios,debito tienda online
1342,89593852,CARGO TC VTR BANDA ANCHA,125.75,Servicios,cargo tc vtr banda ancha
1343,59338378,TEF ENVIADA CLARO TELECOM,35.46,Servicios,tef enviada claro telecom
1344,84964625,COMPRA TBK ARRIENDO DEPT,276.49,Vivienda,compra tbk arriendo dept
1345,36610839,COMPRA TBK STEAM GAMES,19.4,Ocio,compra tbk steam games
1346,67566435,COMPRA TBK VTR BANDA ANCHA,94.05,Servicios,compra tbk vtr banda ancha
1347,86134053,CARGO TC SHELL RUTA 5,11.45,Transporte,cargo tc shell ruta 
1348,70895638,PAGO AUTOMATICO MERCADO CENTRAL,50.5,Ocio,pago automatico mercado central
1349,35574404,TEF ENVIADA EASY PORTAL,381.12,Vivienda,tef enviada easy portal
1350,61281039,CARGO TC CLARO TELECOM,28.23,Servicios,cargo tc claro telecom
1351,47979220,PAGO WEB GASCO LIQUADO,111.74,Servicios,pago web gasco liquado
1352,29588118,TEF ENVIADA TAXI APP,6.58,Transporte,tef enviada taxi app
1353,43328672,PAGO WEB INTEGRAMEDICA,61.75,Salud,pago web integramedica
1354,72932224,PAGO AUTOMATICO ENTRETENIMIENTO PLUS,12.33,Ocio,pago automatico entretenimiento plus
1355,61471888,DEBITO CENTRO MEDICO,109.18,Salud,debito centro medico
1356,84759271,CARGO TC COMPRA EN AMAZON,8.23,Ocio,cargo tc compra en amazon
1357,91386202,PAGO AUTOMATICO INTEGRAMEDICA,141.51,Salud,pago automatico integramedica
1358,16108500,DEBITO TIENDA ONLINE,10.75,Servicios,debito tienda online
1359,59781518,CARGO TC PAGO CUOTAS,28.51,Educación,cargo tc pago cuotas
1360,32799095,PAGO WEB UDEMY COURSES,80.52,Educación,pago web udemy courses
1361,81192277,TEF ENVIADA OPTICA VISION,70.61,Salud,tef enviada optica vision
1362,47715268,CARGO TC FARMACiA AHUMADA,114.7,Salud,cargo tc farmacia ahumada
1363,45400991,CARGO TC PINTURAS SHERWIN,230.94,Vivienda,cargo tc pinturas sherwin
1364,75937784,CARGO TC CONDOMINIO GGCC,317.29,Vivienda,cargo tc condominio ggcc
1365,95450010,ABONO PEAJE TAG,48.9,Transporte,abono peaje tag
1366,34580812,TEF ENVIADA ALMACEN VECINAL,6.97,Alimentación,tef enviada almacen vecinal
1367,25572483,DEBITO CLINICA INDISA,149.33,Salud,debito clinica indisa
1368,85276619,PAGO AUTOMATICO SODIMAC HOME,219.82,Vivienda,pago automatico sodimac home
1369,29871432,ABONO EASY PORTAL,93.28,Vivienda,abono easy portal
1370,32588172,ABONO ALMACEN VECINAL,46.25,Alimentación,abono almacen vecinal
1371,88608290,PAGO WEB CLARO TELECOM,39.74,Servicios,pago web claro telecom
1372,65890810,ABONO TIENDA ONLINE,55.62,Alimentación,abono tienda online
1373,54111700,DEBITO ESTACIONAMIENTO,6.43,Transporte,debito estacionamiento
1374,89233891,COMPRA TBK ENTRETENIMIENTO PLUS,56.1,Ocio,compra tbk entretenimiento plus
1375,74405060,TEF ENVIADA PEDIDOSYA cL,29.97,Alimentación,tef enviada pedidosya cl
1376,98070016,CARGO TC CRUZ VERDE LOCAL,97.13,Salud,cargo tc cruz verde local
1377,86391152,DEBITO REPARACIONES HOGAR,95.26,Vivienda,debito reparaciones hogar
1378,53375256,ABONO ENEL DISTRIBUCION,121.74,Servicios,abono enel distribucion
1379,61189424,PAGO WEB SPOTIFY PREMIUM,10.09,Ocio,pago web spotify premium
1380,63541768,TEF ENVIADA CLINICA INDISA,22.49,Salud,tef enviada clinica indisa
1381,64008708,TEF ENVIADA GASCO LIQUADO,49.89,Servicios,tef enviada gasco liquado
1382,75880113,TEF ENVIADA BANCO DEL ESTADO,122.15,Servicios,tef enviada banco del estado
1383,58190104,DEBITO BAR LA ESQUINA,41.6,Ocio,debito bar la esquina
1384,69786268,PAGO WEB SERVICIO TECNICO,133.96,Servicios,pago web servicio tecnico
1385,22109438,PAGO WEB PINTURAS SHERWIN,314.77,Vivienda,pago web pinturas sherwin
1386,94649276,PAGO WEB SERVICIO TECNICO,69.64,Servicios,pago web servicio tecnico
1387,40095669,CARGO TC TIENDA ONLINE,40.62,Alimentación,cargo tc tienda online
1388,96869121,PAGO AUTOMATICO CINEMARK ONLINE,33.86,Ocio,pago automatico cinemark online
1389,74103912,PAGO AUTOMATICO OPTICA VISION,52.06,Salud,pago automatico optica vision
1390,67409191,ABONO CARGA BIP WEB,21.25,Transporte,abono carga bip web
1391,78909330,COMPRA TBK TIENDA ONLINE,10.92,Alimentación,compra tbk tienda online
1392,86299853,COMPRA TBK SERVICIOS GENERALES,334.49,Vivienda,compra tbk servicios generales
1393,77571186,PAGO WEB EXAMENES MED,12.28,Salud,pago web examenes med
1394,34455561,PAGO AUTOMATICO ENTRETENIMIENTO PLUS,51.36,Ocio,pago automatico entretenimiento plus
1395,49949573,PAGO AUTOMATICO LIDER EXPRESS,22.27,Alimentación,pago automatico lider express
1396,93726413,ABONO EVENTO DEPORTIVO,49.43,Ocio,abono evento deportivo
1397,91074604,TEF ENVIADA CLINICA INDISA,46.3,Salud,tef enviada clinica indisa
1398,10784780,PAGO AUTOMATICO SPOTIFY PREMIUM,26.72,Ocio,pago automatico spotify premium
1399,64370473,DEBITO MCDONALDS WEB,52.78,Alimentación,debito mcdonalds web
1400,93013580,DEBITO COMPRA EN AMAZON,49.72,Ocio,debito compra en amazon
1401,63015631,DEBITO PLATAFORMA APRENDIZAJE,122.65,Educación,debito plataforma aprendizaje
1402,35262608,tEF ENVIADA MCDONALDS WEB,52.25,Alimentación,tef enviada mcdonalds web
1403,42451191,DEBITO ESTACIONAMIENTO,28.97,Transporte,debito estacionamiento
1404,72199925,TEF ENVIADA MERCADO CENTRAL,13.15,Ocio,tef enviada mercado central
1405,30457766,COMPRA TBK SODIMAC HOME,308.57,Vivienda,compra tbk sodimac home
1406,37023185,PAGO AUtOMATICO PAgO CUOTAS,153.19,Vivienda,pago automatico pago cuotas
1407,23779264,COMPRA TBK TALLER AUTOMOTRIZ,98.26,Servicios,compra tbk taller automotriz
1408,87666600,PAGO AUTOMATICO TIENDA ONLINE,37.77,Ocio,pago automatico tienda online
1409,75243366,COMPRA TBK LIBRERIA UNIVERSITARIA,81.87,Educación,compra tbk libreria universitaria
1410,75485030,DEBITO COMPRA EN AMAZON,17.75,Ocio,debito compra en amazon
1411,52392689,COMPRA TBK TIENDA ONLINE,35.43,Alimentación,compra tbk tienda online
1412,93576934,PAGO AUTOMATICO CENTRO MEDICO,141.46,Salud,pago automatico centro medico
1413,31653807,DEBITO OPTICA VISION,50.32,Salud,debito optica vision
1414,78133743,CARGO TC ESTACIONAMIENTO,17.08,Transporte,cargo tc estacionamiento
1415,98175428,PAGO WEB RESTAURANT FANCY,30.77,Ocio,pago web restaurant fancy
1416,97577092,PAGO AUTOMATICO CENTRO MEDICO,112.84,Salud,pago automatico centro medico
1417,31746728,ABONO SERVICIOS GENERALES,97.06,Servicios,abono servicios generales
1418,33258738,DEBITO FARMACIA AHUMADA,37.93,Salud,debito farmacia ahumada
1419,76266658,COMPRA TBK CURSO IDIOMAS,52.51,Educación,compra tbk curso idiomas
1420,58155542,COMPRA TBK PEAJE TAG,53.45,Transporte,compra tbk peaje tag
1421,77575794,TEF ENVIADA CLINICA INDISA,14.48,Salud,tef enviada clinica indisa
1422,40425851,PAGO AUTOMATICO PEDIDOSYA CL,11.64,Alimentación,pago automatico pedidosya cl
1423,57679636,CARGO TC ESTACIONAMIENTO,47.32,Transporte,cargo tc estacionamiento
1424,79174131,CARGO TC PAGO CUOTAS,94.6,Servicios,cargo tc pago cuotas
1425,24888885,PAGO AUTOMATICO JUMBO BILBAO,58.61,Alimentación,pago automatico jumbo bilbao
1426,23672496,PAGO WEB TIENDA ONLINE,125.31,Servicios,pago web tienda online
1427,25845657,COMPRA TBK TIENDA ONLINE,52.9,Alimentación,compra tbk tienda online
1428,69259530,DEBITO CLINICA INDISA,116.68,Salud,debito clinica indisa
1429,54910261,TEF ENVIADA EASY PORTAL,336.71,Vivienda,tef enviada easy portal
1430,10884169,PAGO AUTOMATICO ALMACEN VECINAL,18.49,Alimentación,pago automatico almacen vecinal
1431,32986369,CARGO TC SERVICIOS GENERALES,21.93,Servicios,cargo tc servicios generales
1432,42943913,CARGO TC CENTRO MEDICO,31.23,Salud,cargo tc centro medico
1433,28521285,PAGO AUTOMATICO PAGO CUOTAS,122.25,Servicios,pago automatico pago cuotas
1434,79277190,PAGO AUTOMATICO SERVICIOS GENERALES,328.11,Vivienda,pago automatico servicios generales
1435,11335293,PAGO AUTOMATICO CRUZ VERDE LOCAL,110.47,Salud,pago automatico cruz verde local
1436,63908666,COMPRA TBK COLEGIO MENSUALIDAD,147.47,Educación,compra tbk colegio mensualidad
1437,14978636,COMPRA TBK TAXI APP,41.31,Transporte,compra tbk taxi app
1438,94772931,PAGO WEB CINEMARK ONLINE,58.9,Ocio,pago web cinemark online
1439,66278204,PAGO WEB BANCO DEL ESTADO,66.28,Servicios,pago web banco del estado
1440,52103461,ABONO MERCADO CENTRAL,55.01,Ocio,abono mercado central
1441,29711458,PAGO WEB PRONTO COPEC,43.52,Alimentación,pago web pronto copec
1442,92971716,PAGO WEB ARRIENDO DEPT,278.21,Vivienda,pago web arriendo dept
1443,64291836,ABONO RESTAURANT FANCY,47.65,Ocio,abono restaurant fancy
1444,62344046,COMPRA TBK FARMACIA AHUMADA,111.51,Salud,compra tbk farmacia ahumada
1445,48108152,PAGO WEB CINEMARK ONLINE,16.76,Ocio,pago web cinemark online
1446,95320264,CARGO TC TIENDA ONLINE,32.4,Educación,cargo tc tienda online
1447,50794416,PAGO WEB TIENDA ONLINE,44.96,Alimentación,pago web tienda online
1448,60060376,DEBITO COLEGIO MENSUALIDAD,46.37,Educación,debito colegio mensualidad
1449,70820382,cOMPRA tBK PLATAFORMA APREND1ZAJE,57.46,Educación,compra tbk plataforma aprendzaje
1450,94254420,PAGO WEB GASOLINERA,41.6,Transporte,pago web gasolinera
1451,48189707,TEF ENVIADA TIENDA ONLINE,103.37,Servicios,tef enviada tienda online
1452,60689435,DEBITO TIENDA ONLINE,82.75,Servicios,debito tienda online
1453,35844329,CARGO TC SHELL RUTA 5,50.26,Transporte,cargo tc shell ruta 
1454,67135430,COMPRA TBK OPTICA VISION,125.98,Salud,compra tbk optica vision
1455,27456803,COMPRA TBK LIDER EXPRESS,31.19,Alimentación,compra tbk lider express
1456,64056687,CARGO TC EASY PORTAL,255.88,Vivienda,cargo tc easy portal
1457,76951467,ABONO PAGO CUOTAS,99.1,Educación,abono pago cuotas
1458,31856387,DEBITO PAGO CUOTAS,100.52,Vivienda,debito pago cuotas
1459,78878589,DEBITO ESTACIONAMIENTO,52.48,Transporte,debito estacionamiento
1460,31050667,PAGO AUTOMATICO ALMACEN VECINAL,56.92,Alimentación,pago automatico almacen vecinal
1461,24809069,PAGO WEB FARMACIA AHUMADA,26.92,Salud,pago web farmacia ahumada
1462,25803092,COMPRA TBK LIBRERIA UNIVERSITARIA,62.01,Educación,compra tbk libreria universitaria
1463,29175605,CARGO TC EXAMENES MED,29.9,Salud,cargo tc examenes med
1464,50958413,COMPRA TBK PAGO CUOTAS,134.47,Educación,compra tbk pago cuotas
1465,10279945,ABONO UBER TRIP,11.73,Transporte,abono uber trip
1466,85935555,ABONO FARmACIA AHUmADA,73.33,Salud,abono farmacia ahumada
1467,91296981,PAGO AUTOMATICO CENTRO MEDICO,28.59,Salud,pago automatico centro medico
1468,70388500,DEBITO PEAJE TAG,41.7,Transporte,debito peaje tag
1469,99187990,COMPRA TBK AUTOPISTA CENTRAL,39.3,Transporte,compra tbk autopista central
1470,16149817,PAGO AUTOMATICO ARRIENDO DEPT,385.33,Vivienda,pago automatico arriendo dept
1471,32228439,DEBITO PINTURAS SHERWIN,297.52,Vivienda,debito pinturas sherwin
1472,96424699,PAGO WEB LIBRERIA UNIVERSITARIA,88.31,Educación,pago web libreria universitaria
1473,17096679,PAGO WEB GASOLINERA,57.65,Transporte,pago web gasolinera
1474,12505049,ABONO SISTEMA DUOC,26.84,Educación,abono sistema duoc
1475,37622679,COMPRA TBK MATRICULA UNIV,44.34,Educación,compra tbk matricula univ
1476,81611045,PAGO AUTOMATICO COMPRA EN AMAZON,38.38,Ocio,pago automatico compra en amazon
1477,13122340,PAGO AUTOMATICO SODIMAC HOME,168.98,Vivienda,pago automatico sodimac home
1478,52598349,COMPRA TBK TAXI APP,26.01,Transporte,compra tbk taxi app
1479,48299260,COMPRA TBK LIDER EXPRESS,12.92,Alimentación,compra tbk lider express
1480,64663717,TEF ENVIADA FARMACIA AHUMADA,105.01,Salud,tef enviada farmacia ahumada
1481,17851976,CARGO TC SUPERMERCADO DIA,21.39,Alimentación,cargo tc supermercado dia
1482,53515775,TEF ENVIADA PEDIDOSYA CL,19.19,Alimentación,tef enviada pedidosya cl
1483,90128603,COMPRA TBK AGUAS ANDINAS,92.04,Servicios,compra tbk aguas andinas
1484,25445960,ABONO HOME CENTER,144.25,Vivienda,abono home center
1485,74984400,PAGO WEB OPTICA VISION,14.05,Salud,pago web optica vision
1486,88674767,COMPRA TBK STEAM GAMES,42.13,Ocio,compra tbk steam games
1487,50884443,DEBITO PEAJE TAG,36.25,Transporte,debito peaje tag
1488,37307523,ABONO EASY PORTAL,324.01,Vivienda,abono easy portal
1489,42905017,PAGO WEB AUTOPISTA CENTRAL,34.56,Transporte,pago web autopista central
1490,32465588,PAGO AUTOMATICO HOM3 CENTEr,50.19,Vivienda,pago automatico hom center
1491,61023340,PAGO WEB PINTURAS SHERWIN,399.73,Vivienda,pago web pinturas sherwin
1492,78495121,TEF ENVIADA BANCO DEL ESTADO,49.38,Servicios,tef enviada banco del estado
1493,22041357,PAGO WEB PEAJE TAG,26.74,Transporte,pago web peaje tag
1494,47508257,DEBITO MCDONALDS WEB,53.31,Alimentación,debito mcdonalds web
1495,52722031,PAGO WEB GASOLINERA,53.62,Transporte,pago web gasolinera
1496,46643203,ABONO EXAMENES MED,44.43,Salud,abono examenes med
1497,90465362,TEF ENVIADA CONSULTA ESPECIALISTA,55.98,Salud,tef enviada consulta especialista
1498,91709974,DEBITO CINEMARK ONLINE,31.21,Ocio,debito cinemark online
1499,75629343,TEF ENVIADA DELIVERY COMIDA,46.94,Alimentación,tef enviada delivery comida
1500,97411506,ABONO COLEGIO MENSUALIDAD,20.85,Educación,abono colegio mensualidad
1501,57378150,PAGO AUTOMATICO DELIVERY COMIDA,58.46,Alimentación,pago automatico delivery comida
1502,11131640,PAGO AUTOMATICO REPARACIONES HOGAR,93.67,Vivienda,pago automatico reparaciones hogar
1503,22075101,pAGO AUTOMATICO INTEGR4M3DICA,124.28,Salud,pago automatico integrmdica
1504,41441568,ABONO BAR LA ESQUINA,58.91,Ocio,abono bar la esquina
1505,91339562,CARGO TC CRUZ VERDE LOCAL,39.27,Salud,cargo tc cruz verde local
1506,86383608,COMPRA TBK TAXI APP,32.52,Transporte,compra tbk taxi app
1507,85927914,TEF ENVIADA PEAJE TAG,41.97,Transporte,tef enviada peaje tag
1508,18730772,COMPRA TBK MATRICULA UNIV,27.84,Educación,compra tbk matricula univ
1509,46819677,PAGO WEB SISTEMA DUOC,36.86,Educación,pago web sistema duoc
1510,92470962,DEBITO NETFLIX.COM,18.91,Ocio,debito netflixcom
1511,96029038,COMPRA TBK CURSO IDIOMAS,104.23,Educación,compra tbk curso idiomas
1512,68055632,ABONO NETFLIX.COM,51.44,Ocio,abono netflixcom
1513,72624210,COMPRA TBK PINTURAS SHERWIN,223.45,Vivienda,compra tbk pinturas sherwin
1514,47303539,DEBITO UDEMY COURSES,138.57,Educación,debito udemy courses
1515,20980204,CARGO TC CuRSO IDIOMAS,133.21,Educación,cargo tc curso idiomas
1516,66884191,DEBITO ENEL DISTRIBUCION,144.09,Servicios,debito enel distribucion
1517,18434795,TEF ENVIADA DIDI RIDE,39.43,Transporte,tef enviada didi ride
1518,13224383,PAGO AUTOMATICO JUMBO BILBAO,37.59,Alimentación,pago automatico jumbo bilbao
1519,24474127,ABONO RESTAURANT FANCY,31.05,Ocio,abono restaurant fancy
1520,41775196,ABONO CRUZ VERDE LOCAL,142.1,Salud,abono cruz verde local
1521,22840710,PAGO WEB TIENDA ONLINE,97.55,Servicios,pago web tienda online
1522,14475312,COMPRA TBK COLEGIO MENSUALIDAD,62.84,Educación,compra tbk colegio mensualidad
1523,69313284,ABONO AGUAS ANDINAS,17.67,Servicios,abono aguas andinas
1524,17488001,COMPRA TBK PAGO CUOTAS,88.3,Educación,compra tbk pago cuotas
1525,65177982,PAGO AUTOMATICO CENTRO MEDICO,42.64,Salud,pago automatico centro medico
1526,67459379,PAGO AUTOMATICO UDEMY COURSES,133.19,Educación,pago automatico udemy courses
1527,13485913,CARGO TC COLEGIO MENSUALIDAD,73.57,Educación,cargo tc colegio mensualidad
1528,89883050,COMPRA TBK INTEGRAMEDICA,109.86,Salud,compra tbk integramedica
1529,78303134,PAGO WEB SISTEMA DUOC,45.88,Educación,pago web sistema duoc
1530,34954217,DEBITO PAGO CUOTAS,135.1,Vivienda,debito pago cuotas
1531,88453254,COMPRA TBK ENEL DISTRIBUCION,71.02,Servicios,compra tbk enel distribucion
1532,82631078,CARGO TC RESTAURANT FANCY,47.65,Ocio,cargo tc restaurant fancy
1533,49065941,CARGO TC ESTACIONAMIENTO,25.29,Transporte,cargo tc estacionamiento
1534,29407935,PAGO WEB TIENDA ONLINE,8.15,Alimentación,pago web tienda online
1535,56146216,ABONO TIENDA ONLINE,37.36,Educación,abono tienda online
1536,35414874,ABONO DIDI RIDE,41.73,Transporte,abono didi ride
1537,87632976,PAGO WEB EVENTO DEPORTIVO,36.14,Ocio,pago web evento deportivo
1538,24072446,PAGO AUTOMATICO EXAMENES MED,73.6,Salud,pago automatico examenes med
1539,10496212,PAGO AUTOMATICO ENEL DISTRIBUCION,99.43,Servicios,pago automatico enel distribucion
1540,42080592,PAGO AUTOMATICO STEAM GAMES,31.44,Ocio,pago automatico steam games
1541,37557095,ABONO SERVICIO TECNICO,66.04,Servicios,abono servicio tecnico
1542,25460445,cARGO TC ENEL DIStRIBUCION,29.94,Servicios,cargo tc enel distribucion
1543,58306200,DEBITO ARRIENDO DEPT,65.37,Vivienda,debito arriendo dept
1544,39386305,TEF ENVIADA ALMACEN VECINAL,53.7,Alimentación,tef enviada almacen vecinal
1545,43012764,CARGO TC CINEMARK ONLINE,14.82,Ocio,cargo tc cinemark online
1546,23581521,ABONO MCDONALDS WEB,6.15,Alimentación,abono mcdonalds web
1547,24894008,PAGO AUTOMATICO CINEMARK ONLINE,23.61,Ocio,pago automatico cinemark online
1548,59976005,PAGO AUTOMATICO CARGA BIP WEB,41.35,Transporte,pago automatico carga bip web
1549,29385367,DEBITO PAGO CUOTAS,133.58,Educación,debito pago cuotas
1550,60231696,TEF ENVIADA DIDI RIDE,22.49,Transporte,tef enviada didi ride
1551,88829544,COMPRA TBK ARRIENDO DEPT,116.19,Vivienda,compra tbk arriendo dept
1552,43174817,ABONO LIBRERIA UNIVERSITARIA,17.46,Educación,abono libreria universitaria
1553,78218774,ABONO CLARO TELECOM,145.57,Servicios,abono claro telecom
1554,73171894,DEBITO ARRIENDO DEPT,326.85,Vivienda,debito arriendo dept
1555,96580039,TEF ENVIADA COLEGIO MENSUALIDAD,115.16,Educación,tef enviada colegio mensualidad
1556,53194369,PAGO WEB OPTICA VISION,109.75,Salud,pago web optica vision
1557,73586743,DEBITO CURSO IDIOMAS,47.57,Educación,debito curso idiomas
1558,37246265,TEF ENVIADA SODIMAC HOME,208.23,Vivienda,tef enviada sodimac home
1559,60611218,TEF ENVIADA TAXI APP,36.43,Transporte,tef enviada taxi app
1560,28029509,CARGO TC SERVICIO TECNICO,115.23,Servicios,cargo tc servicio tecnico
1561,88378083,PAGO WEB OPTICA VISION,15.76,Salud,pago web optica vision
1562,68049927,PAGO AUTOMATICO PLATAFORMA APRENDIZAJE,67.25,Educación,pago automatico plataforma aprendizaje
1563,13317620,CARGO TC SERVICIOS GENERALES,35.14,Servicios,cargo tc servicios generales
1564,21062025,DEBITO CARGA BIP WEB,21.2,Transporte,debito carga bip web
1565,47101128,PAGO WEB TIENDA ONLINE,139.72,Educación,pago web tienda online
1566,83286377,COMPRA TBK LIDER EXPRESS,16.02,Alimentación,compra tbk lider express
1567,46838009,CARGO TC AUTOPISTA CENTRAL,15.49,Transporte,cargo tc autopista central
1568,82897088,ABONO MATRICULA UNIV,137.73,Educación,abono matricula univ
1569,64198613,CARGO TC PRONTO COPEC,57.02,Alimentación,cargo tc pronto copec
1570,73351303,ABONO TIENDA ONLINE,101.57,Servicios,abono tienda online
1571,40457532,ABONO VTR BANDA ANCHA,111.27,Servicios,abono vtr banda ancha
1572,84170763,TEF ENVIADA ESTACIONAMIENTO,46.67,Transporte,tef enviada estacionamiento
1573,52020192,CARGO TC EVENTO DEPORTIVO,51.52,Ocio,cargo tc evento deportivo
1574,84953463,TEF ENVIADA SERVICIOS GENERALES,60.54,Vivienda,tef enviada servicios generales
1575,11299382,ABONO GASOLINERA,32.49,Transporte,abono gasolinera
1576,67139083,CARGO TC RESTAURANT FANCY,42.72,Ocio,cargo tc restaurant fancy
1577,13119198,CARGO TC HOME CENTER,248.65,Vivienda,cargo tc home center
1578,54325475,TEF ENVIADA MCDONALDS WEB,36.25,Alimentación,tef enviada mcdonalds web
1579,62463815,PAGO WEB TIENDA ONLINE,147.22,Servicios,pago web tienda online
1580,35278389,COMPRA TBK TAXI APP,31.11,Transporte,compra tbk taxi app
1581,22514663,DEBITO OPTICA VISION,34.0,Salud,debito optica vision
1582,35057390,tEF ENVIADA MERcADO CENTRAL,15.94,Ocio,tef enviada mercado central
1583,98525972,TEF ENVIADA PINTURAS SHERWIN,233.54,Vivienda,tef enviada pinturas sherwin
1584,33062057,CARGO TC SODIMAC HOME,164.37,Vivienda,cargo tc sodimac home
1585,27332564,TEF ENVIADA SERVICIOS GENERALES,237.76,Vivienda,tef enviada servicios generales
1586,37713235,PAGO AUTOMATICO EASY PORTAL,95.48,Vivienda,pago automatico easy portal
1587,99226958,PAGO AUTOMATICO CARGA BIP WEB,31.11,Transporte,pago automatico carga bip web
1588,71600090,PAGO WEB LIBRERIA UNIVERSITARIA,48.56,Educación,pago web libreria universitaria
1589,63584671,PAGO AUTOMATICO MCDONALDS WEB,38.27,Alimentación,pago automatico mcdonalds web
1590,75895351,CARGO TC PEAJE TAG,30.31,Transporte,cargo tc peaje tag
1591,96744801,DEBITO UDEMY COURSES,133.34,Educación,debito udemy courses
1592,49922892,DEBITO REPARACIONES HOGAR,186.88,Vivienda,debito reparaciones hogar
1593,92911191,PAGO AUTOMATICO VTR BANDA ANCHA,112.65,Servicios,pago automatico vtr banda ancha
1594,86318249,DEBITO SERVICIOS GENERALES,83.44,Vivienda,debito servicios generales
1595,31197304,TEF ENVIADA NETFLIX.COM,20.06,Ocio,tef enviada netflixcom
1596,18958209,CARGO TC MERCADO CENTRAL,43.39,Ocio,cargo tc mercado central
1597,84198767,PAGO AUTOMATICO STEAM GAMES,11.67,Ocio,pago automatico steam games
1598,53756742,ABONO FARMACIA AHUMADA,67.41,Salud,abono farmacia ahumada
1599,72031070,TEF ENVIADA CARGA BIP WEB,6.47,Transporte,tef enviada carga bip web
1600,56124957,DEBITO ENTRETENIMIENTO PLUS,46.03,Ocio,debito entretenimiento plus
1601,53904009,PAGo AUTOMATICO GASCO LIQUADO,103.84,Servicios,pago automatico gasco liquado
1602,83608832,PAGO AUTOMATICO PAGO CUOTAS,279.96,Vivienda,pago automatico pago cuotas
1603,47465789,TEF ENVIADA EVENTO DEPORTIVO,51.29,Ocio,tef enviada evento deportivo
1604,49479427,PAGO WEB COPEC SANTIAGO,11.83,Transporte,pago web copec santiago
1605,11504663,TEF ENVIADA TIENDA ONLINE,42.26,Ocio,tef enviada tienda online
1606,14623108,CARGO TC ESTACIONAMIENTO,54.1,Transporte,cargo tc estacionamiento
1607,95200126,PAGO AUTOMATICO SISTEMA DUOC,123.61,Educación,pago automatico sistema duoc
1608,23796681,DEBITO ENTRETENIMIENTO PLUS,26.48,Ocio,debito entretenimiento plus
1609,16531664,COMPRA TBK OPTICA VISION,118.14,Salud,compra tbk optica vision
1610,42016340,TEF ENVIADA GASCO LIQUADO,38.0,Servicios,tef enviada gasco liquado
1611,55247029,COMPRA TBK VERDULERIA DON PEPE,50.13,Alimentación,compra tbk verduleria don pepe
1612,22965862,COMPRA TBK ENTRETENIMIENTO PLUS,48.83,Ocio,compra tbk entretenimiento plus
1613,15907259,TEF ENVIADA BANCO DEL ESTADO,68.2,Servicios,tef enviada banco del estado
1614,35440639,CARGO TC PEDIDOSYA CL,39.36,Alimentación,cargo tc pedidosya cl
1615,38693064,PAGO AUTOMATICO PAGO CUOTAS,24.82,Educación,pago automatico pago cuotas
1616,52445044,COMPRA TBK CLINICA INDISA,11.68,Salud,compra tbk clinica indisa
1617,47373949,TEF ENVIADA ESTACIONAMIENTO,40.75,Transporte,tef enviada estacionamiento
1618,65176483,COMPRA TBK CRUZ VERDE LOCAL,52.21,Salud,compra tbk cruz verde local
1619,86397410,COMPRA TBK CURSO IDIOMAS,34.0,Educación,compra tbk curso idiomas
1620,62152370,CARGO TC SUPERMERCADO DIA,42.28,Alimentación,cargo tc supermercado dia
1621,52676804,CARGO TC VTR BANDA ANCHA,146.92,Servicios,cargo tc vtr banda ancha
1622,91675959,COMPRA TBK EVENTO DEPORTIVO,55.17,Ocio,compra tbk evento deportivo
1623,41195619,PAGO WEB SERVICIOS GENERALES,226.2,Vivienda,pago web servicios generales
1624,41728577,TEF ENVIAdA NETFLIX.COM,45.59,Ocio,tef enviada netflixcom
1625,28462384,PAGO WEB GASCO LIQUADO,62.43,Servicios,pago web gasco liquado
1626,96173002,TEF ENVIADA INTEGRAMEDICA,15.31,Salud,tef enviada integramedica
1627,54116005,PAGO AUTOMATICO COMPRA EN AMAZON,12.38,Ocio,pago automatico compra en amazon
1628,65686049,PAGO WEB CRUZ VERDE LOCAL,100.73,Salud,pago web cruz verde local
1629,54462343,TEF ENVIADA CRUZ VERDE LOCAL,57.98,Salud,tef enviada cruz verde local
1630,99255596,COMPRA TBK PEAJE TAG,59.36,Transporte,compra tbk peaje tag
1631,91612860,DEBITO BANCO DEL ESTADO,132.18,Servicios,debito banco del estado
1632,10811032,TEF ENVIADA PLATAFORMA APRENDIZAJE,19.05,Educación,tef enviada plataforma aprendizaje
1633,28996104,TEF ENVIADA EASY PORTAL,378.4,Vivienda,tef enviada easy portal
1634,37430524,TEF ENVIADA SHELL RUTA 5,18.0,Transporte,tef enviada shell ruta 
1635,32033022,DEBITO VERDULERIA DON PEPE,44.69,Alimentación,debito verduleria don pepe
1636,50681488,TEF ENVIADA TAXI APP,20.69,Transporte,tef enviada taxi app
1637,74581639,CARGO TC ARRIENDO DEPT,78.01,Vivienda,cargo tc arriendo dept
1638,69240493,PAGO AUTOMATICO CENTRO MEDICO,69.18,Salud,pago automatico centro medico
1639,74693042,ABONO PAGO CUOTAS,12.77,Educación,abono pago cuotas
1640,50296396,ABONO SERVICIOS GENERALES,258.31,Vivienda,abono servicios generales
1641,61063166,DEBITO PEAJE TAG,30.5,Transporte,debito peaje tag
1642,74537834,PAGO AUTOMATICO PINTURAS SHERWIN,75.18,Vivienda,pago automatico pinturas sherwin
1643,35451146,TEF ENVIADA ESTACIONAMIENTO,5.23,Transporte,tef enviada estacionamiento
1644,75961801,DEBITO PAGO CUOTAS,66.64,Servicios,debito pago cuotas
1645,75706438,DEBITO SERVICIOS GENERALES,157.73,Vivienda,debito servicios generales
1646,26707088,PAGO AUTOMATICO COLEGIO MENSUALIDAD,63.88,Educación,pago automatico colegio mensualidad
1647,44260204,TEF ENVIADA MATRICULA UNIV,117.98,Educación,tef enviada matricula univ
1648,95225538,PAGO WEB SERVICIO TECNICO,106.39,Servicios,pago web servicio tecnico
1649,66913730,DEBITO NETFLIX.COM,45.46,Ocio,debito netflixcom
1650,58508204,COMPRA TBK ESTACIONAMIENTO,39.7,Transporte,compra tbk estacionamiento
1651,29848692,DEBITO NETFLIX.COM,19.37,Ocio,debito netflixcom
1652,87623721,CARGO TC CONDOMINIO GGCC,383.12,Vivienda,cargo tc condominio ggcc
1653,22389075,COMPRA TBK VTR BANDA ANCHA,100.22,Servicios,compra tbk vtr banda ancha
1654,20784168,DEBITO SERVICIOS GENERALES,231.49,Vivienda,debito servicios generales
1655,43939802,TEF ENVIADA TAXI APP,43.05,Transporte,tef enviada taxi app
1656,88662295,DEBITO TIENDA ONLINE,53.12,Educación,debito tienda online
1657,56223620,COMPRA TBK EASY PORTAL,334.98,Vivienda,compra tbk easy portal
1658,51352528,DEBITO INTEGRAMEDICA,10.9,Salud,debito integramedica
1659,66081482,COMPRA TBK ESTACIONAMIENTO,33.87,Transporte,compra tbk estacionamiento
1660,33676181,DEBITO BAR LA ESQUINA,25.61,Ocio,debito bar la esquina
1661,77459675,TEF ENVIADA CINEMARK ONLINE,57.17,Ocio,tef enviada cinemark online
1662,34525524,TEF ENVIADA ARRIENDO DEPT,333.21,Vivienda,tef enviada arriendo dept
1663,94132688,ABONO CARGA BIP WEB,55.21,Transporte,abono carga bip web
1664,21503407,TEF ENVIADA DELIVERY COMIDA,25.78,Alimentación,tef enviada delivery comida
1665,23530374,CARGO TC FARMAC1A AHUMADA,11.33,Salud,cargo tc farmaca ahumada
1666,15618266,DEBITO CRUZ VERDE LOCAL,23.56,Salud,debito cruz verde local
1667,45679876,PAGO AUTOMATICO UDEMY COURSES,140.5,Educación,pago automatico udemy courses
1668,59765936,PAGO WEB REPARACIONES HOGAR,288.65,Vivienda,pago web reparaciones hogar
1669,58480869,ABONO CONSULTA ESPECIALISTA,103.11,Salud,abono consulta especialista
1670,23445578,CARGO TC SODIMAC HOME,51.08,Vivienda,cargo tc sodimac home
1671,28637880,DEBITO TALLER AUTOMOTRIZ,13.6,Servicios,debito taller automotriz
1672,43358157,CARGO TC TIENDA ONLINE,25.26,Alimentación,cargo tc tienda online
1673,35224200,PAGO WEB CURSO IDIOMAS,10.44,Educación,pago web curso idiomas
1674,16141035,COMPRA TBK RESTAURANT FANCY,58.33,Ocio,compra tbk restaurant fancy
1675,91438353,DEBITO RESTAURANT FANCY,31.65,Ocio,debito restaurant fancy
1676,67433950,ABONO COMPRA EN AMAZON,56.65,Ocio,abono compra en amazon
1677,91493489,DEBITO EASY PORTAL,118.28,Vivienda,debito easy portal
1678,77731180,PAGO WEB PEAJE TAG,6.75,Transporte,pago web peaje tag
1679,83651529,CARGO TC EASY PORTAL,395.53,Vivienda,cargo tc easy portal
1680,74715566,PAGO AUTOMATICO CONDOMINIO GGCC,281.92,Vivienda,pago automatico condominio ggcc
1681,98549488,TEF ENVIADA DIDI RIDE,43.49,Transporte,tef enviada didi ride
1682,44578317,DEBITO vERDUlERIA DON PEPE,41.63,Alimentación,debito verduleria don pepe
1683,81745187,DEBITO SPOTIFY PREMIUM,39.85,Ocio,debito spotify premium
1684,40038761,ABONO EASY PORTAL,376.12,Vivienda,abono easy portal
1685,60601468,COMPRA TBK TIENDA ONLINE,137.42,Servicios,compra tbk tienda online
1686,85416933,DEBITO TIENDA ONLINE,58.14,Ocio,debito tienda online
1687,49054205,TEF ENVIADA ARRIENDO DEPT,80.69,Vivienda,tef enviada arriendo dept
1688,35253920,DEBITO PEDIDOSYA CL,45.95,Alimentación,debito pedidosya cl
1689,52060116,CARGO TC SUPERMERCADO DIA,57.47,Alimentación,cargo tc supermercado dia
1690,81887423,CARGO TC UDEMY COURSES,36.58,Educación,cargo tc udemy courses
1691,26952687,CARGO TC SERVICIOS GENERALES,231.91,Vivienda,cargo tc servicios generales
1692,82248455,COMPRA TBK SISTEMA DUOC,129.33,Educación,compra tbk sistema duoc
1693,39380829,ABONO CLINICA INDISA,79.98,Salud,abono clinica indisa
1694,99301859,PAGO WEB CONDOMINIO GGCC,347.19,Vivienda,pago web condominio ggcc
1695,77428032,PAGO WEB ENEL DISTRIBUCION,148.65,Servicios,pago web enel distribucion
1696,74194023,ABONO PRONTO COPEC,39.71,Alimentación,abono pronto copec
1697,60560976,CARGO TC ESTACIONAMIENTO,8.23,Transporte,cargo tc estacionamiento
1698,38268009,TEF ENVIADA SERVICIO TECNICO,128.73,Servicios,tef enviada servicio tecnico
1699,34027688,DEBITO GASCO LIQUADO,129.95,Servicios,debito gasco liquado
1700,98483078,CARGO TC TIENDA ONLINE,55.18,Ocio,cargo tc tienda online
1701,66698597,PAGO WEB COPEC SANTIAGO,42.28,Transporte,pago web copec santiago
1702,47988968,PAGO AUTOMATICO CENTRO MEDICO,49.53,Salud,pago automatico centro medico
1703,53408507,PAGO AUTOMATICO PEAJE TAG,46.37,Transporte,pago automatico peaje tag
1704,50812122,ABONO UDEMY COURSES,74.05,Educación,abono udemy courses
1705,74752231,TEF ENVIADA GASOLINERA,21.01,Transporte,tef enviada gasolinera
1706,36260378,TEF ENVIADA DIDI RIDE,45.44,Transporte,tef enviada didi ride
1707,23683207,DEBITO PEDIDOSYA CL,42.31,Alimentación,debito pedidosya cl
1708,67325876,PAGO AUTOMATICO VTR BANDA ANCHA,105.12,Servicios,pago automatico vtr banda ancha
1709,73602527,COMPRA TBK COPEC SANTIAGO,14.88,Transporte,compra tbk copec santiago
1710,89643778,PAGO WEB LIDER EXPRESS,28.86,Alimentación,pago web lider express
1711,75582257,TEF ENVIADA tAXI APP,21.65,Transporte,tef enviada taxi app
1712,98384904,DEBITO MATRICULA UNIV,22.55,Educación,debito matricula univ
1713,69742764,CARGO TC SERVICIOS GENERALES,178.56,Vivienda,cargo tc servicios generales
1714,96088502,COMPRA TBK LIDER EXPRESS,41.78,Alimentación,compra tbk lider express
1715,86857173,COMPRA TBK SISTEMA DUOC,77.13,Educación,compra tbk sistema duoc
1716,61534222,ABONO SPOTIFY PREMIUM,31.63,Ocio,abono spotify premium
1717,23346779,CARGO TC TIENDA ONLINE,22.89,Ocio,cargo tc tienda online
1718,12650315,TEF ENVIADA MERCADO CENTRAL,26.66,Ocio,tef enviada mercado central
1719,75573851,ABONO PAGO CUOTAS,18.95,Servicios,abono pago cuotas
1720,97469782,PAGO WEB TIENDA ONLINE,27.37,Servicios,pago web tienda online
1721,34248334,DEBITO GASCO LIQUADO,130.68,Servicios,debito gasco liquado
1722,52184106,COMPRA TBK CINEMARK ONLINE,11.77,Ocio,compra tbk cinemark online
1723,21787125,TEF ENVIADA GASOLINERA,35.94,Transporte,tef enviada gasolinera
1724,77934076,COMPRA TBK ENEL DISTRIBUCION,51.8,Servicios,compra tbk enel distribucion
1725,98336655,PAGO AUTOMATICO MATRICULA UNIV,10.01,Educación,pago automatico matricula univ
1726,49379055,PAGO WEB CRUZ VERDE LOCAL,102.28,Salud,pago web cruz verde local
1727,52001565,PAGO WEB CONDOMINIO GGCC,232.93,Vivienda,pago web condominio ggcc
1728,16004304,DEBITO INTEGRAMEDICA,43.19,Salud,debito integramedica
1729,38885391,CARGO TC UBER TRIP,57.66,Transporte,cargo tc uber trip
1730,47231423,TEF ENVIADA TIENDA ONLINE,27.99,Educación,tef enviada tienda online
1731,44987131,COMPRA TBK PAGO CUOTAS,63.45,Educación,compra tbk pago cuotas
1732,44115380,PAGO AUTOMATICO TAXI APP,42.21,Transporte,pago automatico taxi app
1733,94499213,PAGO WEB CINEMARK ONLINE,45.3,Ocio,pago web cinemark online
1734,85650769,TEF ENVIADA ENTRETENIMIENTO PLUS,41.15,Ocio,tef enviada entretenimiento plus
1735,30601268,PAGO WEB PAGO CUOTAS,54.29,Servicios,pago web pago cuotas
1736,24762625,PAGO AUTOMATICO T4LLER AUTOMOTRIZ,105.76,Servicios,pago automatico tller automotriz
1737,58696806,CARGO TC EASY PORTAL,368.24,Vivienda,cargo tc easy portal
1738,40301728,TEF ENVIADA CLARO TELECOM,48.31,Servicios,tef enviada claro telecom
1739,24093227,TEF ENVIADA VERDULERIA DON PEPE,48.05,Alimentación,tef enviada verduleria don pepe
1740,51144384,PAGO WEB MCDONALDS WEB,37.39,Alimentación,pago web mcdonalds web
1741,86793756,COMPRA TBK SERVICIOS GENERALES,131.16,Servicios,compra tbk servicios generales
1742,16437523,PAGO WEB LIBRERIA UNIVERSITARIA,33.9,Educación,pago web libreria universitaria
1743,81361168,TEF ENVIADA TALLER AUTOMOTRIZ,87.23,Servicios,tef enviada taller automotriz
1744,44770583,PAGO AUTOMATICO TALLER AUTOMOTRIZ,11.33,Servicios,pago automatico taller automotriz
1745,60841764,DEBITO MATRICULA UNIV,89.46,Educación,debito matricula univ
1746,59680785,DEBITO CRUZ VERDE LOCAL,109.05,Salud,debito cruz verde local
1747,34575873,PAGO AUTOMATICO GASOLINERA,29.14,Transporte,pago automatico gasolinera
1748,67413657,PAGO WEB OPTICA VISION,82.88,Salud,pago web optica vision
1749,21669195,CARGO TC STEAM GAMES,57.11,Ocio,cargo tc steam games
1750,20666936,ABONO REPARACIONES HOGAR,76.84,Vivienda,abono reparaciones hogar
1751,21352822,TEF ENVIADA SHELL RUTA 5,45.89,Transporte,tef enviada shell ruta 
1752,66906118,ABONO CURSO IDIOMAS,104.78,Educación,abono curso idiomas
1753,81458772,PAGO AUTOMATICO CINEMARK ONLINE,43.38,Ocio,pago automatico cinemark online
1754,10978481,PAGO WEB SODIMAC HOME,299.96,Vivienda,pago web sodimac home
1755,98741286,DEBITO MERCADO CENTRAL,57.3,Ocio,debito mercado central
1756,91520297,DEBITO PAGO CUOTAS,72.81,Servicios,debito pago cuotas
1757,59264742,TEF ENVIADA PEAJE TAG,51.17,Transporte,tef enviada peaje tag
1758,60881238,COMPRA TBK PLATAFORMA APRENDIZAJE,33.87,Educación,compra tbk plataforma aprendizaje
1759,82359410,DEBITO PEDIDOSYA CL,51.79,Alimentación,debito pedidosya cl
1760,49398948,CARGO TC AGUAS ANDINAS,47.07,Servicios,cargo tc aguas andinas
1761,50912220,PAGO WEB DELIVERY COMIDA,56.1,Alimentación,pago web delivery comida
1762,72150455,ABONO MERCADO CENTRAL,54.09,Ocio,abono mercado central
1763,92615071,COMPRA TBK SERVICIOS GENERALES,74.45,Servicios,compra tbk servicios generales
1764,67821509,COMPRA TBK cONSULTA ESPEC1ALISTA,78.89,Salud,compra tbk consulta especalista
1765,65125778,PAGO WEB TIENDA ONLINE,11.81,Alimentación,pago web tienda online
1766,43572518,TEF ENVIADA SODIMAC HOME,129.13,Vivienda,tef enviada sodimac home
1767,34452059,CARGO TC REPARACIONES HOGAR,237.75,Vivienda,cargo tc reparaciones hogar
1768,68969458,PAGO AUTOMATICO FARMACIA AHUMADA,32.66,Salud,pago automatico farmacia ahumada
1769,36637470,COMPRA TBK CENTRO MEDICO,25.49,Salud,compra tbk centro medico
1770,54454724,TEF ENVIADA CRUZ VERDE LOCAL,136.14,Salud,tef enviada cruz verde local
1771,45675021,PAGO AUTOMATICO DIDI RIDE,11.53,Transporte,pago automatico didi ride
1772,27103900,PAGO AUTOMATICO HOME CENTER,163.71,Vivienda,pago automatico home center
1773,62190363,PAGO WEB TALLER AUTOMOTRIZ,28.4,Servicios,pago web taller automotriz
1774,77108989,TEF ENVIADA JUMBO BILBAO,5.75,Alimentación,tef enviada jumbo bilbao
1775,55921387,COMPRA TBK STEAM GAMES,28.63,Ocio,compra tbk steam games
1776,47879379,PAGO AUTOMATICO UDEMY COURSES,78.03,Educación,pago automatico udemy courses
1777,78617449,TEF ENVIADA TALLER AUTOMOTRIZ,36.16,Servicios,tef enviada taller automotriz
1778,43199341,ABONO FARMACIA AHUMADA,103.29,Salud,abono farmacia ahumada
1779,23833135,PAGO AUTOMATICO ARRIENDO DEPT,295.4,Vivienda,pago automatico arriendo dept
1780,89349010,TEF ENVIADA MATRICULA UNIV,98.05,Educación,tef enviada matricula univ
1781,15149455,COMPRA TBK DIDI RIDE,20.06,Transporte,compra tbk didi ride
1782,16839113,PAgO AUTOMATICO UBER TRIP,25.92,Transporte,pago automatico uber trip
1783,41061693,DEBITO LIBRERIA UNIVERSITARIA,41.05,Educación,debito libreria universitaria
1784,96419192,COMPRA TBK PAGO CUOTAS,68.08,Vivienda,compra tbk pago cuotas
1785,57113712,CARGO TC PRONTO COPEC,44.14,Alimentación,cargo tc pronto copec
1786,10071931,COMPRA TBK AUTOPISTA CENTRAL,7.87,Transporte,compra tbk autopista central
1787,47602351,TEF ENVIADA RESTAURANT FANCY,54.97,Ocio,tef enviada restaurant fancy
1788,75939337,TEF ENVIADA VERDULERIA DON PEPE,25.0,Alimentación,tef enviada verduleria don pepe
1789,84057077,COMPRA TBK FARMACIA AHUMADA,117.86,Salud,compra tbk farmacia ahumada
1790,58504268,CARGO TC AUTOPISTA CENTRAL,45.86,Transporte,cargo tc autopista central
1791,97274855,PAGO WEB TIENDA ONLINE,48.63,Educación,pago web tienda online
1792,27513454,COMPRA TBK PAGO CUOTAS,98.14,Educación,compra tbk pago cuotas
1793,97826062,COMPRA TBK COLEGIO MENSUALIDAD,124.44,Educación,compra tbk colegio mensualidad
1794,83360594,COMPRA TBK ESTACIONAMIENTO,39.05,Transporte,compra tbk estacionamiento
1795,30625554,ABONO OPTICA VISION,16.13,Salud,abono optica vision
1796,85208373,PAGO WEB TAXI APP,58.63,Transporte,pago web taxi app
1797,68535809,DEBITO OPTICA VISION,19.48,Salud,debito optica vision
1798,32405653,PAGO WEB HOME CENTER,259.7,Vivienda,pago web home center
1799,63350718,CaRGO tC CINEMARK ONLInE,32.23,Ocio,cargo tc cinemark online
1800,78354185,COMPRA TBK TIENDA ONLINE,63.78,Educación,compra tbk tienda online
1801,37772949,PAGO AUTOMATICO TALLER AUTOMOTRIZ,35.77,Servicios,pago automatico taller automotriz
1802,11189346,TEF ENVIADA GASOLINERA,53.35,Transporte,tef enviada gasolinera
1803,80474132,PAGO AUTOMATICO PAGO CUOTAS,46.24,Servicios,pago automatico pago cuotas
1804,84108442,CARGO TC GASCO LIQUADO,26.67,Servicios,cargo tc gasco liquado
1805,15246661,PAGO WEB COPEC SANTIAGO,40.18,Transporte,pago web copec santiago
1806,16914893,CARGO TC CLINICA INDISA,99.94,Salud,cargo tc clinica indisa
1807,97059725,PAGO WEB DIDI RIDE,24.11,Transporte,pago web didi ride
1808,83722452,CARGO TC PLATAFORMA APRENDIZAJE,46.97,Educación,cargo tc plataforma aprendizaje
1809,17685767,PAGO WEB TAXI APP,39.43,Transporte,pago web taxi app
1810,47539330,TEF ENVIADA PEDIDOSYA CL,14.72,Alimentación,tef enviada pedidosya cl
1811,88283995,DEBITO TIENDA ONLINE,10.85,Alimentación,debito tienda online
1812,94051119,DEBITO TIENDA ONLINE,39.89,Ocio,debito tienda online
1813,53521847,ABONO SISTEMA DUOC,47.63,Educación,abono sistema duoc
1814,68237550,TEF ENVIADA PAGO CUOTAS,61.61,Educación,tef enviada pago cuotas
1815,34834040,PAGO AUTOMATICO EASY PORTAL,335.46,Vivienda,pago automatico easy portal
1816,34213769,PAGO WEB DIDI RIDE,40.62,Transporte,pago web didi ride
1817,62908270,TEF ENVIADA PRONTO COPEC,42.81,Alimentación,tef enviada pronto copec
1818,42917412,TEF ENVIADA SHELL RUTA 5,30.03,Transporte,tef enviada shell ruta 
1819,28426925,COMPRA TBK TIENDA ONLINE,44.97,Ocio,compra tbk tienda online
1820,61538339,PAGO WEB ENEL DISTRIBUCION,12.9,Servicios,pago web enel distribucion
1821,15870689,ABONO ENEL DISTRIBUCION,28.51,Servicios,abono enel distribucion
1822,94206105,CARGO TC AGUAS ANDINAS,93.95,Servicios,cargo tc aguas andinas
1823,55417925,ABONO ENEL DISTRIBUCION,129.38,Servicios,abono enel distribucion
1824,85544613,TEF ENVIADA ALMACEN VECINAL,54.08,Alimentación,tef enviada almacen vecinal
1825,30738427,CARGO TC VTR BANDA ANCHA,44.13,Servicios,cargo tc vtr banda ancha
1826,12846476,DEBITO LIBRERIA UNIVERSITARIA,125.49,Educación,debito libreria universitaria
1827,65738565,CARGO TC TIENDA ONLINE,12.8,Alimentación,cargo tc tienda online
1828,29780540,TEF ENVIADA COPEC SANTIAGO,24.43,Transporte,tef enviada copec santiago
1829,25087236,DEBITO INTEGRAMEDICA,78.85,Salud,debito integramedica
1830,47824471,COMPRA TBK ALMACEN VECINAL,24.65,Alimentación,compra tbk almacen vecinal
1831,21382241,COMPRA TBK PLATAFORMA APRENDIZAJE,135.38,Educación,compra tbk plataforma aprendizaje
1832,54942009,TEF ENVIADA MATRICULA UNIV,93.95,Educación,tef enviada matricula univ
1833,50475203,TEF ENVIADA TIENDA ONLINE,39.36,Ocio,tef enviada tienda online
1834,77008305,COMPRA TBK CONSULTA ESPECIALISTA,102.64,Salud,compra tbk consulta especialista
1835,29674854,ABONO FARMACIA AHUMAdA,54.84,Salud,abono farmacia ahumada
1836,74214057,DEBITO PAGO CUOTAS,335.13,Vivienda,debito pago cuotas
1837,47376435,PAGO AUTOMATICO SUPERMERCADO DIA,12.96,Alimentación,pago automatico supermercado dia
1838,57326346,TEF ENVIADA CLINICA INDISA,54.7,Salud,tef enviada clinica indisa
1839,90764593,DEBITO PAGO CUOTAS,327.73,Vivienda,debito pago cuotas
1840,43005229,ABONO CLINICA INDISA,63.65,Salud,abono clinica indisa
1841,81467508,PAGO WEB CURSO IDIOMAS,85.07,Educación,pago web curso idiomas
1842,66618508,COMPRA TBK TAXI APP,33.98,Transporte,compra tbk taxi app
1843,58547818,DEBITO GASCO LIQUADO,10.4,Servicios,debito gasco liquado
1844,27930505,CARGO TC ENEL DISTRIBUCION,138.93,Servicios,cargo tc enel distribucion
1845,28703143,CARGO TC PEDIDOSYA CL,21.21,Alimentación,cargo tc pedidosya cl
1846,40143583,PAGO AUTOMATICO PEAJE TAG,8.07,Transporte,pago automatico peaje tag
1847,60661928,DEBITO SHELL RUTA 5,45.32,Transporte,debito shell ruta 
1848,24228398,CARGO TC TIENDA ONLINE,41.45,Ocio,cargo tc tienda online
1849,31229647,ABONO MERCADO CENTRAL,6.66,Alimentación,abono mercado central
1850,11674728,COMPRA TBK CLINICA INDISA,89.69,Salud,compra tbk clinica indisa
1851,73050755,TEF ENVIADA TALLER AUTOMOTRIZ,114.1,Servicios,tef enviada taller automotriz
1852,73107095,DEBITO MERCADO CENTRAL,27.63,Ocio,debito mercado central
1853,11772938,ABONO OPTICA VISION,50.15,Salud,abono optica vision
1854,31521650,DEBITO COPEC SANtIAGO,5.6,Transporte,debito copec santiago
1855,70974645,DEBITO TALLER AUTOMOTRIZ,87.58,Servicios,debito taller automotriz
1856,40509683,PAGO WEB CLARO TELECOM,69.31,Servicios,pago web claro telecom
1857,26795114,COMPRA TBK CARGA BIP WEB,45.87,Transporte,compra tbk carga bip web
1858,85067208,TEF ENVIADA SODIMAC HOME,261.78,Vivienda,tef enviada sodimac home
1859,96153129,PAGO AUTOMATICO MERCADO CENTRAL,27.28,Alimentación,pago automatico mercado central
1860,96791517,COMPRA TBK CONDOMINIO GGCC,198.48,Vivienda,compra tbk condominio ggcc
1861,90958813,COMPRA TBK FARMACIA AHUMADA,119.03,Salud,compra tbk farmacia ahumada
1862,82688015,TEF ENVIADA CRUZ VERDE LOCAL,24.91,Salud,tef enviada cruz verde local
1863,51489399,COMPRA TBK GASOLINERA,15.33,Transporte,compra tbk gasolinera
1864,86520583,TEF ENVIADA COPEC SANTIAGO,36.06,Transporte,tef enviada copec santiago
1865,11137995,COMPRA TBk CURSO IDIOMAS,147.28,Educación,compra tbk curso idiomas
1866,52207776,PAGO AUTOMATICO CLARO TELECOM,115.26,Servicios,pago automatico claro telecom
1867,23070100,TEF ENVIADA RESTAURANT FANCY,23.22,Ocio,tef enviada restaurant fancy
1868,30157712,COMPRA TBK MERCADO CENTRAL,6.3,Ocio,compra tbk mercado central
1869,15020855,PAGO AUTOMATICO TALLER AUTOMOTRIZ,50.62,Servicios,pago automatico taller automotriz
1870,22521287,COMPRA TBK ESTACIONAMIENTO,57.41,Transporte,compra tbk estacionamiento
1871,28906261,ABONO DIDI RIDE,47.29,Transporte,abono didi ride
1872,91703555,PAGO WEB PEAJE TAG,40.83,Transporte,pago web peaje tag
1873,55502589,PAGO AUTOMATICO SERVICIO TECNICO,50.72,Servicios,pago automatico servicio tecnico
1874,62027391,COMPRA TBK PAGO CUOTAS,43.48,Educación,compra tbk pago cuotas
1875,76776383,TEF ENVIADA COLEGIO MENSUALIDAD,23.64,Educación,tef enviada colegio mensualidad
1876,83435357,ABONO MCDONALDS WEB,52.71,Alimentación,abono mcdonalds web
1877,52106611,PAGO AUTOMATICO AGUAS ANDINAS,33.76,Servicios,pago automatico aguas andinas
1878,58765094,COMPRA TBK CLINICA INDISA,59.47,Salud,compra tbk clinica indisa
1879,44620670,DEBITO MCDONALDS WEB,59.24,Alimentación,debito mcdonalds web
1880,26638464,DEBITO OPTICA VISION,146.04,Salud,debito optica vision
1881,63813150,CARGO TC SODIMAC HOME,193.16,Vivienda,cargo tc sodimac home
1882,93836675,PAGO AUTOMATICO MATRICULA UNIV,143.29,Educación,pago automatico matricula univ
1883,70410362,DEBITO FARMACIA AHUMADA,46.8,Salud,debito farmacia ahumada
1884,17658285,PAGO WEB NETFLIX.COM,45.76,Ocio,pago web netflixcom
1885,24132859,COMPRA TBK PEAJE TAG,20.99,Transporte,compra tbk peaje tag
1886,39937437,PAGO AUTOMATICO GASOLINERA,26.35,Transporte,pago automatico gasolinera
1887,96232807,CARGO TC EASY PORTAL,237.29,Vivienda,cargo tc easy portal
1888,24542266,COMPRA TBK SERVICIOS GENERALES,138.44,Servicios,compra tbk servicios generales
1889,18653222,TEF ENVIADA SERVICIOS GENERALES,161.05,Vivienda,tef enviada servicios generales
1890,73917095,TEF ENVIADA CURSO IDIOMAS,26.01,Educación,tef enviada curso idiomas
1891,73077976,PAGO WEB SODIMAC HOME,100.93,Vivienda,pago web sodimac home
1892,73539966,PAGO WEB AUTOpISTA CENTR41,16.74,Transporte,pago web autopista centr
1893,46218400,ABONO COPEC SANTIAGO,18.86,Transporte,abono copec santiago
1894,64367371,TEF ENVIADA SHELL RUTA 5,9.49,Transporte,tef enviada shell ruta 
1895,38736673,ABONO SERVICIOS GENERALES,103.75,Servicios,abono servicios generales
1896,67516899,ABONO CLINICA INDISA,57.88,Salud,abono clinica indisa
1897,66250794,TEF ENVIADA CLARO TELECOM,77.43,Servicios,tef enviada claro telecom
1898,86546634,DEBITO MATRICULA UNIV,64.48,Educación,debito matricula univ
1899,36650269,ABONO TIENDA ONLINE,9.28,Alimentación,abono tienda online
1900,99129018,PAGO WEB COMPRA EN AMAZON,59.25,Ocio,pago web compra en amazon
1901,71560177,COMPRA TBK RESTAURANT FANCY,56.36,Ocio,compra tbk restaurant fancy
1902,64544291,COMPRA TBK REPARACIONES HOGAR,141.98,Vivienda,compra tbk reparaciones hogar
1903,26873477,PAGO AUTOMATICO NETFLIX.COM,39.89,Ocio,pago automatico netflixcom
1904,83294452,COMPRA TBK COmPRA EN AmAZON,47.59,Ocio,compra tbk compra en amazon
1905,35656926,TEF ENVIADA PAGO CUOTAS,146.04,Educación,tef enviada pago cuotas
1906,12173155,CARGO TC UDEMY COURSES,52.27,Educación,cargo tc udemy courses
1907,71202946,DEBITO FARMACIA AHUMADA,67.97,Salud,debito farmacia ahumada
1908,80218664,ABONO CONSULTA ESPECIALISTA,146.37,Salud,abono consulta especialista
1909,60079518,TEF ENVIADA FARMACIA AHUMADA,34.77,Salud,tef enviada farmacia ahumada
1910,48255801,PAGO WEB MATRICULA UNIV,128.31,Educación,pago web matricula univ
1911,93265522,PAGO AUTOMATICO ENTRETENIMIENTO PLUS,56.58,Ocio,pago automatico entretenimiento plus
1912,23933416,COMPRA TBK AGUAS ANDINAS,22.55,Servicios,compra tbk aguas andinas
1913,93728466,PAGO AUTOMATICO SUPERMERCADO DIA,56.0,Alimentación,pago automatico supermercado dia
1914,14380267,PAGO AUTOMATICO DELIVERY COMIDA,41.72,Alimentación,pago automatico delivery comida
1915,71019389,TEF ENVIADA TALLER AUTOMOTRIZ,87.22,Servicios,tef enviada taller automotriz
1916,26702129,ABONO ALMACEN VECINAL,24.28,Alimentación,abono almacen vecinal
1917,96551565,PAGO AUTOMATICO SERVICIOS GENERALES,108.54,Servicios,pago automatico servicios generales
1918,40056261,COMPRA TBK TIENDA ONLINE,32.92,Ocio,compra tbk tienda online
1919,65662309,CARGO TC EXAMENES MED,104.26,Salud,cargo tc examenes med
1920,60251887,COMPRA TBK VERDULERIA DON PEPE,51.24,Alimentación,compra tbk verduleria don pepe
1921,86797698,CARGO TC PLATAFORMA APRENDIZAJE,149.0,Educación,cargo tc plataforma aprendizaje
1922,96494515,PAGO AUTOMATICO PEAJE TAG,26.63,Transporte,pago automatico peaje tag
1923,95399182,PAGO AUTOMATICO SUPERMERCADO DIA,26.47,Alimentación,pago automatico supermercado dia
1924,79427754,PAGO AUTOMATICO CINEMARK ONLINE,13.71,Ocio,pago automatico cinemark online
1925,77680235,DEBITO SHELL RUTA 5,11.51,Transporte,debito shell ruta 
1926,44927495,ABONO PAGO CUOTAS,127.23,Educación,abono pago cuotas
1927,13441373,TEF ENVIADA AUTOPISTA CENTRAL,29.06,Transporte,tef enviada autopista central
1928,61325510,TEf ENVIADA COMPRa EN AMAZON,6.39,Ocio,tef enviada compra en amazon
1929,58066234,PAGO AUTOMATICO CINEMARK ONLINE,15.26,Ocio,pago automatico cinemark online
1930,42917490,CARGO TC STEAM GAMES,44.95,Ocio,cargo tc steam games
1931,16945615,ABONO TALLER AUTOMOTRIZ,48.5,Servicios,abono taller automotriz
1932,23880694,DEBITO COPEC SANTIAGO,11.1,Transporte,debito copec santiago
1933,45164329,COMPRA TBK COLEGIO MENSUALIDAD,135.24,Educación,compra tbk colegio mensualidad
1934,37913590,PAGO AUTOMATICO LIDER EXPRESS,26.49,Alimentación,pago automatico lider express
1935,93977718,PAGO AUTOMATICO SODIMAC HOME,76.71,Vivienda,pago automatico sodimac home
1936,95033882,PAGO AUTOMATICO TIENDA ONLINE,54.96,Ocio,pago automatico tienda online
1937,33981630,TEF ENVIADA VTR BANDA ANCHA,102.35,Servicios,tef enviada vtr banda ancha
1938,90529679,ABONO COMPR4 EN AMAzON,35.06,Ocio,abono compr en amazon
1939,26320018,DEBITO PEAJE TAG,15.61,Transporte,debito peaje tag
1940,30447536,COMPRA TBK TIENDA ONLINE,16.9,Alimentación,compra tbk tienda online
1941,26989313,TEF ENV1ADA FARMACIA AHUMADA,47.46,Salud,tef envada farmacia ahumada
1942,84020689,COMPRA TBK ARRIENDO DEPT,278.17,Vivienda,compra tbk arriendo dept
1943,63679326,PAGO AUTOMATICO PAGO CUOTAS,372.82,Vivienda,pago automatico pago cuotas
1944,47726289,TEF ENVIADA CLINICA INDISA,144.66,Salud,tef enviada clinica indisa
1945,51820248,ABONO SUPERMERCADO DIA,14.11,Alimentación,abono supermercado dia
1946,66873060,PAGO AUTOMATICO ESTACIONAMIENTO,37.8,Transporte,pago automatico estacionamiento
1947,61411543,PAGO WEB CONSULTA ESPECIALISTA,70.1,Salud,pago web consulta especialista
1948,18625670,CARGO TC PLATAFORMA APRENDIZAJE,72.92,Educación,cargo tc plataforma aprendizaje
1949,49389352,CARGO TC TIENDA ONLINE,38.21,Alimentación,cargo tc tienda online
1950,25388056,CARGO TC MERCADO CENTRAL,14.89,Ocio,cargo tc mercado central
1951,42926044,ABONO CENTRO MEDICO,20.17,Salud,abono centro medico
1952,52205153,CARGO TC RESTAURANT FANCY,11.73,Ocio,cargo tc restaurant fancy
1953,72461793,DEBITO CRUZ VERDE LOCAL,89.45,Salud,debito cruz verde local
1954,48066060,PAGO WEB INTEGRAMEDICA,94.25,Salud,pago web integramedica
1955,91591543,COMPRA TBK SISTEMA DUOC,142.48,Educación,compra tbk sistema duoc
1956,96740906,COMPRA TBK BANCO DEL ESTADO,69.05,Servicios,compra tbk banco del estado
1957,36595298,CARGO TC TALLER AUTOMOTRIZ,37.6,Servicios,cargo tc taller automotriz
1958,26655437,PAGO AUtOMATICO SERVICIOS gENERALES,73.39,Servicios,pago automatico servicios generales
1959,87364953,PAGO WEB PLATAFORMA APRENDIZAJE,12.98,Educación,pago web plataforma aprendizaje
1960,10623711,ABONO DELIVERY COMIDA,55.14,Alimentación,abono delivery comida
1961,14967155,ABONO CLINICA INDISA,135.42,Salud,abono clinica indisa
1962,19321973,CARGO TC UDEMY COURSES,75.79,Educación,cargo tc udemy courses
1963,52572475,DEBITO TALLER AUTOMOTRIZ,115.52,Servicios,debito taller automotriz
1964,76279210,PAGO WEB EASY PORTAL,264.31,Vivienda,pago web easy portal
1965,76214520,DEBITO PINTURAS SHERWIN,347.04,Vivienda,debito pinturas sherwin
1966,40066698,PAGO WEB PEDIDOSYA CL,7.63,Alimentación,pago web pedidosya cl
1967,68476310,COMPRA TBK MCDONALDS WEB,17.45,Alimentación,compra tbk mcdonalds web
1968,59510172,DEBITO ALMACEN VECINAL,49.89,Alimentación,debito almacen vecinal
1969,44854691,DEBITO UDEMY COURSES,133.66,Educación,debito udemy courses
1970,20071990,COMPRA TBK LIDER EXPRESS,19.5,Alimentación,compra tbk lider express
1971,46226982,ABONO COMPRA EN AMAZON,43.43,Ocio,abono compra en amazon
1972,52860106,PAGO AUTOMATICO GASOLINERA,52.4,Transporte,pago automatico gasolinera
1973,65471370,ABONO TIENDA ONLINE,99.17,Servicios,abono tienda online
1974,87562374,PAGO WEB SPOTIFY PREMIUM,31.29,Ocio,pago web spotify premium
1975,74787744,CARGO TC PINTURAS SHERWIN,129.04,Vivienda,cargo tc pinturas sherwin
1976,84962645,DEBITO EXAMENES MED,126.98,Salud,debito examenes med
1977,76384860,DEBITO DIDI RIDE,8.31,Transporte,debito didi ride
1978,61681908,TEF ENVIADA DELIVERY COMIDA,15.34,Alimentación,tef enviada delivery comida
1979,80819264,TEF ENVIADA PEDIDOSYA CL,33.27,Alimentación,tef enviada pedidosya cl
1980,30669385,DEBITO EXAMENES MED,128.69,Salud,debito examenes med
1981,61751100,TEF ENVIADA MCDONALDS WEB,58.63,Alimentación,tef enviada mcdonalds web
1982,63714593,PAGO WEB TIENDA ONLINE,36.31,Servicios,pago web tienda online
1983,87476147,TEF ENVIADA CENTRO MEDICO,100.77,Salud,tef enviada centro medico
1984,42287747,COMPRA TBK ESTACIONAMIENTO,5.91,Transporte,compra tbk estacionamiento
1985,45645373,CARGO TC COnDOmInIO GGCC,91.41,Vivienda,cargo tc condominio ggcc
1986,30215880,CARGO TC COLEGIO MENSUALIDAD,65.57,Educación,cargo tc colegio mensualidad
1987,46586258,CARGO TC HOME CENTER,179.42,Vivienda,cargo tc home center
1988,66718851,PAGO AUTOMATICO DELIVERY COMIDA,15.67,Alimentación,pago automatico delivery comida
1989,81076709,TEF ENVIADA TAXI APP,38.41,Transporte,tef enviada taxi app
1990,96750938,COMPRA TBK PAGO CUOTAS,44.85,Educación,compra tbk pago cuotas
1991,14789956,COMPRA TBK ALMACEN VECINAL,36.64,Alimentación,compra tbk almacen vecinal
1992,40395619,PAGO WEB SHELL RUTA 5,53.54,Transporte,pago web shell ruta 
1993,39512907,PAGO AUTOMATICO TIENDA ONLINE,45.37,Ocio,pago automatico tienda online
1994,37323438,PAGO AUTOMATICO BAR LA ESQUINA,24.12,Ocio,pago automatico bar la esquina
1995,93499311,DEBITO EXAMENES mED,76.75,Salud,debito examenes med
1996,19322043,TEF ENVIADA INTEGRAMEDICA,33.33,Salud,tef enviada integramedica
1997,99393218,TEF ENVIADA OPTICA VISION,76.44,Salud,tef enviada optica vision
1998,20331687,TEF ENVIADA CRUZ VERDE LOCAL,33.9,Salud,tef enviada cruz verde local
1999,73596407,PAGO WEB ENEL DISTRIBUCION,91.64,Servicios,pago web enel distribucion
2000,12334156,PAGO AUTOMATICO ARRIENDO DEPT,248.54,Vivienda,pago automatico arriendo dept
2001,29674031,PAGO WEB INTEGRAMEDICA,118.54,Salud,pago web integramedica
2002,70749138,ABONO PRONTO COPEC,31.99,Alimentación,abono pronto copec
2003,58894086,DEBITO EXAMENES MED,74.23,Salud,debito examenes med
2004,79502107,CARGO TC SERVICIO TECNICO,118.43,Servicios,cargo tc servicio tecnico
2005,79700460,PAGO AUTOMATICO TIENDA ONLINE,111.95,Servicios,pago automatico tienda online
2006,98498728,PAGO AUTOMATICO MCDONALDS WEB,59.67,Alimentación,pago automatico mcdonalds web
2007,67810328,COMPRA TBK OPTICA VISION,60.32,Salud,compra tbk optica vision
2008,60704539,TEF ENVIADA SPOTIFY PREMIUM,40.13,Ocio,tef enviada spotify premium
2009,56821190,PAGO WEB OPTICA VISION,134.32,Salud,pago web optica vision
2010,15516345,CARGO TC SERVICIOS GENERALES,252.83,Vivienda,cargo tc servicios generales
2011,68177965,ABONO RESTAURANT FANCY,48.74,Ocio,abono restaurant fancy
2012,11118688,CARGO TC PLATAFORMA APRENDIZAJE,79.85,Educación,cargo tc plataforma aprendizaje
2013,80220858,PAGO AUTOMATICO CINEMARK ONLINE,58.17,Ocio,pago automatico cinemark online
2014,75340518,DEBITO TIENDA ONLINE,50.36,Educación,debito tienda online
2015,39168908,COMPRA TBK CLARO TELECOM,49.62,Servicios,compra tbk claro telecom
2016,10683201,COMPRA TBK COLEGIO MENSUALIDAD,70.25,Educación,compra tbk colegio mensualidad
2017,57005495,COMPRA TBK NETFLIX.COM,53.33,Ocio,compra tbk netflixcom
2018,85262472,DEBITO PAGO CUOTAS,31.71,Servicios,debito pago cuotas
2019,36404306,TEF ENVIADA PRONTO COPEC,28.76,Alimentación,tef enviada pronto copec
2020,63568120,TEF ENViADA PRONTO C0PEC,58.18,Alimentación,tef enviada pronto cpec
2021,33260196,CARGO TC PRONTO COPEC,36.01,Alimentación,cargo tc pronto copec
2022,36777331,ABONO RESTAURANT FANCY,18.75,Ocio,abono restaurant fancy
2023,21488759,TEF ENVIADA HOME CENTER,154.07,Vivienda,tef enviada home center
2024,68638761,PAGO WEB EVENTO DEPORTIVO,10.28,Ocio,pago web evento deportivo
2025,57990755,DEBITO CURSO IDIOMAS,75.57,Educación,debito curso idiomas
2026,71912488,PAGO AUTOMATICO PAGO CUOTAS,59.69,Vivienda,pago automatico pago cuotas
2027,28869078,ABONO UDEMY COURSES,96.13,Educación,abono udemy courses
2028,27082542,PAGO WEB INTEGRAMEDICA,96.92,Salud,pago web integramedica
2029,62701842,COMPRA TBK LIBRERIA UNIVERSITARIA,27.63,Educación,compra tbk libreria universitaria
2030,79525894,PAGO AUTOMATICO NETFLIX.COM,30.31,Ocio,pago automatico netflixcom
2031,97225409,COMPRA TBK LIDER EXPRESS,10.89,Alimentación,compra tbk lider express
2032,74621527,ABONO COLEGIO MENSUALIDAD,106.68,Educación,abono colegio mensualidad
2033,78561216,COMPRA TBK ENEL DISTRIBUCION,113.51,Servicios,compra tbk enel distribucion
2034,76478665,PAGO WEB ALMACEN VECINAL,12.5,Alimentación,pago web almacen vecinal
2035,94320873,ABONO ENTRETENIMIENTO PLUS,22.1,Ocio,abono entretenimiento plus
2036,25395963,PAGO WEB MERCADO CENTRAL,8.69,Alimentación,pago web mercado central
2037,43179439,COMPRA TBK GASOLINERA,16.24,Transporte,compra tbk gasolinera
2038,62440731,ABONO SODIMAC HOME,69.48,Vivienda,abono sodimac home
2039,34701959,PAGO AUTOMATICO PRONTO COPEC,50.11,Alimentación,pago automatico pronto copec
2040,68939010,CARGO TC PAGO CUOTAS,130.3,Servicios,cargo tc pago cuotas
2041,12906871,PAGO AUTOMATICO COLEGIO MENSUALIDAD,35.87,Educación,pago automatico colegio mensualidad
2042,83374285,TEF ENVIADA BANCO DEL ESTADO,38.05,Servicios,tef enviada banco del estado
2043,89022539,CARGO TC PINTURAS SHERWIN,222.54,Vivienda,cargo tc pinturas sherwin
2044,24406372,PAGO AUTOMATICO BAR LA ESQUINA,30.52,Ocio,pago automatico bar la esquina
2045,62268329,TEF ENVIADA TALLER AUTOMOTRIZ,11.54,Servicios,tef enviada taller automotriz
2046,98206742,DEBITO CRUZ VERDE LOCAL,96.78,Salud,debito cruz verde local
2047,71518719,TEF ENVIADA PEDIDOSYA CL,20.23,Alimentación,tef enviada pedidosya cl
2048,77539115,PAGO WEB AUTOPISTA CENTRAL,16.59,Transporte,pago web autopista central
2049,33420574,PAGO AUTOMATICO MERCADO CENTRAL,41.08,Ocio,pago automatico mercado central
2050,28795756,PAGO AUTOMATICO CONSULTA ESPECIALISTA,48.97,Salud,pago automatico consulta especialista
2051,19155005,CARGO TC BANCO DEL ESTADO,138.26,Servicios,cargo tc banco del estado
2052,91314709,PAGO AUTOMATICO EVENTO DEPORTIVO,41.24,Ocio,pago automatico evento deportivo
2053,44792727,ABONO TIENDA ONLINE,28.12,Educación,abono tienda online
2054,64193609,PAGO WEB CONSULTA ESPECIALISTA,19.46,Salud,pago web consulta especialista
2055,24256665,TEF ENVIADA MCDONALDS WEB,32.47,Alimentación,tef enviada mcdonalds web
2056,41758221,CARGO TC EVENTO DEPORTIVO,10.8,Ocio,cargo tc evento deportivo
2057,18639582,ABONO TAXI APP,8.41,Transporte,abono taxi app
2058,19782015,COMPRA TBK FARMACIA AHUMADA,71.81,Salud,compra tbk farmacia ahumada
2059,70332161,TEF ENVIADA CRUZ VERDE LOCAL,62.87,Salud,tef enviada cruz verde local
2060,43889297,PAGO WEB COMPRA EN AMAZON,32.01,Ocio,pago web compra en amazon
2061,31755295,TEF ENVIADA BAR LA ESQUINA,28.87,Ocio,tef enviada bar la esquina
2062,94438474,COMPRA TBK SISTEMA DUOC,144.38,Educación,compra tbk sistema duoc
2063,10702802,COMPRA TBK ALMACEN VECINAL,24.78,Alimentación,compra tbk almacen vecinal
2064,34871129,ABONO HOME CENTER,288.83,Vivienda,abono home center
2065,37846793,PAGO WEB ENTRETENIMIENTO PLUS,36.37,Ocio,pago web entretenimiento plus
2066,84987083,CARGO TC HOME CENTER,348.7,Vivienda,cargo tc home center
2067,60481733,PAGO AUTOMATICO AGUAS ANDINAS,132.36,Servicios,pago automatico aguas andinas
2068,50027348,TEF ENVIADA COLEGIO MENSUALIDAD,24.13,Educación,tef enviada colegio mensualidad
2069,54415303,COMPRA TBK ARRIENDO DEPT,57.89,Vivienda,compra tbk arriendo dept
2070,58037222,ABONO CLARO TELECOM,19.51,Servicios,abono claro telecom
2071,87222958,CARGO TC VTR BANDA ANCHA,43.8,Servicios,cargo tc vtr banda ancha
2072,17603192,CARGO TC TIENDA ONLINE,86.43,Educación,cargo tc tienda online
2073,45306385,PAGO AUTOMATICO SUPERMERCADO DIA,40.93,Alimentación,pago automatico supermercado dia
2074,54901365,PAGO AUTOMATICO PEDIDOSYA CL,53.84,Alimentación,pago automatico pedidosya cl
2075,54239393,TEF ENVIADA MCDONALDS WEB,55.83,Alimentación,tef enviada mcdonalds web
2076,85679497,TEF ENVIADA NETFLIX.COM,54.74,Ocio,tef enviada netflixcom
2077,65866810,CARGO TC NETFLIX.COM,37.9,Ocio,cargo tc netflixcom
2078,27376441,PAGO WEB COLEGIO MENSUALIDAD,47.87,Educación,pago web colegio mensualidad
2079,40231877,COMPRA TBK LIDER EXPRESS,40.77,Alimentación,compra tbk lider express
2080,40568777,CARGO TC PAGO CUOTAS,57.51,Vivienda,cargo tc pago cuotas
2081,36330066,ABONO JUMBO BILBAO,34.38,Alimentación,abono jumbo bilbao
2082,12428651,DEBITO TALLER AUTOMOTRIZ,87.35,Servicios,debito taller automotriz
2083,26809078,ABONO VERDULERIA DON PEPE,28.63,Alimentación,abono verduleria don pepe
2084,25836692,TEF ENVIADA HOME CENTER,364.0,Vivienda,tef enviada home center
2085,17774227,TEF ENVIADA CONSULTA ESPECIALISTA,43.34,Salud,tef enviada consulta especialista
2086,81969904,COMPRA TBK SUPERMERCADO DIA,36.24,Alimentación,compra tbk supermercado dia
2087,17634795,ABONO ENEL DISTRIBUCION,20.73,Servicios,abono enel distribucion
2088,52161262,TEF ENVIADA ESTACIONAMIENTO,24.23,Transporte,tef enviada estacionamiento
2089,63394315,CARGO TC STEAM GAMES,31.33,Ocio,cargo tc steam games
2090,82966957,COMPRA TBK DELIVERY COMIDA,16.32,Alimentación,compra tbk delivery comida
2091,50630244,ABONO RESTAURANT FANCY,56.78,Ocio,abono restaurant fancy
2092,42776746,CARGO TC PAGO CUOTAS,83.76,Servicios,cargo tc pago cuotas
2093,24009401,DEBITO CONSULTA ESPECIALISTA,17.56,Salud,debito consulta especialista
2094,28405476,CARGO TC PAGO CUOTAS,344.5,Vivienda,cargo tc pago cuotas
2095,38289021,CARGO TC SISTEMA DUOC,27.18,Educación,cargo tc sistema duoc
2096,69093033,COMPRA TBK CINEMARK ONLINE,40.74,Ocio,compra tbk cinemark online
2097,14530678,COMPRA TBK EASY PORTAL,144.6,Vivienda,compra tbk easy portal
2098,21340498,CARGO TC PAGO CUOTAS,18.36,Educación,cargo tc pago cuotas
2099,61350116,PAGO AUTOMATICO TIENDA ONLINE,63.85,Servicios,pago automatico tienda online
2100,98573727,TEF ENVIADA ALMACEN VECINAL,28.71,Alimentación,tef enviada almacen vecinal
2101,55126455,cARGO TC DELIVERY CoMIDA,55.75,Alimentación,cargo tc delivery comida
2102,84261885,AbONO INTEGRAMEDICA,64.34,Salud,abono integramedica
2103,81774457,CARGO TC ENTRETENIMIENTO PLUS,30.49,Ocio,cargo tc entretenimiento plus
2104,61176016,CARGO TC TIENDA ONLINE,75.43,Educación,cargo tc tienda online
2105,46828381,COMPRA TBK UBER TRIP,9.7,Transporte,compra tbk uber trip
2106,62962477,CARGO TC PEAJE TAG,7.12,Transporte,cargo tc peaje tag
2107,97648351,CARGO TC CONSULTA ESPECIALISTA,123.44,Salud,cargo tc consulta especialista
2108,98687917,COMPRA TBK UDEMY COURSES,54.94,Educación,compra tbk udemy courses
2109,69043624,PAGO AUTOMATICO CLINICA INDISA,11.24,Salud,pago automatico clinica indisa
2110,84706716,PAGO AUTOMATICO PEDIDOSYA CL,16.98,Alimentación,pago automatico pedidosya cl
2111,91916907,COMPRA TBK SUPERMERCADO DIA,35.33,Alimentación,compra tbk supermercado dia
2112,47063466,TEF ENVIADA MERCADO CENTRAL,19.27,Alimentación,tef enviada mercado central
2113,29716823,TEF ENVIADA CONDOMINIO GGCC,354.93,Vivienda,tef enviada condominio ggcc
2114,15167621,TEF ENVIADA NETFLIX.COM,15.13,Ocio,tef enviada netflixcom
2115,84277127,PAGO WEB CURSO IDIOMAS,110.43,Educación,pago web curso idiomas
2116,24651674,CARGO TC PRONTO CoP3C,9.26,Alimentación,cargo tc pronto copc
2117,37386042,PAGO WEB EASY PORTAL,164.03,Vivienda,pago web easy portal
2118,47994945,COMPRA TBK CENTRO MEDICO,30.03,Salud,compra tbk centro medico
2119,97507034,CARGO TC CONSULTA ESPECIALISTA,62.46,Salud,cargo tc consulta especialista
2120,49040263,TEF ENVIADA CRUZ VERDE LOCAL,140.24,Salud,tef enviada cruz verde local
2121,52024344,COMPRA TBK UDEMY COURSES,81.51,Educación,compra tbk udemy courses
2122,56177977,ABONO PAGO CUOTAS,141.59,Servicios,abono pago cuotas
2123,61148988,DEBITO SODIMAC HOME,316.91,Vivienda,debito sodimac home
2124,40142752,COMPRA TBK SPOTIFY PREMIUM,36.1,Ocio,compra tbk spotify premium
2125,26272875,DEBITO TIENDA ONLINE,128.66,Educación,debito tienda online
2126,80390228,PAGO WEB UDEMY COURSES,82.85,Educación,pago web udemy courses
2127,49334559,TEF ENVIADA EXAMENES MED,137.55,Salud,tef enviada examenes med
2128,58582114,ABONO INTEGRAMEDICA,42.32,Salud,abono integramedica
2129,65019311,DEBITO FARMACIA AHUMADA,60.66,Salud,debito farmacia ahumada
2130,91231063,CARGO TC FARMACIA AHUMADA,42.25,Salud,cargo tc farmacia ahumada
2131,26814965,TEF ENVIADA TALLER AUTOMOTRIZ,139.6,Servicios,tef enviada taller automotriz
2132,28540857,DEBITO TAXI APP,38.31,Transporte,debito taxi app
2133,20939544,CARGO TC CLARO TELECOM,67.19,Servicios,cargo tc claro telecom
2134,36589097,PAGO WEB MATRICULA UNIV,135.98,Educación,pago web matricula univ
2135,45349744,TEF ENVIADA SODIMAC HOME,317.93,Vivienda,tef enviada sodimac home
2136,14573558,DEBITO EVENTO DEPORTIVO,50.86,Ocio,debito evento deportivo
2137,81042742,COMPRA TBK MCDONALDS WEB,55.52,Alimentación,compra tbk mcdonalds web
2138,84751326,TEF ENVIADA REPARACIONES HOGAR,134.5,Vivienda,tef enviada reparaciones hogar
2139,55183120,CARGO TC FARMACIA AHUMADA,92.81,Salud,cargo tc farmacia ahumada
2140,68477341,DEBITO COLEgI0 MENSUALIDAD,50.5,Educación,debito colegi mensualidad
2141,89129152,DEBITO CONDOMINIO GGCC,370.72,Vivienda,debito condominio ggcc
2142,89665373,TEF ENVIADA COLEGIO MENSUALIDAD,93.03,Educación,tef enviada colegio mensualidad
2143,68866156,PAGO AUTOMATICO ENTRETENIMIENTO PLUS,14.72,Ocio,pago automatico entretenimiento plus
2144,23005510,CARGO TC COMPRA EN AMAZON,17.77,Ocio,cargo tc compra en amazon
2145,80490297,COMPRA TBK REPARACIONES HOGAR,252.94,Vivienda,compra tbk reparaciones hogar
2146,52758855,CARGO TC TALLER AUTOMOTRIZ,116.02,Servicios,cargo tc taller automotriz
2147,38277083,ABONO COPEC SANTIAGO,28.68,Transporte,abono copec santiago
2148,32225454,COMPRA TBK CONSULTA ESPECIALISTA,26.6,Salud,compra tbk consulta especialista
2149,32725849,PAGO AUTOMATICO OPTICA VISION,50.39,Salud,pago automatico optica vision
2150,28925119,TEF ENVIADA FARMACIA AHUMADA,23.44,Salud,tef enviada farmacia ahumada
2151,90314752,ABONO TIENDA ONLINE,136.36,Educación,abono tienda online
2152,75547360,ABONO TIENDA ONLINE,126.55,Educación,abono tienda online
2153,86660490,TEF ENVIADA PEDIDOSYA CL,28.46,Alimentación,tef enviada pedidosya cl
2154,49586388,TEF ENVIADA HOME CENTER,371.3,Vivienda,tef enviada home center
2155,76203639,PAGO AUTOMATICO SPOTIFY PREMIUM,19.47,Ocio,pago automatico spotify premium
2156,25631350,CARGO TC VTR BANDA ANCHA,145.58,Servicios,cargo tc vtr banda ancha
2157,19979132,DEBITO AGUAS ANDINAS,55.8,Servicios,debito aguas andinas
2158,78832771,CARGO TC PLATAFORMA APRENDIZAJE,104.09,Educación,cargo tc plataforma aprendizaje
2159,79967272,COMPRA TBK PEDIDOSYA CL,22.46,Alimentación,compra tbk pedidosya cl
2160,94031142,DEBITO PAGO CUOTAS,14.99,Servicios,debito pago cuotas
2161,88697675,COMPRA TBK ENTRETENIMIENTO PLUS,25.69,Ocio,compra tbk entretenimiento plus
2162,75029451,CARGO TC DIDI RIDE,49.76,Transporte,cargo tc didi ride
2163,95197752,CARGO TC EVENTO DEPORTIVO,53.17,Ocio,cargo tc evento deportivo
2164,75859451,COMPRA TBK SISTEMA DUOC,88.08,Educación,compra tbk sistema duoc
2165,45309169,COMPRA TBK UBER TRIP,38.74,Transporte,compra tbk uber trip
2166,74992661,TEF ENVIADA COMPRA EN AMAZON,34.18,Ocio,tef enviada compra en amazon
2167,49207134,ABONO CARGA BIP WEB,41.74,Transporte,abono carga bip web
2168,74553231,PAGO WEB SERVICIOS GENERALES,153.4,Vivienda,pago web servicios generales
2169,66316956,ABONO SHELL RUTA 5,58.31,Transporte,abono shell ruta 
2170,33648417,DEBITO INTEGRAMEDICA,75.06,Salud,debito integramedica
2171,27187635,CARGO TC FARMACIA AHUMADA,118.32,Salud,cargo tc farmacia ahumada
2172,41522381,PAGO WEB PAGO CUOTAS,60.14,Vivienda,pago web pago cuotas
2173,18160875,ABONO INTEGRAMEDICA,88.72,Salud,abono integramedica
2174,62529918,DEBITO EXAMENES MED,123.26,Salud,debito examenes med
2175,46012929,CARGO TC SERVICIOS GENERALES,219.93,Vivienda,cargo tc servicios generales
2176,51407598,DEBITO AUTOPISTA CENTRAL,29.62,Transporte,debito autopista central
2177,93924534,TEF ENVIADA GASOLINERA,11.07,Transporte,tef enviada gasolinera
2178,12673605,TEF ENVIADA PLATAFORMA APRENDIZAJE,143.04,Educación,tef enviada plataforma aprendizaje
2179,54733168,COMPRA TBK VERDULERIA DON PEPE,55.17,Alimentación,compra tbk verduleria don pepe
2180,79611890,COMPRA TBK PAGO CUOTAS,39.46,Servicios,compra tbk pago cuotas
2181,63086639,TEF ENVIADA SISTEMA DUOC,130.36,Educación,tef enviada sistema duoc
2182,60181317,ABONO CARGA BIP WEB,23.23,Transporte,abono carga bip web
2183,11830849,DEBITO PEAJE TAG,6.98,Transporte,debito peaje tag
2184,75082169,COMPRA TBK TIENDA ONLINE,7.33,Alimentación,compra tbk tienda online
2185,43193217,COMPRA TBK EXAMENES MED,14.73,Salud,compra tbk examenes med
2186,97949650,ABONO SPOTIFY PREMIUM,27.04,Ocio,abono spotify premium
2187,19917380,ABONO CLARO TELECOM,80.63,Servicios,abono claro telecom
2188,88946302,COMprA TBK TIENDA OnLINE,48.59,Ocio,compra tbk tienda online
2189,53449866,ABONO GASOLINERA,28.38,Transporte,abono gasolinera
2190,37201463,CARGO TC NETFLIX.COM,10.48,Ocio,cargo tc netflixcom
2191,67651154,PAGO AUTOMATICO COMPRA EN AMAZON,10.12,Ocio,pago automatico compra en amazon
2192,81565416,CARGO TC HOME CENTER,227.31,Vivienda,cargo tc home center
2193,60028002,PAGO AUTOMATICO SODIMAC HOME,316.95,Vivienda,pago automatico sodimac home
2194,13340930,PAGO AUTOMATICO SPOTIFY PREMIUM,26.85,Ocio,pago automatico spotify premium
2195,24622813,CARGO TC ESTACIONAMIENTO,40.36,Transporte,cargo tc estacionamiento
2196,21225238,ABONO CLINICA INDISA,23.35,Salud,abono clinica indisa
2197,89646079,ABONO DIDI RIDE,18.75,Transporte,abono didi ride
2198,80250319,PAGO WEB TAXI APP,44.77,Transporte,pago web taxi app
2199,43826068,COMPRA TBK SISTEMA DUOC,67.66,Educación,compra tbk sistema duoc
2200,53143346,ABONO RESTAURANT FANCY,42.89,Ocio,abono restaurant fancy
2201,97511116,ABONO pAGO CUOT4S,43.0,Educación,abono pago cuots
2202,20929927,PAGO WEB PAGO CUOTAS,372.43,Vivienda,pago web pago cuotas
2203,11828652,PAGO AUTOMATICO EASY PORTAL,106.73,Vivienda,pago automatico easy portal
2204,25255803,TEF ENVIADA SPOTIFY PREMIUM,7.15,Ocio,tef enviada spotify premium
2205,80409156,TEF ENVIADA PAGO CUOTAS,220.52,Vivienda,tef enviada pago cuotas
2206,49829248,PAGO AUTOMATICO MERCADO CENTRAL,11.47,Ocio,pago automatico mercado central
2207,59879577,PAGO WEB EXAMENES MED,88.93,Salud,pago web examenes med
2208,37442403,CARGO TC UBER TRIP,49.15,Transporte,cargo tc uber trip
2209,73365536,PAGO WEB RESTAURANT FANCY,30.46,Ocio,pago web restaurant fancy
2210,73601811,TEF ENVIADA CLINICA INDISA,11.37,Salud,tef enviada clinica indisa
2211,10751945,TEF ENVIADA CONDOMINIO GGCC,159.14,Vivienda,tef enviada condominio ggcc
2212,71551388,DEBITO DIDI RIDE,23.21,Transporte,debito didi ride
2213,18961986,PAGO AUTOMATICO SUPERMERCADO DIA,24.27,Alimentación,pago automatico supermercado dia
2214,35855792,CARGO TC SISTEMA DUOC,48.44,Educación,cargo tc sistema duoc
2215,59294789,PAGO WEB TALLER AUTOMOTRIZ,97.43,Servicios,pago web taller automotriz
2216,98498817,PAGO WEB PINTURAS SHERWIN,120.91,Vivienda,pago web pinturas sherwin
2217,47579022,COMPRA TBK MATRICULA UNIV,34.97,Educación,compra tbk matricula univ
2218,88828361,TEF ENVIADA COLEGIO MENSUALIDAD,100.28,Educación,tef enviada colegio mensualidad
2219,89479708,PAGO WEB REPARACIONES HOGAR,261.67,Vivienda,pago web reparaciones hogar
2220,38092671,DEBITO TIENDA ONLINE,33.53,Servicios,debito tienda online
2221,92533661,TEF ENVIADA GASCO LIQUADO,30.51,Servicios,tef enviada gasco liquado
2222,69014061,A8ONO ESTACIONAMIENTO,28.4,Transporte,aono estacionamiento
2223,25743269,CARGO TC REPARACIONES HOGAR,134.27,Vivienda,cargo tc reparaciones hogar
2224,73683359,ABONO SERVICIOS GENERALES,174.25,Vivienda,abono servicios generales
2225,91252861,CARGO TC PAGO CUOTAS,127.91,Servicios,cargo tc pago cuotas
2226,68685794,DEBITO CARGA BIP WEB,35.83,Transporte,debito carga bip web
2227,68440193,DEBITO PINTURAS SHERWIN,278.23,Vivienda,debito pinturas sherwin
2228,72555645,ABONO COPEC SANTIAGO,47.39,Transporte,abono copec santiago
2229,35633440,TEF ENVIADA CENTRO MEDICO,63.54,Salud,tef enviada centro medico
2230,80598873,TEF ENVIADA COPEC SANTIAGO,15.72,Transporte,tef enviada copec santiago
2231,59508547,CARGO TC LIBRERIA UNIVERSITARIA,138.21,Educación,cargo tc libreria universitaria
2232,96868145,PAGO WEB UDEMY COURSES,48.49,Educación,pago web udemy courses
2233,43962179,COMPRA TBK SERVICIOS GENERALES,145.96,Vivienda,compra tbk servicios generales
2234,73545170,ABONO SUPERMERCaDO D1A,46.25,Alimentación,abono supermercado da
2235,59597995,ABONO MERCADO CENTRAL,6.59,Ocio,abono mercado central
2236,27669523,DEBITO CINEMARK ONLINE,9.56,Ocio,debito cinemark online
2237,18365183,COMPRA TBK AGUAS ANDINAS,53.99,Servicios,compra tbk aguas andinas
2238,36062717,CARGO TC PAGO CUOTAS,101.71,Servicios,cargo tc pago cuotas
2239,52477264,CARGO TC NETFLIX.COM,54.38,Ocio,cargo tc netflixcom
2240,79302042,DEBITO GASOLINERA,5.78,Transporte,debito gasolinera
2241,99877717,PAGO AUTOMATICO TIENDA ONLINE,8.38,Ocio,pago automatico tienda online
2242,21270088,TEF ENVIADA PEAJE TAG,14.49,Transporte,tef enviada peaje tag
2243,77842475,PAGO WEB PRONTO COPEC,27.51,Alimentación,pago web pronto copec
2244,57068114,CARGO TC NETFLIX.COM,11.47,Ocio,cargo tc netflixcom
2245,21832897,PAGO WEB EASY PORTAL,90.69,Vivienda,pago web easy portal
2246,52614301,DEBITO MCDONALDS WEB,37.51,Alimentación,debito mcdonalds web
2247,96210380,ABONO McDoN4LDS WEB,56.85,Alimentación,abono mcdonlds web
2248,27815365,DEBITO GASCO LIQUADO,53.47,Servicios,debito gasco liquado
2249,85838379,TEF ENVIADA PINTURAS SHERWIN,160.44,Vivienda,tef enviada pinturas sherwin
2250,33771581,CARGO TC DIDI RIDE,58.86,Transporte,cargo tc didi ride
2251,57667842,CARGO TC OPTICA VISION,91.02,Salud,cargo tc optica vision
2252,32880719,ABONO OPTICA VISION,15.14,Salud,abono optica vision
2253,86331139,PAGO AUTOMATICO TIENDA ONLINE,39.49,Servicios,pago automatico tienda online
2254,48747182,CARGO TC TIENDA ONLINE,16.41,Ocio,cargo tc tienda online
2255,46097873,PAGO WEB MERCADO CENTRAL,9.99,Ocio,pago web mercado central
2256,45010146,CARGO TC GASCO LIQUADO,14.4,Servicios,cargo tc gasco liquado
2257,73781582,DEBITO TIENDA ONLINE,12.69,Alimentación,debito tienda online
2258,98356175,CARGO TC PLATAFORMA APRENDIZAJE,92.37,Educación,cargo tc plataforma aprendizaje
2259,58168614,DEBITO PEDIDOSYA CL,52.81,Alimentación,debito pedidosya cl
2260,55187329,PAGO AUTOMATICO MCDONALDS WEB,40.63,Alimentación,pago automatico mcdonalds web
2261,72658369,CARGO TC MCDONALDS WEB,35.07,Alimentación,cargo tc mcdonalds web
2262,71263101,PAGO AUTOMATICO ENEL DISTRIBUCION,93.1,Servicios,pago automatico enel distribucion
2263,42693925,DEBITO TIENDA ONLINE,18.89,Ocio,debito tienda online
2264,50288578,PAGO AUTOMATICO CONSULTA ESPECIALISTA,15.62,Salud,pago automatico consulta especialista
2265,46153018,COMPRA TBK PEAJE TAG,57.47,Transporte,compra tbk peaje tag
2266,50343535,TEF ENVIADA SODIMAC HOME,360.31,Vivienda,tef enviada sodimac home
2267,86234095,TEF ENVIADA MERCADO CENTRAL,46.35,Ocio,tef enviada mercado central
2268,22133101,ABONO AUTOPISTA CENTRAL,22.01,Transporte,abono autopista central
2269,63149397,ABONO VTR BANDA ANCHA,33.15,Servicios,abono vtr banda ancha
2270,33094634,TEF ENVIADA DELIVERY COMIDA,21.57,Alimentación,tef enviada delivery comida
2271,68592599,TEF ENVIADA MCDONALDS WEB,9.96,Alimentación,tef enviada mcdonalds web
2272,60232033,DEBITO UBER TRIP,5.27,Transporte,debito uber trip
2273,62888132,COMPRA TBK AUTOPISTA CENTRAL,43.43,Transporte,compra tbk autopista central
2274,42580280,ABONO SERVICIOS GENERALES,317.07,Vivienda,abono servicios generales
2275,27921592,TEF ENVIADA VERDULERIA DON PEPE,26.99,Alimentación,tef enviada verduleria don pepe
2276,66987832,ABONO EXAMENES MED,93.57,Salud,abono examenes med
2277,88709162,CARGO TC COLEGIO MENSUALIDAD,13.77,Educación,cargo tc colegio mensualidad
2278,58624457,ABONO MATRICULA UNIV,57.58,Educación,abono matricula univ
2279,63442916,PAGO WEB ENEL DISTRIBUCION,138.04,Servicios,pago web enel distribucion
2280,15938855,TEF ENVIADA STEAM GAMES,16.62,Ocio,tef enviada steam games
2281,34142500,CARGO TC EASY PORTAL,199.0,Vivienda,cargo tc easy portal
2282,74512027,PAGO AUTOMATICO EXAMENES MED,14.88,Salud,pago automatico examenes med
2283,79437349,TEF ENVIADA CONDOMINIO GGCC,341.98,Vivienda,tef enviada condominio ggcc
2284,23610361,CARGO TC EASY PORTAL,279.55,Vivienda,cargo tc easy portal
2285,87132540,TEF ENVIADA SODIMAC HOME,227.44,Vivienda,tef enviada sodimac home
2286,99952040,COMPRA TBK EVENTO DEPORTIVO,27.09,Ocio,compra tbk evento deportivo
2287,95109767,CARGO TC ENEL DISTRIBUCION,26.23,Servicios,cargo tc enel distribucion
2288,73558440,PAGO WEB SERVICIOS GENERALES,109.68,Servicios,pago web servicios generales
2289,34003439,CARGO TC PAGO CUOTAS,147.3,Servicios,cargo tc pago cuotas
2290,30184631,ABONO PAGO CUOTAS,10.97,Educación,abono pago cuotas
2291,92479493,CARGO TC COMPRA EN AMAZON,45.02,Ocio,cargo tc compra en amazon
2292,15347831,COMPRA TBK SERVICIOS GENERALES,92.54,Vivienda,compra tbk servicios generales
2293,90440472,CARGO TC PAGO CUOTAS,290.24,Vivienda,cargo tc pago cuotas
2294,13158189,CARGO TC CENTRO MEDICO,85.98,Salud,cargo tc centro medico
2295,69964474,CARGO TC CARGA BIP WEB,22.85,Transporte,cargo tc carga bip web
2296,14914026,PAGO WEB NETFLIX.COM,34.22,Ocio,pago web netflixcom
2297,22693316,TEF ENVIADA ARRIENDO DEPT,94.12,Vivienda,tef enviada arriendo dept
2298,56356961,PAGO AUTOMATICO ESTACIONAMIENTO,58.45,Transporte,pago automatico estacionamiento
2299,80270865,TEF ENVIADA COMPRA EN AMAZON,36.3,Ocio,tef enviada compra en amazon
2300,29696511,CARGO TC LIDER EXPRESS,38.51,Alimentación,cargo tc lider express
2301,61259494,ABONO ENTRETENIMIENTO PLUS,33.19,Ocio,abono entretenimiento plus
2302,50531871,CARGO TC SPOTIFY PREMIUM,28.24,Ocio,cargo tc spotify premium
2303,97630141,DEBITO MCDONALDS WEB,45.85,Alimentación,debito mcdonalds web
2304,86624246,COMPRA TBK VERDULERIA DON PEPE,19.35,Alimentación,compra tbk verduleria don pepe
2305,60229157,DEBITO INTEGRAMEDICA,90.27,Salud,debito integramedica
2306,34926040,CARGO TC TAXI APP,20.23,Transporte,cargo tc taxi app
2307,34328360,PAGO WEB NETFLIX.COM,42.3,Ocio,pago web netflixcom
2308,65609738,PAGO AUTOMATICO CRUZ VERDE LOCAL,102.01,Salud,pago automatico cruz verde local
2309,95209019,PAGO AUTOMATICO EXAMENES MED,54.54,Salud,pago automatico examenes med
2310,39669864,COMPRA TBK DIDI RIDE,8.5,Transporte,compra tbk didi ride
2311,89890520,PAGO WEB OPTICA VISION,56.03,Salud,pago web optica vision
2312,30371382,PAGO WEB P4GO cUOTAS,211.68,Vivienda,pago web pgo cuotas
2313,32818813,TEF ENVIADA EVENTO DEPORTIVO,42.01,Ocio,tef enviada evento deportivo
2314,86680371,COMPRA TBK CENTRO MEDICO,145.48,Salud,compra tbk centro medico
2315,21152419,PAGO WEB EVENTO DEPORTIVO,16.42,Ocio,pago web evento deportivo
2316,52323961,CARGO TC PLATAFORMA APRENDIZAJE,73.21,Educación,cargo tc plataforma aprendizaje
2317,32378699,TEF ENVIADA SODIMAC HOME,268.49,Vivienda,tef enviada sodimac home
2318,13141814,PAGO AUTOMATICO PAGO CUOTAS,115.19,Educación,pago automatico pago cuotas
2319,82154472,TEF ENVIADA OPTICA VISION,28.44,Salud,tef enviada optica vision
2320,38360899,COMPRA TBK COLEGIO MENSUALIDAD,148.9,Educación,compra tbk colegio mensualidad
2321,63836946,TEF ENVIADA LIBRERIA UNIVERSITARIA,87.01,Educación,tef enviada libreria universitaria
2322,47430602,PAGO AUTOMATICO INTEGRAMEDICA,54.72,Salud,pago automatico integramedica
2323,94976274,DEBITO FARMACIA AHUMADA,116.65,Salud,debito farmacia ahumada
2324,76415389,TEF ENVIADA CENTRO MEDICO,115.96,Salud,tef enviada centro medico
2325,33840642,TEF ENVIADA OPTICA VISION,66.01,Salud,tef enviada optica vision
2326,72279909,ABONO TIENDA ONLINE,41.09,Alimentación,abono tienda online
2327,66116418,PAGO AUTOMATICO SPOTIFY PREMIUM,58.58,Ocio,pago automatico spotify premium
2328,91833362,DEBItO ARRIENDO DEPT,266.97,Vivienda,debito arriendo dept
2329,13064676,PAGO WEB SUPERMERCADO DIA,22.88,Alimentación,pago web supermercado dia
2330,22209308,PAGO WEB UBER TRIP,57.35,Transporte,pago web uber trip
2331,84095884,ABONO SUPERMERCADO DIA,33.12,Alimentación,abono supermercado dia
2332,42120359,PAGO AUTOMATICO UBER TRIP,14.64,Transporte,pago automatico uber trip
2333,18699029,CARGO TC STEAM GAMES,54.19,Ocio,cargo tc steam games
2334,90966708,PAGO AUTOMATICO GASOLINERA,29.4,Transporte,pago automatico gasolinera
2335,24919279,PAGO AUTOMATICO UBER TRIP,49.2,Transporte,pago automatico uber trip
2336,31376399,ABONO SERVICIO TECNICO,44.28,Servicios,abono servicio tecnico
2337,64538931,COMPRA TBK SPOTIFY PREMIUM,52.69,Ocio,compra tbk spotify premium
2338,44900534,COMPRA TBK SERVICIOS GENERALES,359.17,Vivienda,compra tbk servicios generales
2339,96850860,DEBITO COLEGIO MENSUALIDAD,148.49,Educación,debito colegio mensualidad
2340,18024377,PAGO AUTOMATICO NETFLIX.COM,21.11,Ocio,pago automatico netflixcom
2341,78660380,CARGO TC SODIMAC HOME,270.24,Vivienda,cargo tc sodimac home
2342,29593605,ABONO SERVICIOS GENERALES,346.47,Vivienda,abono servicios generales
2343,32676550,ABONO TIENDA ONLINE,61.31,Servicios,abono tienda online
2344,74772268,TEF ENVIADA RESTAURANT FANCY,16.55,Ocio,tef enviada restaurant fancy
2345,71504202,DEBITO PEDIDOSYA CL,54.46,Alimentación,debito pedidosya cl
2346,49633430,ABONO ARRIENDO DEPT,291.22,Vivienda,abono arriendo dept
2347,46950003,DEBITO OPTICA VISION,93.22,Salud,debito optica vision
2348,13481673,TEF ENVIADA VTR BANDA ANCHA,40.94,Servicios,tef enviada vtr banda ancha
2349,31246994,DEBITO CONSULTA ESPECIALISTA,89.47,Salud,debito consulta especialista
2350,49578072,DEBITO OPTICA VISION,31.62,Salud,debito optica vision
2351,61570031,TEF ENVIADA VTR BANDA ANCHA,46.02,Servicios,tef enviada vtr banda ancha
2352,50662142,ABONO COPEC SANTIAGO,13.16,Transporte,abono copec santiago
2353,79366132,CARGO TC PRONTO COPEC,27.32,Alimentación,cargo tc pronto copec
2354,88803982,CARGO TC MATRICULA UNIV,129.37,Educación,cargo tc matricula univ
2355,75128586,PAGO AUTOMATICO CONSULTA ESPECIALISTA,100.77,Salud,pago automatico consulta especialista
2356,60985606,PAGO AUTOMATICO PAGO CUOTAS,11.99,Servicios,pago automatico pago cuotas
2357,40106377,TEF ENVIADA PEDIDOSYA CL,13.25,Alimentación,tef enviada pedidosya cl
2358,76946493,DEBITO COLEGIO MENSUALIDAD,74.31,Educación,debito colegio mensualidad
2359,80345971,ABONO NETFLIX.COM,54.4,Ocio,abono netflixcom
2360,63484586,CARGO TC STEAM GAMES,39.45,Ocio,cargo tc steam games
2361,81773449,CARGO TC FARMACIA AHUMADA,128.52,Salud,cargo tc farmacia ahumada
2362,86061476,ABONO COLEGIO MENSUALIDAD,83.21,Educación,abono colegio mensualidad
2363,97349865,ABONO CARGA BIP WEB,52.16,Transporte,abono carga bip web
2364,18545499,TEf ENVI4DA ESTACIONAMI3NTO,54.84,Transporte,tef envida estacionaminto
2365,40546109,CARGO TC PEAJE TAG,18.42,Transporte,cargo tc peaje tag
2366,82066013,PAGO AUTOMATICO TIENDA ONLINE,133.43,Servicios,pago automatico tienda online
2367,36363828,ABONO PEDIDOSYA CL,31.31,Alimentación,abono pedidosya cl
2368,82795512,PAGO AUTOMATICO EASY PORTAL,256.28,Vivienda,pago automatico easy portal
2369,88076270,CARGO TC CURSO IDIOMAS,70.17,Educación,cargo tc curso idiomas
2370,89045858,ABONO MERCADO CENTRAL,49.32,Alimentación,abono mercado central
2371,64649280,COMPRA TBK CURSO IDIOMAS,94.19,Educación,compra tbk curso idiomas
2372,79014787,CARGO TC CONDOMINIO GGCC,149.31,Vivienda,cargo tc condominio ggcc
2373,43423167,CARGO TC BAR LA ESQUINA,23.76,Ocio,cargo tc bar la esquina
2374,69061679,PAGO WEB MERCADO CENTRAL,11.13,Ocio,pago web mercado central
2375,67984060,PAGO 4UTOMATICO VTR BANDA ANCHA,104.22,Servicios,pago utomatico vtr banda ancha
2376,82288338,CARGO TC MERCADO CENTRAL,50.24,Alimentación,cargo tc mercado central
2377,51231731,ABONO SHELL RUTA 5,32.6,Transporte,abono shell ruta 
2378,91809287,COMPRA TBK OPTICA VISION,39.44,Salud,compra tbk optica vision
2379,63182430,CARGO TC CINEMARK ONLINE,48.22,Ocio,cargo tc cinemark online
2380,53712198,PAGO WEB VTR BANDA ANCHA,143.94,Servicios,pago web vtr banda ancha
2381,40698761,ABONO SERVICIOS GENERALES,376.5,Vivienda,abono servicios generales
2382,54791430,CARGO TC PINTURAS SHERWIN,304.35,Vivienda,cargo tc pinturas sherwin
2383,85603021,PAGO AUTOMATICO SERVICIO TECNICO,65.1,Servicios,pago automatico servicio tecnico
2384,17423236,ABONO SODIMAC HOME,389.04,Vivienda,abono sodimac home
2385,12614510,PAGO AUTOMATICO CLINICA INDISA,124.59,Salud,pago automatico clinica indisa
2386,49566968,DEBITO DIDI RIDE,50.79,Transporte,debito didi ride
2387,53712718,PAGO AUTOMATICO PEDIDOSYA CL,35.69,Alimentación,pago automatico pedidosya cl
2388,77503923,ABONO STEAM GAMES,29.21,Ocio,abono steam games
2389,53685593,COMPRA TBK FARMACIA AHUMADA,111.2,Salud,compra tbk farmacia ahumada
2390,16174008,PAGO AUTOMATICO COMPRA EN AMAZON,47.97,Ocio,pago automatico compra en amazon
2391,91430545,TEF ENVIADA PAGO CUOTAS,255.14,Vivienda,tef enviada pago cuotas
2392,47050296,COMPRA TBK LIDER EXPRESS,34.58,Alimentación,compra tbk lider express
2393,19930603,COMPRA TBK PINTURAS SHERWIN,163.59,Vivienda,compra tbk pinturas sherwin
2394,30188973,ABONO TALLER AUTOMOTRIZ,92.57,Servicios,abono taller automotriz
2395,42913766,PAGO WEB SISTEMA DUOC,55.9,Educación,pago web sistema duoc
2396,49113647,PAGO WEB LIBRERIA UNIVERSITARIA,106.54,Educación,pago web libreria universitaria
2397,52139163,ABONO SHELL RUTA 5,57.65,Transporte,abono shell ruta 
2398,34714856,DEBITO OPTICA VISION,54.98,Salud,debito optica vision
2399,44765857,CARGO TC ESTACIONAMIENTO,19.04,Transporte,cargo tc estacionamiento
2400,65133817,TEF ENVIADA NETFLIX.COM,28.5,Ocio,tef enviada netflixcom
2401,12174497,AbONO SERVIcIOS gENERALES,89.2,Servicios,abono servicios generales
2402,82317772,ABONO TIENDA ONLINE,32.06,Alimentación,abono tienda online
2403,20140494,DEBITO PLATAFORMA APRENDIZAJE,89.14,Educación,debito plataforma aprendizaje
2404,78920851,PAGO WEB COLEGIO MENSUALIDAD,128.48,Educación,pago web colegio mensualidad
2405,35620480,PAGO AUTOMATICO SUPERMERCADO DIA,46.35,Alimentación,pago automatico supermercado dia
2406,72507231,PAGO AUTOMATICO BANCO DEL ESTADO,73.18,Servicios,pago automatico banco del estado
2407,34383847,DEBITO CINEMARK ONLINE,40.63,Ocio,debito cinemark online
2408,68035365,PAGO WEB OPTICA VISION,134.52,Salud,pago web optica vision
2409,62337867,COMPRA TBK PINTURAS SHERWIN,56.61,Vivienda,compra tbk pinturas sherwin
2410,39915787,PAGO AUTOMATICO AUTOPISTA CENTRAL,37.14,Transporte,pago automatico autopista central
2411,99308727,PAGO WEB SERVICIO TECNICO,38.05,Servicios,pago web servicio tecnico
2412,87424312,CARGO TC TIENDA ONLINE,31.36,Servicios,cargo tc tienda online
2413,23542098,TEF ENVIADA VTR BANDA ANCHA,13.67,Servicios,tef enviada vtr banda ancha
2414,56777508,ABONO UDEMY COURSES,143.65,Educación,abono udemy courses
2415,37071907,TEF ENVIADA CONSULTA ESPECIALISTA,52.41,Salud,tef enviada consulta especialista
2416,39156896,TEF ENVIADA PINTURAS SHERWIN,320.32,Vivienda,tef enviada pinturas sherwin
2417,60346941,PAGO AUTOMATICO MCDONALDS WEB,6.4,Alimentación,pago automatico mcdonalds web
2418,61070501,PAGO AUTOMAT1CO GASCO LIqUADO,92.63,Servicios,pago automatco gasco liquado
2419,87618586,TEF ENVIADA LIDER EXPRESS,44.85,Alimentación,tef enviada lider express
2420,75647021,ABONO MCDONALDS WEB,45.74,Alimentación,abono mcdonalds web
2421,22185758,PAGO AUTOMATICO CONSULTA ESPECIALISTA,121.97,Salud,pago automatico consulta especialista
2422,71331294,CARGO TC OPTICA VISION,12.26,Salud,cargo tc optica vision
2423,23430634,PAGO AUTOMATICO SERVICIOS GENERALES,174.14,Vivienda,pago automatico servicios generales
2424,97510205,PAGO AUTOMATICO FARMACIA AHUMADA,52.1,Salud,pago automatico farmacia ahumada
2425,62302797,DEBITO SPOTIFY PREMIUM,53.18,Ocio,debito spotify premium
2426,53388690,DEBITO PRONTO COPEC,7.5,Alimentación,debito pronto copec
2427,27172930,TEF ENVIADA GASCO LIQUADO,82.61,Servicios,tef enviada gasco liquado
2428,31136969,ABONO eST4CIOnAMIENTO,28.06,Transporte,abono estcionamiento
2429,99747074,TEF ENVIADA PEAJE TAG,14.99,Transporte,tef enviada peaje tag
2430,51079324,COMPRA TBK MCDONALDS WEB,27.2,Alimentación,compra tbk mcdonalds web
2431,13466848,PAGO WEB EXAMENES MED,56.42,Salud,pago web examenes med
2432,64714435,DEBITO SODIMAC HOME,66.27,Vivienda,debito sodimac home
2433,12005006,TEF ENVIADA HOME CENTER,172.03,Vivienda,tef enviada home center
2434,25087493,PAGO AUTOMATICO SHELL RUTA 5,58.28,Transporte,pago automatico shell ruta 
2435,69111612,ABONO SERVICIOS GENERALES,97.04,Vivienda,abono servicios generales
2436,44475383,CARGO TC UDEMY COURSES,27.95,Educación,cargo tc udemy courses
2437,99715417,CARGO TC MERCADO CENTRAL,44.4,Ocio,cargo tc mercado central
2438,86670472,DEBITO PAGO CUOTAS,118.7,Vivienda,debito pago cuotas
2439,29138848,TEF ENVIADA PEAJE TAG,17.41,Transporte,tef enviada peaje tag
2440,92545856,DEBITO LIDER EXPRESS,10.79,Alimentación,debito lider express
2441,50414051,TEF ENVIADA CARGA BIP WEB,23.07,Transporte,tef enviada carga bip web
2442,45799340,PAGO WEB HOME CENTER,315.96,Vivienda,pago web home center
2443,29491232,PAGO AUTOMATICO AUTOPISTA CENTRAL,36.87,Transporte,pago automatico autopista central
2444,61677853,DEBITO ENEL DISTRIBUCION,98.46,Servicios,debito enel distribucion
2445,74528712,TeF ENV1AD4 GASCO LIQUADO,77.74,Servicios,tef envad gasco liquado
2446,87470671,DEBITO INTEGRAMEDICA,66.79,Salud,debito integramedica
2447,69037412,PAGO WEB ESTACIONAMIENTO,11.48,Transporte,pago web estacionamiento
2448,35007366,CARGO TC CONSULTA ESPECIALISTA,45.74,Salud,cargo tc consulta especialista
2449,99019649,ABONO SERVICIOS GENERALES,23.51,Servicios,abono servicios generales
2450,18471523,ABONO SERVICIO TECNICO,119.47,Servicios,abono servicio tecnico
2451,40484208,PAGO WEB SODIMAC HOME,391.28,Vivienda,pago web sodimac home
2452,49689985,COMPRA TBK AGUAS ANDINAS,27.68,Servicios,compra tbk aguas andinas
2453,21135674,PAGO AUTOMATICO EXAMENES MED,145.28,Salud,pago automatico examenes med
2454,78572457,PAGO AUTOMATICO MATRICULA UNIV,37.28,Educación,pago automatico matricula univ
2455,36665991,TEF ENVIADA BANCO DEL ESTADO,112.68,Servicios,tef enviada banco del estado
2456,80470377,PAGO WEB CLINICA INDISA,16.58,Salud,pago web clinica indisa
2457,81252175,PAGO WEB PLATAFORMA APRENDIZAJE,33.35,Educación,pago web plataforma aprendizaje
2458,95135998,DEBITO SHELL RUTA 5,52.24,Transporte,debito shell ruta 
2459,91827925,PAGO WEB UBER TRIP,28.32,Transporte,pago web uber trip
2460,63804242,COMPRA TBK CARGA BIP WEB,21.31,Transporte,compra tbk carga bip web
2461,28269700,PAGO AUTOMATICO PAGO CUOTAS,111.02,Educación,pago automatico pago cuotas
2462,84592492,COMPRA TBK CRUZ VERDE LOCAL,103.54,Salud,compra tbk cruz verde local
2463,17948672,PAGO WEB GASOLINERA,46.53,Transporte,pago web gasolinera
2464,42542841,PAGO AUTOMATICO UBER TRIP,26.52,Transporte,pago automatico uber trip
2465,43362943,PAGO AUTOMATICO TAXI APP,50.89,Transporte,pago automatico taxi app
2466,63880436,CARGO TC ALMACEN VECINAL,11.79,Alimentación,cargo tc almacen vecinal
2467,69509638,DEBITO COMPRA EN AMAZON,12.83,Ocio,debito compra en amazon
2468,79876471,COMPRA TBK CONSULTA ESPECIALISTA,53.56,Salud,compra tbk consulta especialista
2469,98640264,PAGO WEB DELIVERY COMIDA,29.1,Alimentación,pago web delivery comida
2470,70984164,PAGO WEB AGUAS ANDINAS,31.51,Servicios,pago web aguas andinas
2471,15499119,CARGO TC SERVICIO TECNICO,63.41,Servicios,cargo tc servicio tecnico
2472,88514495,DEBITO FARMACIA AHUMADA,33.58,Salud,debito farmacia ahumada
2473,80174304,ABONO EVENTO DEPORTIVO,10.67,Ocio,abono evento deportivo
2474,42385743,PAGO WEB COMPRA EN AMAZON,52.81,Ocio,pago web compra en amazon
2475,68046122,ABONO EVENTO DEPORTIVO,28.19,Ocio,abono evento deportivo
2476,47026058,ABONO SPOTIFY PREMIUM,54.76,Ocio,abono spotify premium
2477,43722078,CARGO TC MERCADO CENTRAL,59.07,Ocio,cargo tc mercado central
2478,75169251,COMPRA TBK JUMBO BILBAO,18.35,Alimentación,compra tbk jumbo bilbao
2479,45668920,PAGO WEB ARRIENDO DEPT,86.39,Vivienda,pago web arriendo dept
2480,85916242,PAGO WEB SERVICIOS GENERALES,62.62,Servicios,pago web servicios generales
2481,89234500,COMPRA TBK PAGO CUOTAS,127.35,Educación,compra tbk pago cuotas
2482,42026271,PAGO WEB SPOTIFY PREMIUM,24.84,Ocio,pago web spotify premium
2483,15350579,PAGO AUTOMATICO COMPRA EN AMAZON,24.1,Ocio,pago automatico compra en amazon
2484,80164383,ABONO SERVICIOS GENERALES,15.22,Servicios,abono servicios generales
2485,38996335,DEBITO SERVICIOS GENERALES,248.43,Vivienda,debito servicios generales
2486,65317019,CARGO TC DELIVERY COMIDA,49.1,Alimentación,cargo tc delivery comida
2487,58128991,ABONO EVENTO DEPORTIVO,50.01,Ocio,abono evento deportivo
2488,16415488,TEF ENVIADA CONSULTA ESPECIALISTA,55.43,Salud,tef enviada consulta especialista
2489,31554308,CARGO TC ENTRETENIMIENTO PLUS,16.52,Ocio,cargo tc entretenimiento plus
2490,63864375,DEBITO PAGO CUOTAS,115.46,Servicios,debito pago cuotas
2491,21927856,ABONO VTR BANDA ANCHA,56.73,Servicios,abono vtr banda ancha
2492,40544052,DEBITO TIENDA ONLINE,54.31,Educación,debito tienda online
2493,64501157,DEBITO FARMACIA AHUMADA,53.81,Salud,debito farmacia ahumada
2494,45524800,ABONO CONDOMINIO GGCC,349.59,Vivienda,abono condominio ggcc
2495,58514771,CARGO TC REPARACIONES HOGAR,314.17,Vivienda,cargo tc reparaciones hogar
2496,88094160,COMPRA TBK AUTOPISTA CENTRAL,22.08,Transporte,compra tbk autopista central
2497,82243277,CARGO TC TIENDA ONLINE,34.91,Educación,cargo tc tienda online
2498,90258091,TEF ENVIADA COLEGIO MENSUALIDAD,138.06,Educación,tef enviada colegio mensualidad
2499,55656032,ABONO TIENDA ONLINE,34.31,Ocio,abono tienda online
2500,49448235,PAGO AUTOMATICO CONDOMINIO GGCC,264.7,Vivienda,pago automatico condominio ggcc
2501,15472438,TEF ENVIADA PEDIDOSYA CL,18.52,Alimentación,tef enviada pedidosya cl
2502,39390348,COMPRA TBK CARGA BIP WEB,18.49,Transporte,compra tbk carga bip web
2503,29512130,DEBITO ESTACIONAMIENTO,5.68,Transporte,debito estacionamiento
2504,68914857,ABONO COPEC SANTIAGO,27.8,Transporte,abono copec santiago
2505,79601473,PAGO AUTOMATICO SISTEMA DUOC,91.33,Educación,pago automatico sistema duoc
2506,58851081,PAGO AUTOMATICO COMPRA EN AMAZON,49.19,Ocio,pago automatico compra en amazon
2507,41501680,CARGO TC CENTRO MEDICO,54.82,Salud,cargo tc centro medico
2508,43137733,DEBITO FARMACIA AHUMADA,121.38,Salud,debito farmacia ahumada
2509,78109300,COMPRA TBK MATRICULA UNIV,109.17,Educación,compra tbk matricula univ
2510,91079800,COMPRA TBK PLATAFORMA APRENDIZAJE,41.9,Educación,compra tbk plataforma aprendizaje
2511,17140578,PAGO AUTOMATICO INTEGRAMEDICA,74.43,Salud,pago automatico integramedica
2512,32997024,PAGO WEB PAGO CUOTAS,57.74,Vivienda,pago web pago cuotas
2513,56654498,DEBITO HOME CENTER,216.82,Vivienda,debito home center
2514,18779551,COMPRA TBK CINEMARK ONLINE,57.51,Ocio,compra tbk cinemark online
2515,63183240,DEBItO EXAMENeS MED,40.13,Salud,debito examenes med
2516,50890916,PAGO WEB PINTURAS SHERWIN,165.69,Vivienda,pago web pinturas sherwin
2517,82425578,PAGO AUTOMATICO TIENDA ONLINE,147.22,Educación,pago automatico tienda online
2518,26063631,AbONO PLATAfORMA ApRENDIZAJE,118.45,Educación,abono plataforma aprendizaje
2519,31636866,COMPRA TBK SUPERMERCADO DIA,45.29,Alimentación,compra tbk supermercado dia
2520,34070716,ABONO GASOLINERA,50.97,Transporte,abono gasolinera
2521,54532115,PAGO AUTOMATICO DELIVERY COMIDA,9.9,Alimentación,pago automatico delivery comida
2522,73673905,ABONO SERVICIOS GENERALES,98.48,Vivienda,abono servicios generales
2523,33811694,COMPRA TBK CLINICA INDISA,109.02,Salud,compra tbk clinica indisa
2524,63878721,COMPRA TBK OPTICA VISION,38.09,Salud,compra tbk optica vision
2525,22620209,CARGO TC FARMACIA AHUMADA,83.34,Salud,cargo tc farmacia ahumada
2526,17938468,COMPRA TBK SUPERMERCADO DIA,42.55,Alimentación,compra tbk supermercado dia
2527,81017414,COMPRA TBK MCDONALDS WEB,5.69,Alimentación,compra tbk mcdonalds web
2528,33138191,CArGO TC CEnTRO MEdICO,36.39,Salud,cargo tc centro medico
2529,56338397,TEF ENVIADA CURSO IDIOMAS,23.58,Educación,tef enviada curso idiomas
2530,33746912,PAGO WEB CINEMARK ONLINE,54.03,Ocio,pago web cinemark online
2531,69741176,PAGO WEB CINEMARK ONLINE,6.67,Ocio,pago web cinemark online
2532,51831014,ABONO TIENDA ONLINE,56.43,Alimentación,abono tienda online
2533,79590395,DEBITO PEDIDOSYA CL,14.21,Alimentación,debito pedidosya cl
2534,92301184,TEF ENVIADA MERCADO CENTRAL,55.6,Alimentación,tef enviada mercado central
2535,70120895,ABONO HOME CENTER,380.4,Vivienda,abono home center
2536,59082552,COMPRA TBK MERCADO CENTRAL,12.78,Ocio,compra tbk mercado central
2537,15582167,TEF ENVIADA SERVICIOS GENERALES,60.16,Servicios,tef enviada servicios generales
2538,99055153,ABONO EASY PORTAL,279.18,Vivienda,abono easy portal
2539,83334032,PAGO WEB TIENDA ONLINE,100.05,Educación,pago web tienda online
2540,36580682,TEF ENVIADA CONSULTA ESPECIALISTA,51.01,Salud,tef enviada consulta especialista
2541,21058049,PAGO AUTOMATICO TIENDA ONLINE,31.98,Ocio,pago automatico tienda online
2542,91827614,CARGO TC EASY PORTAL,186.08,Vivienda,cargo tc easy portal
2543,17397482,ABONO PINTURAS SHERWIN,234.64,Vivienda,abono pinturas sherwin
2544,88848869,COMPRA TBK ALMACEN VECINAL,46.13,Alimentación,compra tbk almacen vecinal
2545,16436549,TEF ENVIADA TIENDA ONLINE,84.8,Educación,tef enviada tienda online
2546,82177418,PAGO AUTOMATICO PRONTO COPEC,7.88,Alimentación,pago automatico pronto copec
2547,78232914,ABONO BANCO DEL ESTADO,83.36,Servicios,abono banco del estado
2548,16002311,CARGO TC PEAJE TAG,55.09,Transporte,cargo tc peaje tag
2549,52991351,TEF ENVIADA MERCADO CENTRAL,9.01,Alimentación,tef enviada mercado central
2550,92277755,TEF ENVIADA ESTACIONAMIENTO,5.86,Transporte,tef enviada estacionamiento
2551,48982422,DEBITO ARRIENDO DEPT,51.66,Vivienda,debito arriendo dept
2552,40651547,TEF ENVIADA AUTOPISTA CENTRAL,25.45,Transporte,tef enviada autopista central
2553,90363084,COMPRA TBK TALLER AUTOMOTRIZ,44.46,Servicios,compra tbk taller automotriz
2554,94045854,PAGO AUTOMATICO BAR LA ESQUINA,22.04,Ocio,pago automatico bar la esquina
2555,65819457,PAGO AUTOMATICO BAR LA ESQUINA,50.3,Ocio,pago automatico bar la esquina
2556,75527308,ABONO PINTURAS SHERWIN,138.7,Vivienda,abono pinturas sherwin
2557,70280967,DEBITO DELIVERY COMIDA,12.09,Alimentación,debito delivery comida
2558,25472405,COMPRA TBK STEAM GAMES,13.74,Ocio,compra tbk steam games
2559,53940007,COMPRA TBK SERVICIOS GENERALES,33.43,Servicios,compra tbk servicios generales
2560,63446108,DEBITO BAR LA ESQUINA,20.66,Ocio,debito bar la esquina
2561,24561556,ABONO EXAMENES MED,116.54,Salud,abono examenes med
2562,76836028,COMPRA TBK ARRIENDO DEPT,120.28,Vivienda,compra tbk arriendo dept
2563,24952744,PAGO AUTOMATICO UDEMY COURSES,42.01,Educación,pago automatico udemy courses
2564,19046325,TEF ENVIADA TALLER AUTOMOTRIZ,43.85,Servicios,tef enviada taller automotriz
2565,69327432,PAGO AUTOMATICO PLATAFORMA APRENDIZAJE,93.58,Educación,pago automatico plataforma aprendizaje
2566,35363046,PAGO WEB DELIVERY COMIDA,47.27,Alimentación,pago web delivery comida
2567,30496460,COMPRA TBK RESTAURANT FANCY,23.77,Ocio,compra tbk restaurant fancy
2568,96454359,CARGO TC CLINICA INDISA,17.9,Salud,cargo tc clinica indisa
2569,40230610,CARGO TC CONDOMINIO GGCC,114.39,Vivienda,cargo tc condominio ggcc
2570,13397006,DEBITO AUTOPISTA CENTRAL,52.92,Transporte,debito autopista central
2571,84739562,PAGO WEB ALMACEN VECINAL,13.86,Alimentación,pago web almacen vecinal
2572,18741781,COMPRA TBK PLATAFORMA APRENDIZAJE,67.39,Educación,compra tbk plataforma aprendizaje
2573,53171972,PAGO WEB UDEMY COURSES,61.85,Educación,pago web udemy courses
2574,61165595,DEBITO SHELL RUTA 5,5.19,Transporte,debito shell ruta 
2575,40134305,ABONO VERDULERIA DON PEPE,46.92,Alimentación,abono verduleria don pepe
2576,97088867,PAGO WEB SUPERMERCADO DIA,50.32,Alimentación,pago web supermercado dia
2577,61911006,CARGO TC SERVICIOS GENERALES,207.38,Vivienda,cargo tc servicios generales
2578,43560111,DEBITO STEAM GAMES,23.98,Ocio,debito steam games
2579,30553823,PAGO AUTOMATICO EVENTO DEPORTIVO,29.98,Ocio,pago automatico evento deportivo
2580,33401284,TEF ENVIADA INTEGRAMEDICA,144.83,Salud,tef enviada integramedica
2581,12810133,TEF ENVIADA PINTURAS SHERWIN,201.11,Vivienda,tef enviada pinturas sherwin
2582,82678701,COMPRA TBK CLINICA INDISA,129.24,Salud,compra tbk clinica indisa
2583,37930832,ABONO CONDOMINIO GGCC,379.66,Vivienda,abono condominio ggcc
2584,69578294,PAGO AUTOMATICO SERVICIOS GENERALES,383.33,Vivienda,pago automatico servicios generales
2585,63537178,CARGO TC REPARACIONES HOGAR,96.59,Vivienda,cargo tc reparaciones hogar
2586,35630898,TEF ENVIADA SISTEMA DUOC,89.57,Educación,tef enviada sistema duoc
2587,72193264,ABONO BANCO DEL ESTADO,86.75,Servicios,abono banco del estado
2588,38657321,CARGO TC TALLER AUTOMOTRIZ,65.0,Servicios,cargo tc taller automotriz
2589,50308304,PAGO WEB EASY PORTAL,366.64,Vivienda,pago web easy portal
2590,39149156,PAGO AUTOMATICO TIENDA ONLINE,57.28,Servicios,pago automatico tienda online
2591,69455815,PAGO WEB TAXI APP,6.31,Transporte,pago web taxi app
2592,46684386,PAGO WEB TAXI APP,59.1,Transporte,pago web taxi app
2593,63938948,ABONO COMPRA EN AMAZON,36.63,Ocio,abono compra en amazon
2594,72891711,TEF ENVIADA GASCO LIQUADO,44.4,Servicios,tef enviada gasco liquado
2595,52441605,ABONO CINEMARK ONLINE,38.57,Ocio,abono cinemark online
2596,14738104,PAGO WEB TIENDA ONLINE,104.67,Servicios,pago web tienda online
2597,22072478,COMPRA TBK AGUAS ANDINAS,53.86,Servicios,compra tbk aguas andinas
2598,38589967,DEBITO INTEGRAMEDICA,53.06,Salud,debito integramedica
2599,88309134,PAGO WEB PEDIDOSYA CL,54.75,Alimentación,pago web pedidosya cl
2600,48888385,CARGO TC PAGO CUOTAS,156.13,Vivienda,cargo tc pago cuotas
2601,30403362,TEF ENVIADA PAGO CUOTAS,32.86,Servicios,tef enviada pago cuotas
2602,85385275,PAGO WEB TIENDA ONLINE,35.38,Alimentación,pago web tienda online
2603,43472531,DEBITO PINTURAS SHERWIN,391.64,Vivienda,debito pinturas sherwin
2604,15285272,PAGO AUTOMATICO CINEMARK ONLINE,12.46,Ocio,pago automatico cinemark online
2605,12678196,PAGO AUTOMATICO PAGO CUOTAS,255.16,Vivienda,pago automatico pago cuotas
2606,34405301,PAGO AUTOMATICO SERVICIO TECNICO,72.63,Servicios,pago automatico servicio tecnico
2607,55604049,DEBITO MERCADO CENTRAL,59.33,Alimentación,debito mercado central
2608,50279349,TEF ENVIADA FARMACIA AHUMADA,104.83,Salud,tef enviada farmacia ahumada
2609,36458585,ABONO SHELL RUTA 5,57.89,Transporte,abono shell ruta 
2610,21149828,DEBITO EXAMENES MED,59.66,Salud,debito examenes med
2611,89231776,COMPRA TBK SERVICIOS GENERALES,68.48,Servicios,compra tbk servicios generales
2612,78910441,ABONO AUTOPISTA CENTRAL,20.41,Transporte,abono autopista central
2613,32398512,PAGO AUTOMATICO UDEMY COURSES,17.28,Educación,pago automatico udemy courses
2614,68109521,CARGO TC CARGA BIP WEB,23.56,Transporte,cargo tc carga bip web
2615,83990759,DEBITO OPTICA VISION,14.39,Salud,debito optica vision
2616,12578612,COMPRA TBK TIENDA ONLINE,52.38,Servicios,compra tbk tienda online
2617,46276862,PAGO AUTOMATICO ESTACIONAMIENTO,43.33,Transporte,pago automatico estacionamiento
2618,66977334,ABONO CONSULTA ESPECIALISTA,67.01,Salud,abono consulta especialista
2619,84139544,CARGO TC CLINICA INDISA,37.01,Salud,cargo tc clinica indisa
2620,21381032,COMPRA TBK EXAMENES MED,122.77,Salud,compra tbk examenes med
2621,24367955,COMPRA TBK FARMACIA AHUMADA,44.01,Salud,compra tbk farmacia ahumada
2622,41802263,COMPRA TBK AUTOPISTA CENTRAL,47.84,Transporte,compra tbk autopista central
2623,55786338,COMPRA TBK AGUAS ANDINAS,131.82,Servicios,compra tbk aguas andinas
2624,71842562,TEF ENVIADA COLEGIO MENSUALIDAD,98.34,Educación,tef enviada colegio mensualidad
2625,28618004,PAGO WEB FARMACIA AHUMADA,37.93,Salud,pago web farmacia ahumada
2626,22292455,TEF ENVIADA SPOTIFY PREMIUM,5.21,Ocio,tef enviada spotify premium
2627,20658492,TEF ENVIADA BANCO DEL ESTADO,64.17,Servicios,tef enviada banco del estado
2628,36481124,TEF ENVIADA MERCADO CENTRAL,43.95,Ocio,tef enviada mercado central
2629,89431668,PAGO AUTOMATICO CONDOMINIO GGCC,352.75,Vivienda,pago automatico condominio ggcc
2630,20678134,TEF ENVIADA MERCADO CENTRAL,14.67,Alimentación,tef enviada mercado central
2631,87233454,TEF ENVIADA CARGA BIP WEB,58.5,Transporte,tef enviada carga bip web
2632,35259577,DEBITO SPOTIFY PREMIUM,15.29,Ocio,debito spotify premium
2633,89498261,TEF ENVIADA INTEGRAMEDICA,51.54,Salud,tef enviada integramedica
2634,67246989,DEBITO HOME CENTER,137.83,Vivienda,debito home center
2635,18270439,PAgO WEB iNTEGRAMEDICA,18.79,Salud,pago web integramedica
2636,67726344,PAGO WEB CRUZ VERDE LOCAL,21.19,Salud,pago web cruz verde local
2637,21842256,COMPRA TBK SERVICIOS GENERALES,54.58,Servicios,compra tbk servicios generales
2638,18842104,DEBITO SERVICIO TECNICO,89.69,Servicios,debito servicio tecnico
2639,74484747,PAGO AUTOMATICO RESTAURANT FANCY,25.37,Ocio,pago automatico restaurant fancy
2640,35539627,CARGO TC OPTICA VISION,41.94,Salud,cargo tc optica vision
2641,72403836,DEBITO COPEC SANTIAGO,53.4,Transporte,debito copec santiago
2642,72329716,PAGO AUTOMATICO CENTRO MEDICO,73.3,Salud,pago automatico centro medico
2643,28714249,PAGO AUTOMATICO TAXI APP,48.35,Transporte,pago automatico taxi app
2644,68301666,PAGO AUTOMATICO CONDOMINIO GGCC,326.98,Vivienda,pago automatico condominio ggcc
2645,34683931,TEF ENVIADA CINEMARK ONLINE,16.93,Ocio,tef enviada cinemark online
2646,55273682,PAGO AUTOMATICO VERDULERIA DON PEPE,15.88,Alimentación,pago automatico verduleria don pepe
2647,83729641,TEF ENVIADA SERVICIOS GENERALES,147.18,Vivienda,tef enviada servicios generales
2648,68096981,PAGO WEB ESTACIONAMIENTO,28.93,Transporte,pago web estacionamiento
2649,18020907,PAGO AUTOMATICO VTR BANDA ANCHA,59.47,Servicios,pago automatico vtr banda ancha
2650,91579904,CARGO TC LIDER EXPRESS,20.91,Alimentación,cargo tc lider express
2651,65880935,PAGO AUTOMATICO PEAJE TAG,31.98,Transporte,pago automatico peaje tag
2652,93011005,CARGO TC CLINICA INDISA,70.06,Salud,cargo tc clinica indisa
2653,55781296,TEF ENVIADA SUPERMERCADO DIA,44.86,Alimentación,tef enviada supermercado dia
2654,73555187,CARGO TC VTR BANDA ANCHA,18.84,Servicios,cargo tc vtr banda ancha
2655,53781905,PAGO AUTOMATICO REPARACIONES HOGAR,290.9,Vivienda,pago automatico reparaciones hogar
2656,73912828,DEBITO SERVICIO TECNICO,120.15,Servicios,debito servicio tecnico
2657,36088942,PAGO WEB PLATAFORMA APRENDIZAJE,136.26,Educación,pago web plataforma aprendizaje
2658,41812000,DEBITO INTEGRAMEDICA,123.87,Salud,debito integramedica
2659,12603460,PAGO WEB ESTACIONAMIENTO,22.24,Transporte,pago web estacionamiento
2660,53171794,ABONO VERDULERIA DON PEPE,9.47,Alimentación,abono verduleria don pepe
2661,45702898,PAGO WEB PAGO CUOTAS,73.42,Vivienda,pago web pago cuotas
2662,29204323,ABONO ARRIENDO DEPT,177.32,Vivienda,abono arriendo dept
2663,94969193,PAGO AUTOMATICO ENEL DISTRIBUCION,10.43,Servicios,pago automatico enel distribucion
2664,46608900,PAGO WEB OPTICA VISION,143.93,Salud,pago web optica vision
2665,36851375,PAGO WEB REPARACIONES HOGAR,338.45,Vivienda,pago web reparaciones hogar
2666,49677387,PAGO WEB STEAM GAMES,45.34,Ocio,pago web steam games
2667,47910637,PAGO WEB STEAM GAMES,18.65,Ocio,pago web steam games
2668,11464854,DEBITO SERVICIOS GENERALES,154.36,Vivienda,debito servicios generales
2669,29812515,CArGO TC UB3R TRIP,29.57,Transporte,cargo tc ubr trip
2670,52156045,TEF ENVIADA HOME CENTER,87.71,Vivienda,tef enviada home center
2671,91408752,CARGO TC OPTICA VISION,73.47,Salud,cargo tc optica vision
2672,12275825,TEF ENVIADA GASOLINERA,11.82,Transporte,tef enviada gasolinera
2673,29025744,PAGO WEB SERVICIO TECNICO,54.14,Servicios,pago web servicio tecnico
2674,53836914,PAGO WEB T1ENDA ONLInE,38.72,Ocio,pago web tenda online
2675,85915813,DEBITO ENEL DISTRIBUCION,115.91,Servicios,debito enel distribucion
2676,27698856,COMPRA TBK TIENDA ONLINE,32.32,Alimentación,compra tbk tienda online
2677,31928724,TEF ENVIADA MCDONALDS WEB,56.71,Alimentación,tef enviada mcdonalds web
2678,57926605,ABONO SHELL RUTA 5,23.6,Transporte,abono shell ruta 
2679,63762236,ABONO REPARACIONES HOGAR,240.79,Vivienda,abono reparaciones hogar
2680,30801601,DEBITO PAGO CUOTAS,86.73,Educación,debito pago cuotas
2681,44997902,PAGO AUTOMATICO ALMACEN VECINAL,17.51,Alimentación,pago automatico almacen vecinal
2682,17044162,DEBITO DELIVERY COMIDA,40.36,Alimentación,debito delivery comida
2683,41227854,PAGO AUTOMATICO STEAM GAmES,57.25,Ocio,pago automatico steam games
2684,62012760,PAGO WEB VTR BANDA ANCHA,115.83,Servicios,pago web vtr banda ancha
2685,48874742,COMPRA TBK TIENDA ONLINE,32.07,Ocio,compra tbk tienda online
2686,36860242,PAGO WEB TIENDA ONLINE,37.43,Ocio,pago web tienda online
2687,56893195,PAGO WEB DIDI RIDE,43.6,Transporte,pago web didi ride
2688,32035756,PAGO WEB PLATAFORMA APRENDIZAJE,65.61,Educación,pago web plataforma aprendizaje
2689,93589707,COMPRA TBK PEAJE TAG,20.48,Transporte,compra tbk peaje tag
2690,37056403,PAGO WEB PLATAFORMA APRENDIZAJE,115.58,Educación,pago web plataforma aprendizaje
2691,44942491,TEF ENVIADA CONSULTA ESPECIALISTA,64.97,Salud,tef enviada consulta especialista
2692,62002935,PAGO 4UTOMATICO BAR 1A E5QUINA,49.25,Ocio,pago utomatico bar a equina
2693,50078726,TEF ENVIADA STEAM GAMES,50.81,Ocio,tef enviada steam games
2694,58444321,PAGO WEB STEAM GAMES,30.51,Ocio,pago web steam games
2695,43867505,TEF ENVIADA ENTRETENIMIENTO PLUS,16.92,Ocio,tef enviada entretenimiento plus
2696,34282556,COMPRA TBK PRONTO COPEC,52.32,Alimentación,compra tbk pronto copec
2697,53937353,DEBITO ESTACIONAMIENTO,30.18,Transporte,debito estacionamiento
2698,90093137,PAGO AUTOMATICO CONDOMINIO GGCC,149.87,Vivienda,pago automatico condominio ggcc
2699,10036337,COMPRA TBK STEAM GAMES,51.9,Ocio,compra tbk steam games
2700,86250555,4BONO UDEMY cOURSES,144.57,Educación,bono udemy courses
2701,35606788,CARGO TC JUMBO BILBAO,58.4,Alimentación,cargo tc jumbo bilbao
2702,97728193,COMPRA TBK RESTAURANT FANCY,6.23,Ocio,compra tbk restaurant fancy
2703,45262440,COMPRA TBK ENEL DISTRIBUCION,73.97,Servicios,compra tbk enel distribucion
2704,14075870,COMPRA TBK GASCO LIQUADO,133.24,Servicios,compra tbk gasco liquado
2705,41514701,COMPRA TBK CONDOMINIO GGCC,209.34,Vivienda,compra tbk condominio ggcc
2706,85595538,CARGO TC TIENDA ONLINE,77.16,Educación,cargo tc tienda online
2707,60657129,TEF ENVIADA CINEMARK ONLINE,6.64,Ocio,tef enviada cinemark online
2708,33491174,ABONO SERVICIOS GENERALES,390.52,Vivienda,abono servicios generales
2709,47691414,DEBITO UDEMY COURSES,109.39,Educación,debito udemy courses
2710,13276640,TEF ENVIADA EVENTO DEPORTIVO,41.92,Ocio,tef enviada evento deportivo
2711,10261534,TEF ENVIADA GASCO LIQUADO,149.42,Servicios,tef enviada gasco liquado
2712,85020246,ABONO SUPERMERCADO DIA,57.37,Alimentación,abono supermercado dia
2713,16347764,DEBITO ARRIENDO DEPT,150.28,Vivienda,debito arriendo dept
2714,73414545,CARGO TC SUPERMERCADO DIA,34.95,Alimentación,cargo tc supermercado dia
2715,29554945,DEBITO CONSULTA ESPECIALISTA,54.9,Salud,debito consulta especialista
2716,63925890,PAGO AUTOMATICO RESTAURANT FANCY,25.47,Ocio,pago automatico restaurant fancy
2717,76372099,TEF ENVIADA EXAMENES MED,104.6,Salud,tef enviada examenes med
2718,43983969,PAGO AUTOMATICO REPARACIONES HOGAR,359.67,Vivienda,pago automatico reparaciones hogar
2719,82371781,DEBITO CONSULTA ESPECIALISTA,130.65,Salud,debito consulta especialista
2720,93894510,CARGO TC COPEC SANTIAGO,12.98,Transporte,cargo tc copec santiago
2721,28726231,ABONO CLINICA INDISA,146.81,Salud,abono clinica indisa
2722,20971412,ABONO GASCO LIQUADO,125.28,Servicios,abono gasco liquado
2723,83879955,PAGO WEB TIENDA ON1INE,41.56,Alimentación,pago web tienda onine
2724,54949481,DEBITO DIDI RIDE,31.9,Transporte,debito didi ride
2725,80212115,PAGO WEB CONSULTA ESPECIALISTA,101.96,Salud,pago web consulta especialista
2726,64760624,PAGO WEB ARRIENDO DEPT,290.73,Vivienda,pago web arriendo dept
2727,30897858,DEBITO ALMACEN VECINAL,50.89,Alimentación,debito almacen vecinal
2728,64508486,DE81TO GA5CO LIQUADO,52.4,Servicios,deto gaco liquado
2729,35636468,DEBITO PEAJE TAG,6.29,Transporte,debito peaje tag
2730,19574576,COMPRA TBK PRONTO COPEC,8.69,Alimentación,compra tbk pronto copec
2731,98796442,PAGO AUTOMATICO EASY PORTAL,191.05,Vivienda,pago automatico easy portal
2732,60320365,CARGO TC COMPRA EN AMAZON,16.46,Ocio,cargo tc compra en amazon
2733,15620351,DEBITO PAGO CUOTAS,287.69,Vivienda,debito pago cuotas
2734,44330502,CARGO TC MERCADO CENTRAL,43.53,Alimentación,cargo tc mercado central
2735,23154252,ABONO TALLER AUTOMOTRIZ,69.18,Servicios,abono taller automotriz
2736,13667919,DEBITO PLATAFORMA APRENDIZAJE,63.2,Educación,debito plataforma aprendizaje
2737,22354586,PAGO AUTOMATICO EASY PORTAL,79.04,Vivienda,pago automatico easy portal
2738,55282739,COMPRA TBK ENTRETENIMIENTO PLUS,18.28,Ocio,compra tbk entretenimiento plus
2739,70558903,CARGO TC SODIMAC HOME,125.79,Vivienda,cargo tc sodimac home
2740,89648700,COMPRA TBK EASY PORTAL,351.95,Vivienda,compra tbk easy portal
2741,77387045,PAGO WEB ENEL DISTRIBUCION,35.37,Servicios,pago web enel distribucion
2742,97738439,ABONO CENTRO MEDICO,111.41,Salud,abono centro medico
2743,33342969,DEBITO FARMACIA AHUMADA,136.32,Salud,debito farmacia ahumada
2744,54481849,COMPRA TBK CLINICA INDISA,69.74,Salud,compra tbk clinica indisa
2745,74712566,ABONO CINEMARK ONLINE,31.74,Ocio,abono cinemark online
2746,97761151,ABONO VERDULERIA DON PEPE,54.8,Alimentación,abono verduleria don pepe
2747,39987280,COMPRA TBK TALLER AUTOMOTRIZ,57.61,Servicios,compra tbk taller automotriz
2748,69682115,ABONO COMPRA EN AMAZON,49.46,Ocio,abono compra en amazon
2749,91229370,TEF ENVIADA LIDER EXPRESS,35.95,Alimentación,tef enviada lider express
2750,67710061,CARGO TC PAGO CUOTAS,57.19,Vivienda,cargo tc pago cuotas
2751,66186841,DEBITO PLATAFORMA APRENDIZAJE,76.31,Educación,debito plataforma aprendizaje
2752,18984340,PAGO WEB CENTRO MEDICO,19.12,Salud,pago web centro medico
2753,42646040,PAGO AUTOMATICO CONSULTA ESPECIALISTA,136.93,Salud,pago automatico consulta especialista
2754,86560560,COMPRA TBK SHELL RUTA 5,15.27,Transporte,compra tbk shell ruta 
2755,60105741,DEBITO ESTACIONAMIENTO,35.66,Transporte,debito estacionamiento
2756,88130892,ABONO EASY PORTAL,194.64,Vivienda,abono easy portal
2757,50311369,TEF ENVIADA UDEMY COURSES,28.65,Educación,tef enviada udemy courses
2758,78477351,COMPRA TBK TIENDA ONLINE,48.34,Ocio,compra tbk tienda online
2759,81205095,DEBITO TIENDA ONLINE,5.49,Alimentación,debito tienda online
2760,74476742,CARGO TC VTR BANDA ANCHA,122.17,Servicios,cargo tc vtr banda ancha
2761,23293865,PAGO AUTOMATICO ESTACIONAMIENTO,14.48,Transporte,pago automatico estacionamiento
2762,29610873,ABONO TIENDA ONLINE,103.39,Educación,abono tienda online
2763,19126002,TEF ENVIADA PAGO CUOTAS,76.88,Servicios,tef enviada pago cuotas
2764,65500187,TEF ENVIADA SUPERMERCADO DIA,51.19,Alimentación,tef enviada supermercado dia
2765,18009176,ABONO INTEGRAMEDICA,115.33,Salud,abono integramedica
2766,35851098,ABONO PEDIDOSYA CL,41.94,Alimentación,abono pedidosya cl
2767,40161549,PAGO AUTOMATICO CENTRO MEDICO,114.81,Salud,pago automatico centro medico
2768,78390278,PAGO WEB ESTACIONAMIENTO,53.88,Transporte,pago web estacionamiento
2769,79962130,TEF ENVIADA ENTRETENIMIENTO PLUS,20.82,Ocio,tef enviada entretenimiento plus
2770,66011264,PAGO AUTOMATICO AGUAS ANDINAS,19.29,Servicios,pago automatico aguas andinas
2771,59596286,ABONO MCDONALDS WEB,20.26,Alimentación,abono mcdonalds web
2772,55833023,DEBITO OPTICA VISION,52.49,Salud,debito optica vision
2773,73070505,CARGO TC PLATAFORMA APRENDIZAJE,81.6,Educación,cargo tc plataforma aprendizaje
2774,98719102,DEBITO HOME CENTER,325.04,Vivienda,debito home center
2775,75723137,CARGO TC ESTACIONAMIENTO,58.64,Transporte,cargo tc estacionamiento
2776,43768232,PAGO WEB TIENDA ONLINE,98.08,Educación,pago web tienda online
2777,52017078,PAGO WEB EXAMENES MED,139.75,Salud,pago web examenes med
2778,51117283,PAGO WEB INTEGRAMEDICA,36.86,Salud,pago web integramedica
2779,66887930,CARGO TC CENTRO MEDICO,103.76,Salud,cargo tc centro medico
2780,49596283,ABONO GASOLINERA,15.45,Transporte,abono gasolinera
2781,53103015,DEBITO RESTAURANT FANCY,16.25,Ocio,debito restaurant fancy
2782,49119248,TEF ENVIADA HOME CENTER,273.51,Vivienda,tef enviada home center
2783,55281312,ABONO GASOLINERA,15.07,Transporte,abono gasolinera
2784,75007459,CARGO TC EVENTO DEPORTIVO,44.44,Ocio,cargo tc evento deportivo
2785,44188706,PAGO WEB CURSO IDIOMAS,94.84,Educación,pago web curso idiomas
2786,62758434,PAGO AUTOMATICO FARMACIA AHUMADA,10.46,Salud,pago automatico farmacia ahumada
2787,83906211,PAGO AUTOMATICO CARGA BIP WEB,37.1,Transporte,pago automatico carga bip web
2788,67405901,TEF ENVIADA CENTRO MEDICO,97.94,Salud,tef enviada centro medico
2789,52029205,PAGO AUTOMATICO EASY PORTAL,91.81,Vivienda,pago automatico easy portal
2790,17315154,CARGO TC SHELL RUTA 5,7.26,Transporte,cargo tc shell ruta 
2791,46025956,COMPRA TBK PRONTO COPEC,12.01,Alimentación,compra tbk pronto copec
2792,98623556,PAGO AUTOMATICO DELIVERY COMIDA,36.16,Alimentación,pago automatico delivery comida
2793,47201638,CARGO TC LIDER EXPRESS,20.63,Alimentación,cargo tc lider express
2794,86586930,TEF ENVIADA DIDI RIDE,46.34,Transporte,tef enviada didi ride
2795,13080842,ABONO PLATAFORMA APRENDIZAJE,87.52,Educación,abono plataforma aprendizaje
2796,61441896,TEF ENVIADA INTEGRAMEDICA,38.44,Salud,tef enviada integramedica
2797,92427437,TEF ENVIADA UDEMY COURSES,147.01,Educación,tef enviada udemy courses
2798,64546380,COMPRA TBK OPTICA VISION,40.94,Salud,compra tbk optica vision
2799,47509920,TEF ENVIADA CONDOMINIO GGCC,87.59,Vivienda,tef enviada condominio ggcc
2800,90492563,PAGO AUTOMATICO CARGA BIP WEB,51.73,Transporte,pago automatico carga bip web
2801,21005469,TEF ENVIADA ARRIENDO DEPT,192.99,Vivienda,tef enviada arriendo dept
2802,61603430,TEF ENVIADA PAGO CUOTAS,347.71,Vivienda,tef enviada pago cuotas
2803,46470084,COMPRA TBK TALLER AUTOMOTRIZ,38.72,Servicios,compra tbk taller automotriz
2804,80321416,PAGO AUTOMATICO EVENTO DEPORTIVO,23.83,Ocio,pago automatico evento deportivo
2805,69349666,PAGO WEB MERCADO CENTRAL,38.36,Alimentación,pago web mercado central
2806,60689240,DEBITO CLINICA INDISA,33.57,Salud,debito clinica indisa
2807,64371908,TEF ENVIADA ARRIENDO DEPT,145.95,Vivienda,tef enviada arriendo dept
2808,73043814,TEF ENVIADA BAR LA ESQUINA,57.84,Ocio,tef enviada bar la esquina
2809,18683210,TEF ENVIADA COMPRA EN AMAZON,29.87,Ocio,tef enviada compra en amazon
2810,58254034,PAGO AUTOMATICO ENEL DISTRIBUCION,63.34,Servicios,pago automatico enel distribucion
2811,66926814,DEBITO SERVICIOS GENERALES,81.31,Vivienda,debito servicios generales
2812,44877696,TEF ENVIADA CONSULTA ESPECIALISTA,76.99,Salud,tef enviada consulta especialista
2813,79413354,ABONO DIDI RIDE,37.95,Transporte,abono didi ride
2814,22075904,AbONO GASCO LIQUADO,108.99,Servicios,abono gasco liquado
2815,16719620,PAGO WEB SHELL RUTA 5,18.77,Transporte,pago web shell ruta 
2816,29009798,PAGO AUTOMATICO LIBRERIA UNIVERSITARIA,130.19,Educación,pago automatico libreria universitaria
2817,32364538,TEF ENVIADA CLINICA INDISA,82.87,Salud,tef enviada clinica indisa
2818,97861865,PAGO WEB SHELL RUTA 5,48.07,Transporte,pago web shell ruta 
2819,66809533,CARGO TC VTR BANDA ANCHA,135.29,Servicios,cargo tc vtr banda ancha
2820,90884211,ABONO COPEC SANTIAGO,44.19,Transporte,abono copec santiago
2821,33988814,CARGO TC LIDER EXPRESS,34.37,Alimentación,cargo tc lider express
2822,34014770,PAGO WEB SERVICIOS GENERALES,31.38,Servicios,pago web servicios generales
2823,12780717,ABONO DIDI R1DE,32.55,Transporte,abono didi rde
2824,72957092,TEF ENVIADA VERDULERIA DON PEPE,13.58,Alimentación,tef enviada verduleria don pepe
2825,59283521,ABONO DIDI RIDE,36.56,Transporte,abono didi ride
2826,24747331,TEF ENVIADA OPTICA VISION,109.88,Salud,tef enviada optica vision
2827,80986823,ABON0 GASOLINErA,48.94,Transporte,abon gasolinera
2828,64210333,PAGO WEB TIENDA ONLINE,53.88,Ocio,pago web tienda online
2829,87506963,CARGO TC HOME CENTER,301.42,Vivienda,cargo tc home center
2830,64717654,ABONO TIENDA ONLINE,14.18,Ocio,abono tienda online
2831,37768710,TEF ENVIADA SERVICIOS GENERALES,20.28,Servicios,tef enviada servicios generales
2832,65353136,COMPRA TBK EXAMENES MED,63.56,Salud,compra tbk examenes med
2833,36669444,COMPRA TBK CONSULTA ESPECIALISTA,115.04,Salud,compra tbk consulta especialista
2834,29752845,ABONO TAXI APP,29.75,Transporte,abono taxi app
2835,63198642,DEBITO MATRICULA UNIV,44.23,Educación,debito matricula univ
2836,63584976,PAGO AUTOMATICO ALMACEN VECINAL,30.65,Alimentación,pago automatico almacen vecinal
2837,65807734,TEF ENVIADA REPARACIONES HOGAR,385.87,Vivienda,tef enviada reparaciones hogar
2838,49650344,DEBITO UBER TRIP,25.57,Transporte,debito uber trip
2839,68167592,PAGO AUTOMATICO OPTICA VISION,20.94,Salud,pago automatico optica vision
2840,74036365,ABONO CONSULTA ESPECIALISTA,15.67,Salud,abono consulta especialista
2841,35968352,COMPRA TBK SERVICIOS GENERALES,53.45,Servicios,compra tbk servicios generales
2842,29587604,COMPRA TBK MATRICULA UNIV,114.21,Educación,compra tbk matricula univ
2843,13239995,COMPRA TBK LIBRERIA UNIvERSITARIA,72.77,Educación,compra tbk libreria universitaria
2844,48242277,CARGO TC OPTICA VISION,61.52,Salud,cargo tc optica vision
2845,68840762,PAGO WEB PAGO CUOTAS,116.19,Servicios,pago web pago cuotas
2846,83549938,COMPRA TBK HOME CENTER,305.03,Vivienda,compra tbk home center
2847,30579604,COMPRA TBK TIENDA ONLINE,140.61,Educación,compra tbk tienda online
2848,95255730,DEBITO REPARACIONES HOGAR,143.49,Vivienda,debito reparaciones hogar
2849,47011857,COMPRA TBK DIDI RIDE,26.69,Transporte,compra tbk didi ride
2850,66153459,CARGO tC JUMBO BILBAO,36.31,Alimentación,cargo tc jumbo bilbao
2851,44245368,PAGO AUTOMATICO CONDOMINIO GGCC,396.65,Vivienda,pago automatico condominio ggcc
2852,15027929,COMPRA TBK COPEC SANTIAGO,19.6,Transporte,compra tbk copec santiago
2853,32226983,TEF ENVIADA EASY PORTAL,373.69,Vivienda,tef enviada easy portal
2854,56001399,COMPRA TBK EASY PORTAL,265.88,Vivienda,compra tbk easy portal
2855,83541296,CARGO TC OPTICA VISION,134.48,Salud,cargo tc optica vision
2856,80693706,DEBITO SERVICIO TECNICO,31.78,Servicios,debito servicio tecnico
2857,89705240,PAGO WEB COMPRA EN AMAZON,47.81,Ocio,pago web compra en amazon
2858,50341681,ABON0 DIdI RIDE,32.44,Transporte,abon didi ride
2859,50311286,COMPRA TBK TIENDA ONLINE,49.09,Ocio,compra tbk tienda online
2860,40014467,ABONO FARMACIA AHUMADA,128.23,Salud,abono farmacia ahumada
2861,23233496,PAGO AUTOMATICO DIDI RIDE,43.36,Transporte,pago automatico didi ride
2862,66276356,PAGO AUTOMATICO PLATAFORMA APRENDIZAJE,89.32,Educación,pago automatico plataforma aprendizaje
2863,74582036,TEF ENVIADA FARMACIA AHUMADA,142.79,Salud,tef enviada farmacia ahumada
2864,17637396,ABONO SPOTIFY PREMIUM,28.96,Ocio,abono spotify premium
2865,14106460,TEF ENVIADA TALLER AUTOMOTRIZ,56.73,Servicios,tef enviada taller automotriz
2866,76016435,CARGO TC FARMACIA AHUMADA,139.9,Salud,cargo tc farmacia ahumada
2867,41556108,PAGO AUTOMATICO ARRIENDO DEPT,150.26,Vivienda,pago automatico arriendo dept
2868,53908376,CARGO TC MATRICULA UNIV,93.08,Educación,cargo tc matricula univ
2869,11139490,COMPRA TBK AGUAS ANDINAS,31.01,Servicios,compra tbk aguas andinas
2870,96969029,COMPRA TBK PAGO CUOTAS,103.16,Vivienda,compra tbk pago cuotas
2871,27915825,PAGO AUTOMATICO JUMBO BILBAO,21.03,Alimentación,pago automatico jumbo bilbao
2872,57949350,DEBITO SERVICIO TECNICO,103.25,Servicios,debito servicio tecnico
2873,54310874,TEF ENVIADA JUMBO BILBAO,10.5,Alimentación,tef enviada jumbo bilbao
2874,35803109,COMPRA TBK COLEGIO MENSUALIDAD,120.54,Educación,compra tbk colegio mensualidad
2875,49114862,COMPRA TBK PAGO CUOTAS,265.4,Vivienda,compra tbk pago cuotas
2876,28604725,ABONO COLEGIO MENSUALIDAD,19.09,Educación,abono colegio mensualidad
2877,79107561,TEF ENVIADA LIBRERIA UNIVERSITARIA,23.46,Educación,tef enviada libreria universitaria
2878,62800378,DEBITO SISTEMA DUOC,129.3,Educación,debito sistema duoc
2879,70734656,DEBITO CINEMARK ONLINE,24.73,Ocio,debito cinemark online
2880,63833929,CARGO TC LIBRERIA UNIVERSITARIA,68.52,Educación,cargo tc libreria universitaria
2881,42303694,DEBITO CARGA BIP WEB,30.37,Transporte,debito carga bip web
2882,88877489,COMPRA TBK CINEMARK ONLINE,53.13,Ocio,compra tbk cinemark online
2883,19857239,PAGO AUTOMATICO SHELL RUTA 5,20.54,Transporte,pago automatico shell ruta 
2884,74638823,PAGO WEB CONSULTA ESPECIALISTA,70.95,Salud,pago web consulta especialista
2885,84104323,DEBITO DELIVERY COMIDA,45.12,Alimentación,debito delivery comida
2886,58883349,PAGO AUTOMATICO INTEGRAMEDICA,31.91,Salud,pago automatico integramedica
2887,72210446,COMPRa TBK AuTOPISTA CENTRAL,41.21,Transporte,compra tbk autopista central
2888,53876873,PAGO AUTOMATICO REPARACIONES HOGAR,310.85,Vivienda,pago automatico reparaciones hogar
2889,86043568,DEBITO TIENDA ONLINE,52.75,Ocio,debito tienda online
2890,43635013,ABONO COPEC SANTIAGO,27.87,Transporte,abono copec santiago
2891,76485777,TEF ENV1ADA REPARACIONES HOGAR,384.97,Vivienda,tef envada reparaciones hogar
2892,58416029,PAGO AUTOMATICO UBER TRIP,44.13,Transporte,pago automatico uber trip
2893,24038805,CARGO TC TIENDA ONLINE,77.59,Servicios,cargo tc tienda online
2894,54629799,TEF ENVIADA PAGO CUOTAS,105.25,Servicios,tef enviada pago cuotas
2895,80965631,CARGO TC PAGO CUOTAS,149.11,Servicios,cargo tc pago cuotas
2896,15291565,PAGO AUTOMATICO SISTEMA DUOC,73.69,Educación,pago automatico sistema duoc
2897,71261852,PAGO WEB COMPRA EN AMAZON,7.45,Ocio,pago web compra en amazon
2898,18428667,PAGO AUTOMATICO CRUZ VERDE LOCAL,76.43,Salud,pago automatico cruz verde local
2899,52302682,PAGO WEB PAGO CUOTAS,342.18,Vivienda,pago web pago cuotas
2900,97517299,CARGO TC ESTACIONAMIENTO,51.87,Transporte,cargo tc estacionamiento
2901,44110350,DEBITO GASCO LIQUADO,65.27,Servicios,debito gasco liquado
2902,20214735,TEF ENV1ADA T1ENDA ONLINE,49.13,Alimentación,tef envada tenda online
2903,95901983,COMPRA TBK CENTRO MEDICO,120.32,Salud,compra tbk centro medico
2904,87869937,DEBITO TIENDA ONLINE,39.88,Servicios,debito tienda online
2905,41518806,CARGO TC MERCADO CENTRAL,55.91,Ocio,cargo tc mercado central
2906,83157151,DEBITO HOME CENTER,279.64,Vivienda,debito home center
2907,96817795,PAGO AUTOMATICO DELIVERY COMIDA,18.51,Alimentación,pago automatico delivery comida
2908,44654107,COMPRA TBK SODIMAC HOME,109.16,Vivienda,compra tbk sodimac home
2909,67237068,PAGO AUTOMATICO EXAMENES MED,38.57,Salud,pago automatico examenes med
2910,48759195,COMPRA TBK AUTOPISTA CENTRAL,22.02,Transporte,compra tbk autopista central
2911,30880066,DEBITO TIENDA ONLINE,132.25,Educación,debito tienda online
2912,46245645,TEF ENVIADA ENEL DISTRIBUCION,145.12,Servicios,tef enviada enel distribucion
2913,81751708,CARGO TC MERCADO CENTRAL,30.59,Alimentación,cargo tc mercado central
2914,21176055,DEBITO MERCADO CENTRAL,24.59,Alimentación,debito mercado central
2915,35407437,TEF ENVIADA PEDIDOSYA CL,34.99,Alimentación,tef enviada pedidosya cl
2916,21599659,PAGO WEB CRUZ VERDE LOCAL,148.9,Salud,pago web cruz verde local
2917,81780879,CARGO TC UBER TRIP,15.68,Transporte,cargo tc uber trip
2918,64017185,CARGO TC BANCO DeL ESTAD0,39.73,Servicios,cargo tc banco del estad
2919,88699165,DEBITO GASOLINERA,46.13,Transporte,debito gasolinera
2920,76353912,ABONO ALMACEN VECINAL,35.66,Alimentación,abono almacen vecinal
2921,36724504,CARGO TC SERVICIOS GENERALES,364.99,Vivienda,cargo tc servicios generales
2922,97069298,tEF ENVIADA MERCADO CeNTRAL,23.63,Alimentación,tef enviada mercado central
2923,21438741,CARGO TC NETFLIX.COM,12.37,Ocio,cargo tc netflixcom
2924,25635545,PAGO WEB SUPERMERCADO DIA,37.61,Alimentación,pago web supermercado dia
2925,55728427,PAGO WEB PAGO CUOTAS,91.91,Vivienda,pago web pago cuotas
2926,52556000,ABONO ENEL DISTRIBUCION,44.45,Servicios,abono enel distribucion
2927,99231121,CaRGO TC PAGO CUOTAS,144.97,Educación,cargo tc pago cuotas
2928,30540246,ABONO CARGA BIP WEB,20.44,Transporte,abono carga bip web
2929,58826428,COMPRA TBK TALLER AUTOMOTRIZ,20.52,Servicios,compra tbk taller automotriz
2930,28444834,PAgO AUTOM4TICO EXAMENES MED,140.4,Salud,pago automtico examenes med
2931,45460303,CARGO TC COLEGIO MENSUALIDAD,117.52,Educación,cargo tc colegio mensualidad
2932,88145345,TEF ENVIADA FARMACIA AHUMADA,122.05,Salud,tef enviada farmacia ahumada
2933,83847719,CARGO TC COPEC SANTIAGO,46.52,Transporte,cargo tc copec santiago
2934,87492199,ABONO AGUAS ANDINAS,131.84,Servicios,abono aguas andinas
2935,23480253,PAGO WEB LIBRERIA UNIVERSITARIA,135.35,Educación,pago web libreria universitaria
2936,66394418,CARGO TC ENEL DISTRIBUCION,23.02,Servicios,cargo tc enel distribucion
2937,19227140,DEBITO EXAMENES MED,23.2,Salud,debito examenes med
2938,15707588,COMPRA TBK UDEMY COURSES,75.69,Educación,compra tbk udemy courses
2939,31314707,PAGO WEB CENTRO MEDICO,92.72,Salud,pago web centro medico
2940,34847621,COMPRA TBK SISTEMA DUOC,100.79,Educación,compra tbk sistema duoc
2941,73124701,DEBITO COLEGIO MENSUALIDAD,40.58,Educación,debito colegio mensualidad
2942,78408689,TEF ENVIADA CINEMARK ONLINE,18.12,Ocio,tef enviada cinemark online
2943,46683639,DEBITO SODIMAC HOME,251.84,Vivienda,debito sodimac home
2944,17968729,PAGO AUTOMATICO STEAM GAMES,28.63,Ocio,pago automatico steam games
2945,49286375,TEF ENVIADA PAGO CUOTAS,58.2,Educación,tef enviada pago cuotas
2946,43424331,PAGO WEB SERVICIOS GENERALES,265.73,Vivienda,pago web servicios generales
2947,76797108,CARGO TC VERDULERIA DON PEPE,5.08,Alimentación,cargo tc verduleria don pepe
2948,43948523,PAGO WEB VERDULERIA DON PEPE,43.02,Alimentación,pago web verduleria don pepe
2949,26103071,ABONO MATRICULA UNIV,145.4,Educación,abono matricula univ
2950,62978256,DeBITO UBER TRIP,12.31,Transporte,debito uber trip
2951,97490228,COMPRA TBK CARGA BIP WEB,16.56,Transporte,compra tbk carga bip web
2952,37693606,PAGO AUTOMATICO JUMBO BILBAO,29.59,Alimentación,pago automatico jumbo bilbao
2953,65180510,ABONO SHELL RUTA 5,25.83,Transporte,abono shell ruta 
2954,95235179,PAGO AUTOMATICO LIBRERIA UNIVERSITARIA,30.43,Educación,pago automatico libreria universitaria
2955,98892878,TEF ENVIADA REPARACIONES HOGAR,134.97,Vivienda,tef enviada reparaciones hogar
2956,18241585,PAGO AUTOMATICO PINTURAS SH3RWIN,323.49,Vivienda,pago automatico pinturas shrwin
2957,48798708,DEBITO ENEL DISTRIBUCION,38.54,Servicios,debito enel distribucion
2958,33764601,TEF ENVIADA PRONTO COPEC,28.44,Alimentación,tef enviada pronto copec
2959,18763750,ABONO MERCADO CENTRAL,37.26,Alimentación,abono mercado central
2960,36967563,DEBITO EXAMENES MED,106.38,Salud,debito examenes med
2961,74471524,PAGO AUTOMATICO OPTICA VISION,40.88,Salud,pago automatico optica vision
2962,75216738,ABONO COPEC SANTIAGO,26.15,Transporte,abono copec santiago
2963,24740381,DEBITO TIENDA ONLINE,47.47,Educación,debito tienda online
2964,98354700,DEBITO EXAMENES MED,82.31,Salud,debito examenes med
2965,24377289,COMPRA TBK CENTRO MEDICO,43.77,Salud,compra tbk centro medico
2966,99717427,ABONO EXAMENES MED,140.39,Salud,abono examenes med
2967,81124566,PAGO WEB TIENDA ONLINE,139.06,Servicios,pago web tienda online
2968,84339493,PAGO WEB EvENTO DEPORTIVO,28.08,Ocio,pago web evento deportivo
2969,24558091,PAGO AUTOMATICO CRUZ VERDE LOCAL,112.57,Salud,pago automatico cruz verde local
2970,46499378,CARGO TC TIENDA ONLINE,37.24,Ocio,cargo tc tienda online
2971,90741671,DEBITO TIENDA ONLINE,36.09,Ocio,debito tienda online
2972,36342744,PAGO AUTOMATICO FARMACIA AHUMADA,134.64,Salud,pago automatico farmacia ahumada
2973,73268066,ABONO CRUZ VERDE LOCAL,116.25,Salud,abono cruz verde local
2974,85488785,PAGO AUTOMATICO PLATAFORMA APRENDIZAJE,12.3,Educación,pago automatico plataforma aprendizaje
2975,41045155,PAGO WEB LIDER EXPRESS,27.59,Alimentación,pago web lider express
2976,19744739,PAGO AUTOMATICO ALMACEN VECINAL,10.64,Alimentación,pago automatico almacen vecinal
2977,38794231,DEBITO CURSO IDIOMAS,40.59,Educación,debito curso idiomas
2978,70376084,CARGO TC JUMB0 BILBA0,54.12,Alimentación,cargo tc jumb bilba
2979,22550720,TEF ENVIADA PEDIDOSYA CL,49.3,Alimentación,tef enviada pedidosya cl
2980,42374658,PAGO WEB TIENDA ONLINE,16.18,Servicios,pago web tienda online
2981,10853168,PAGO WEB BAR LA ESQUINA,55.94,Ocio,pago web bar la esquina
2982,54391723,ABONO ARRIENDO DEPT,85.03,Vivienda,abono arriendo dept
2983,67325158,PAGO WEB SISTEMA DUOC,107.49,Educación,pago web sistema duoc
2984,13610372,PAGO WEB OPTICA VISION,113.45,Salud,pago web optica vision
2985,35842902,COMPRA TBK COMPRA EN AMAZON,14.46,Ocio,compra tbk compra en amazon
2986,38061024,DEBITO DIDI RIDE,15.87,Transporte,debito didi ride
2987,40282898,COMPRA TBK OPTICA VISION,96.61,Salud,compra tbk optica vision
2988,37402375,DEBITO LIDER EXPRESS,25.17,Alimentación,debito lider express
2989,30660064,ABONO CLARO TELECOM,106.31,Servicios,abono claro telecom
2990,33001583,PAGO AUTOMATICO VTR BANDA ANCHA,62.43,Servicios,pago automatico vtr banda ancha
2991,66419315,DEBITO MATRICULA UNIV,25.19,Educación,debito matricula univ
2992,65707449,TEF ENVIADA VTR BANDA ANCHA,25.18,Servicios,tef enviada vtr banda ancha
2993,84490480,CARGO TC UBER TRIP,53.61,Transporte,cargo tc uber trip
2994,89761514,PAGO AUTOMATICO PLATAFORMA APRENDIZAJE,84.6,Educación,pago automatico plataforma aprendizaje
2995,92000153,PAGO AUTOMATICO SISTEMA DUOC,127.14,Educación,pago automatico sistema duoc
2996,38742337,CARGO TC PINTURAS SHERWIN,374.17,Vivienda,cargo tc pinturas sherwin
2997,60402263,TEF ENVIADA ENEL DISTRIBUCION,118.16,Servicios,tef enviada enel distribucion
2998,27015981,ABONO EASY PORTAL,365.29,Vivienda,abono easy portal
2999,74333466,ABONO PEAJE TAG,26.7,Transporte,abono peaje tag
3000,28148672,DEBITO COMPRA EN AMAZON,7.91,Ocio,debito compra en amazon
3001,42277069,TEF ENVIADA PEAJE TAG,54.94,Transporte,tef enviada peaje tag
3002,84125405,COMPRA TBK TIENDA ONLINE,21.7,Educación,compra tbk tienda online
3003,54570467,COMPRA TBK TIENDA ONLINE,86.85,Educación,compra tbk tienda online
3004,37554949,COMPRA TBK VTR BANDA ANCHA,29.56,Servicios,compra tbk vtr banda ancha
3005,79518752,DEBITO GASCO LIQUADO,30.7,Servicios,debito gasco liquado
3006,83380359,PAGO AUTOMATICO EASY PORTAL,78.05,Vivienda,pago automatico easy portal
3007,47085870,PAGO AUTOMATICO SERVICIO TECNICO,148.99,Servicios,pago automatico servicio tecnico
3008,13667070,COMPRA TBK CRUZ VERDE LOCAL,118.54,Salud,compra tbk cruz verde local
3009,14073160,ABONO NETFLIX.COM,9.6,Ocio,abono netflixcom
3010,35558010,COMPRA TBK GASOLINERA,31.44,Transporte,compra tbk gasolinera
3011,82347561,PAGO AUTOMATICO AGUAS ANDINAS,100.66,Servicios,pago automatico aguas andinas
3012,13468355,DEBITO DELIVERY COMIDA,44.56,Alimentación,debito delivery comida
3013,77648431,PAGO AUTOMATICO CONSULTA ESPECIALISTA,100.38,Salud,pago automatico consulta especialista
3014,83252711,CARGO TC CLARO TELECOM,123.79,Servicios,cargo tc claro telecom
3015,80091471,PAGO AUTOMATICO TIENDA ONLINE,137.44,Educación,pago automatico tienda online
3016,48785862,TEF ENVIADA MCDONALDS WEB,32.58,Alimentación,tef enviada mcdonalds web
3017,15420136,CARGO TC ENEL DISTRIBUCION,81.0,Servicios,cargo tc enel distribucion
3018,10375217,COMPRA TBK SODIMAC HOME,281.71,Vivienda,compra tbk sodimac home
3019,21903576,CARGO TC TAXI APP,24.88,Transporte,cargo tc taxi app
3020,60696877,PAGO WEB LIBRERIA UNIVERSITARIA,88.82,Educación,pago web libreria universitaria
3021,78676872,TEF ENVIADA TAXI APP,17.53,Transporte,tef enviada taxi app
3022,60375339,DEBITo CONSULTA ESPECIALIStA,112.14,Salud,debito consulta especialista
3023,64590632,DEBITO UDEMY COURSES,39.11,Educación,debito udemy courses
3024,12280944,PAGO AUTOMATICO HOME CENTER,320.33,Vivienda,pago automatico home center
3025,34798930,ABONO BANCO DEL ESTADO,27.61,Servicios,abono banco del estado
3026,43932270,ABONO PRONTO COPEC,50.92,Alimentación,abono pronto copec
3027,45112407,PAGO WEB TIENDA ONLINE,39.41,Alimentación,pago web tienda online
3028,76900453,PAGO WEB CLINICA INDISA,133.26,Salud,pago web clinica indisa
3029,35190520,TEF ENVIADA PEAJE TAG,34.06,Transporte,tef enviada peaje tag
3030,18795362,CARGO TC VERDULERIA DON PEPE,12.78,Alimentación,cargo tc verduleria don pepe
3031,86694751,DEBITO PINTURAS SHERWIN,275.82,Vivienda,debito pinturas sherwin
3032,12779565,PAGO AUTOMATICO BAR LA ESQUINA,18.35,Ocio,pago automatico bar la esquina
3033,80910050,CARGO TC CONDOMINIO GGCC,200.81,Vivienda,cargo tc condominio ggcc
3034,72003930,ABONO PRONTO COPEC,53.04,Alimentación,abono pronto copec
3035,94776255,CARGO TC TALLER AUTOMOTRIZ,64.58,Servicios,cargo tc taller automotriz
3036,15679986,ABONO CONSULTA ESPECIALISTA,36.12,Salud,abono consulta especialista
3037,55624728,DEBITO GASCO LIQUADO,86.09,Servicios,debito gasco liquado
3038,13122454,TEF ENVIADA CARGA BIP WEB,41.78,Transporte,tef enviada carga bip web
3039,47552461,CARGO TC SERVICIOS GENERALES,352.08,Vivienda,cargo tc servicios generales
3040,13018823,PAGO WEB TIENDA ONLINE,118.09,Educación,pago web tienda online
3041,77239032,CARGO TC SPOTIFY PREMIUM,33.53,Ocio,cargo tc spotify premium
3042,28019246,CARGO TC CLARO TELECOM,75.2,Servicios,cargo tc claro telecom
3043,15038665,DEBITO ENEL DISTRIBUCION,50.56,Servicios,debito enel distribucion
3044,37466298,ABONO NETFLIX.COM,55.41,Ocio,abono netflixcom
3045,44590202,TEF ENVIADA AUTOPISTA CENTRAL,37.29,Transporte,tef enviada autopista central
3046,28980544,PAGO AUTOMATICO SPOTIFY PREMIUM,49.33,Ocio,pago automatico spotify premium
3047,80626900,DEBITO LIDER EXPRESS,30.65,Alimentación,debito lider express
3048,94674420,PAGO WE8 AGUAS ANDINAS,105.03,Servicios,pago we aguas andinas
3049,53355032,TEF ENVIADA ARRIENDO DEPT,399.81,Vivienda,tef enviada arriendo dept
3050,92124494,ABoNO VERDULERIA DON PEPE,46.87,Alimentación,abono verduleria don pepe
3051,77200602,PAGO AUTOMATICO REPARACIONES HOGAR,350.43,Vivienda,pago automatico reparaciones hogar
3052,11125006,DEBITO PAGO CUOTAS,11.49,Servicios,debito pago cuotas
3053,65703402,ABONO DID1 RIDE,11.16,Transporte,abono did ride
3054,42800911,PAGO WEB GASOLINERA,42.86,Transporte,pago web gasolinera
3055,45418333,DEBITO OPTICA VISION,112.1,Salud,debito optica vision
3056,65768929,COMPRA TBK TIENDA ONLINE,138.33,Servicios,compra tbk tienda online
3057,56411493,PAGO AUTOMATICO SISTEMA DUOC,28.75,Educación,pago automatico sistema duoc
3058,26532086,CARGO TC LIDER EXPRESS,52.9,Alimentación,cargo tc lider express
3059,49224257,CARGO TC COMPRA EN AMAZON,17.42,Ocio,cargo tc compra en amazon
3060,13540146,PAGO AUTOMATICO HOME CENTER,255.29,Vivienda,pago automatico home center
3061,31163196,TEF ENVIADA TALLER AUTOMOTRIZ,141.82,Servicios,tef enviada taller automotriz
3062,70571378,TEF ENVIADA TIENDA ONLINE,48.5,Educación,tef enviada tienda online
3063,14896647,COMPRA TBK CENTRO MEDICO,107.36,Salud,compra tbk centro medico
3064,64659891,TEF ENVIADA CLARO TELECOM,141.69,Servicios,tef enviada claro telecom
3065,67535049,DEBITO pEDIDOSYa CL,28.95,Alimentación,debito pedidosya cl
3066,25638062,PAGO WEB ENEL DISTRIBUCION,114.49,Servicios,pago web enel distribucion
3067,17433978,COMPRA TBK SODIMAC HOME,232.09,Vivienda,compra tbk sodimac home
3068,91527526,PAGO AUTOMATICO AUTOPISTA CENTRAL,9.86,Transporte,pago automatico autopista central
3069,71153456,PAGO AUTOMATICO ENEL DISTRIBUCION,20.18,Servicios,pago automatico enel distribucion
3070,39340542,COMPRA TBK STEAM GAMES,18.97,Ocio,compra tbk steam games
3071,78326999,COMPRA TBK CONSULTA ESPECIALISTA,87.04,Salud,compra tbk consulta especialista
3072,75131857,PAGO AUTOMATICO EASY PORTAL,198.57,Vivienda,pago automatico easy portal
3073,80396142,PAGO WEB MATRICULA UNIV,126.39,Educación,pago web matricula univ
3074,84427853,COMPRA TBK CRUZ VERDE LOCAL,10.69,Salud,compra tbk cruz verde local
3075,50055973,ABONO CURSO IDIOMAS,43.24,Educación,abono curso idiomas
3076,80948559,PAGO WEB BANCO DEL ESTADO,29.11,Servicios,pago web banco del estado
3077,92477940,TEF ENVIADA ALMACEN VECINAL,44.81,Alimentación,tef enviada almacen vecinal
3078,12423190,DEBITO LIDER EXPRESS,38.31,Alimentación,debito lider express
3079,87959511,CARGO TC TIENDA ONLINE,43.92,Alimentación,cargo tc tienda online
3080,12117054,CARGO TC CLARO TELECOM,110.05,Servicios,cargo tc claro telecom
3081,64070291,PAGO WEB PINTURAS SHERWIN,314.68,Vivienda,pago web pinturas sherwin
3082,66470487,PAGO WEB COMPRA EN AMAZON,47.16,Ocio,pago web compra en amazon
3083,49783700,ABONO PAGO CUOTAS,126.24,Educación,abono pago cuotas
3084,71230430,ABONO COMPRA EN AMAZON,9.93,Ocio,abono compra en amazon
3085,59147913,TEF ENVIADA LIBRERIA UNIVERSITARIA,91.1,Educación,tef enviada libreria universitaria
3086,85878633,TEF ENVIADA COMPRA EN AMAZON,10.66,Ocio,tef enviada compra en amazon
3087,36098769,CARGO TC TIENDA ONLINE,57.43,Alimentación,cargo tc tienda online
3088,39934299,TEF ENVIADA SHELL RUTA 5,21.19,Transporte,tef enviada shell ruta 
3089,17351443,PAGO AUTOMATICO TAXI APP,27.43,Transporte,pago automatico taxi app
3090,63417821,PAGO WEB NETFLIX.COM,40.21,Ocio,pago web netflixcom
3091,33342425,COMPRA TBK SERVICIOS GENERALES,312.25,Vivienda,compra tbk servicios generales
3092,53725194,PAGO WEB INTEGRAMEDICA,103.82,Salud,pago web integramedica
3093,79821206,DEBITO PLATAFORMA APRENDIZAJE,29.39,Educación,debito plataforma aprendizaje
3094,48211978,ABONO UDEMY COURSES,125.92,Educación,abono udemy courses
3095,29120157,DEBITO CENTRO MEDICO,136.31,Salud,debito centro medico
3096,58146877,CARGO TC PAG0 CUOTAS,86.23,Educación,cargo tc pag cuotas
3097,83902153,DEBITO TAXI APP,26.03,Transporte,debito taxi app
3098,39075869,PAGO AUTOMATICO REPARACIONES HOGAR,55.23,Vivienda,pago automatico reparaciones hogar
3099,29557879,COMPRA TBK SERVICIOS GENERALES,318.27,Vivienda,compra tbk servicios generales
3100,26131083,CARGO TC PAGO CUOTAS,45.27,Servicios,cargo tc pago cuotas
3101,42292892,PAGO AUTOMATICO CARGA BIP WEB,37.32,Transporte,pago automatico carga bip web
3102,94025838,ABONO CLARO TELECOM,135.86,Servicios,abono claro telecom
3103,74212086,ABONO ENEL DISTRIBUCION,115.33,Servicios,abono enel distribucion
3104,68283799,DEBITO JUMBO BILBAO,38.02,Alimentación,debito jumbo bilbao
3105,61967417,COMPRA TBK EASY PORTAL,226.36,Vivienda,compra tbk easy portal
3106,92126467,DEBITO LIDER EXPRESS,23.42,Alimentación,debito lider express
3107,60357342,COMPRA TBK ENEL DISTRIBUCION,83.89,Servicios,compra tbk enel distribucion
3108,91407573,COMPRA TBK LIBRERIA UNIVERSITARIA,20.24,Educación,compra tbk libreria universitaria
3109,33781932,COMPRA TBK RESTAURANT FANCY,52.46,Ocio,compra tbk restaurant fancy
3110,69500546,ABONO SISTEMA DUOC,99.89,Educación,abono sistema duoc
3111,39596454,COMPRA TBK CINEMARK ONLINE,40.06,Ocio,compra tbk cinemark online
3112,90374368,PAGO AUTOMATICO CRUZ VERDE LOCAL,49.41,Salud,pago automatico cruz verde local
3113,28754310,DEBITO COPEC SANTIAGO,44.93,Transporte,debito copec santiago
3114,28413747,DEBITO TALLER AUTOMOTRIZ,58.24,Servicios,debito taller automotriz
3115,93938382,DEBITO COLEGIO MENSUALIDAD,125.64,Educación,debito colegio mensualidad
3116,90771986,TEF ENVIADA SODIMAC HOME,73.38,Vivienda,tef enviada sodimac home
3117,80327598,COMPRA TBK CLARO TELECOM,104.45,Servicios,compra tbk claro telecom
3118,70916922,TEF ENVIADA FARMACIA AHUMADA,42.5,Salud,tef enviada farmacia ahumada
3119,32984583,CARGO TC AUTOPISTA CENTRAL,16.14,Transporte,cargo tc autopista central
3120,20623444,PAGO AUTOMATICO EASY PORTAL,212.49,Vivienda,pago automatico easy portal
3121,90923515,DEBITO UBER TRIP,13.99,Transporte,debito uber trip
3122,41940192,TEF ENVIADA EASY PORTAL,338.81,Vivienda,tef enviada easy portal
3123,83298017,TEF ENVIADA RESTAURANT FANCY,36.54,Ocio,tef enviada restaurant fancy
3124,70061004,COMPRA TBK CENTRO MEDICO,20.41,Salud,compra tbk centro medico
3125,89531389,CARGO TC MERCADO CENTRAL,7.71,Ocio,cargo tc mercado central
3126,22685755,CARGO TC gASOLIN3RA,28.71,Transporte,cargo tc gasolinra
3127,43571334,TEF ENVIADA CRUZ VERDE LOCAL,126.48,Salud,tef enviada cruz verde local
3128,29028482,PAGO WEB PAGO CUOTAS,366.76,Vivienda,pago web pago cuotas
3129,35051514,DEBITO EVENTO DEPORTIVO,9.13,Ocio,debito evento deportivo
3130,75978123,DEBITO VTR BANDA ANCHA,135.2,Servicios,debito vtr banda ancha
3131,94324385,ABONO TIENDA ONLINE,37.07,Educación,abono tienda online
3132,55652489,TEF ENVIADA PAGO CUOTAS,112.84,Educación,tef enviada pago cuotas
3133,41088690,TEF ENVIADA PAGO CUOTAS,356.16,Vivienda,tef enviada pago cuotas
3134,33785610,COMPRA TBK SISTEMA DUOC,86.09,Educación,compra tbk sistema duoc
3135,86829631,COMPRA TBK CENTRO MEDICO,115.04,Salud,compra tbk centro medico
3136,89002110,PAGO AUTOMATICO NETFLIX.COM,34.95,Ocio,pago automatico netflixcom
3137,25971233,PAGO AUTOMATICO TIENDA ONLINE,29.95,Ocio,pago automatico tienda online
3138,76634324,PAGO AUTOMATICO NETFLIX.COM,17.98,Ocio,pago automatico netflixcom
3139,12075251,ABONO HOME CENTER,177.78,Vivienda,abono home center
3140,98437475,PAGO WEB VERDULERIA DON PEPE,51.24,Alimentación,pago web verduleria don pepe
3141,31369764,DEBITO DIDI RIDE,9.74,Transporte,debito didi ride
3142,82353357,COMPRA TBK REPARACIONES HOGAR,396.11,Vivienda,compra tbk reparaciones hogar
3143,30178362,CARGO TC DELIVERY COMIDA,45.29,Alimentación,cargo tc delivery comida
3144,28621916,COMPRA TBK MATRICULA UNIV,55.83,Educación,compra tbk matricula univ
3145,15292851,ABONO PAGO CUOTAS,245.13,Vivienda,abono pago cuotas
3146,91733397,TEF ENVIADA LIBRERIA UNIVERSITARIA,85.86,Educación,tef enviada libreria universitaria
3147,15071837,ABONo PAGO CUOTAS,129.12,Servicios,abono pago cuotas
3148,40843108,PAGO WEB ENEL DISTRIBUCION,102.72,Servicios,pago web enel distribucion
3149,43657954,DEBITO PAGO CUOTAS,81.03,Educación,debito pago cuotas
3150,55328139,CARGO TC CLINICA INDISA,128.46,Salud,cargo tc clinica indisa
3151,96875210,PAGO WEB TIENDA ONLINE,21.76,Educación,pago web tienda online
3152,71456344,DEBITO OPTICA VISION,144.74,Salud,debito optica vision
3153,22303163,DEBITO ENEL DISTRIBUCION,59.97,Servicios,debito enel distribucion
3154,62411510,PAGO WEB DIDI RIDE,31.27,Transporte,pago web didi ride
3155,70667274,COMPRA TBK MATRICULA UNIV,48.49,Educación,compra tbk matricula univ
3156,94264437,PAGO WEB AGUAS ANDINAS,102.92,Servicios,pago web aguas andinas
3157,61603280,PAGO WEB PAGO CUOTAS,239.69,Vivienda,pago web pago cuotas
3158,77888064,PAGO WEB TIENDA ONLINE,79.61,Servicios,pago web tienda online
3159,52965279,ABONO VTR BANDA ANCHA,82.26,Servicios,abono vtr banda ancha
3160,63498334,dEBITO ESTACIONAm1ENTO,40.4,Transporte,debito estacionamento
3161,16962144,ABONO ENTRETENIMIENTO PLUS,43.25,Ocio,abono entretenimiento plus
3162,62365641,ABONO DELIVERY COMIDA,25.95,Alimentación,abono delivery comida
3163,15142659,DEBITO PLATAFORMA APRENDIZAJE,14.29,Educación,debito plataforma aprendizaje
3164,33609865,CARGO TC MCDONALDS WEB,47.81,Alimentación,cargo tc mcdonalds web
3165,80274372,CARGO TC CONSULTA ESPECIALISTA,65.04,Salud,cargo tc consulta especialista
3166,92059030,TEF ENVIADA PAGO CUOTAS,51.18,Educación,tef enviada pago cuotas
3167,81498200,DEBITO STEAM GAMES,45.66,Ocio,debito steam games
3168,39822796,ABONO CLARO TELECOM,131.28,Servicios,abono claro telecom
3169,55659001,PAGO WEB PEAJE TAG,27.27,Transporte,pago web peaje tag
3170,54007398,DEBITO FARMACIA AHUMADA,36.12,Salud,debito farmacia ahumada
3171,74867809,DEBITO SERVICIO TECNICO,34.91,Servicios,debito servicio tecnico
3172,33066281,TEF ENVIADA CENTRO MEDICO,66.51,Salud,tef enviada centro medico
3173,56080307,ABONO SISTEMA DUOC,84.16,Educación,abono sistema duoc
3174,77710326,CARGO TC BANCO DEL ESTADO,24.87,Servicios,cargo tc banco del estado
3175,96680604,CARGO TC TIENDA ONLINE,31.93,Ocio,cargo tc tienda online
3176,12098146,ABONO CENTRO MEDICO,95.38,Salud,abono centro medico
3177,45125720,ABONO SERVICIOS GENERALES,41.39,Servicios,abono servicios generales
3178,78761110,DEBITO CARGA BIP WEB,50.34,Transporte,debito carga bip web
3179,32121080,PAGO AUTOMATICO LIDER EXPRESS,7.58,Alimentación,pago automatico lider express
3180,15058739,PAGO WEB PLATAFORMA APRENDIZAJE,22.04,Educación,pago web plataforma aprendizaje
3181,53653777,PAGO AUTOMATICO INTEGRAMEDICA,51.11,Salud,pago automatico integramedica
3182,24391123,ABONO PEDIDOSYA CL,16.91,Alimentación,abono pedidosya cl
3183,66302151,PAGO WEB AUTOPISTA CENTRAL,31.17,Transporte,pago web autopista central
3184,67210317,COMPRA TBK PAGO CUOTAS,72.63,Servicios,compra tbk pago cuotas
3185,45668954,COMPRA TBK CRUZ VERDE LOCAL,143.38,Salud,compra tbk cruz verde local
3186,21695334,CARGO TC SHELL RUTA 5,6.94,Transporte,cargo tc shell ruta 
3187,81029647,PAGO AUTOMATICO CLINICA INDISA,142.72,Salud,pago automatico clinica indisa
3188,18072166,PAGO WEB SUPERMERCADO DIA,38.28,Alimentación,pago web supermercado dia
3189,46464544,ABONO VTR BANDA ANCHA,60.54,Servicios,abono vtr banda ancha
3190,56750216,PAGO WEB PEAJE TAG,27.12,Transporte,pago web peaje tag
3191,67465557,PAGO WEB AUTOPISTA CENTRAL,27.88,Transporte,pago web autopista central
3192,82331933,ABONO CENTRO MEDICO,71.91,Salud,abono centro medico
3193,55350898,TEF ENVIADA CLINICA INDISA,81.43,Salud,tef enviada clinica indisa
3194,55571777,CARGO TC ENTRETENIMIENTO PLUS,45.31,Ocio,cargo tc entretenimiento plus
3195,92362416,ABONO REPARACIONES HOGAR,150.81,Vivienda,abono reparaciones hogar
3196,25925976,CARGO TC MATRICULA UNIV,145.47,Educación,cargo tc matricula univ
3197,51183538,C4RGO TC TALLER AUTOMOTRIZ,62.15,Servicios,crgo tc taller automotriz
3198,19764093,DEBITO GASOLINERA,57.72,Transporte,debito gasolinera
3199,52597608,ABONO SHELL RUTA 5,8.81,Transporte,abono shell ruta 
3200,80033053,CARGO TC PEDIDOSYA CL,16.23,Alimentación,cargo tc pedidosya cl
3201,23471350,PAGO WEB TIENDA ONLINE,20.62,Ocio,pago web tienda online
3202,75851164,PAGO AUTOMATICO CENTRO MEDICO,30.17,Salud,pago automatico centro medico
3203,95539887,PAGO AUTOMATICO GASCO LIQUADO,120.44,Servicios,pago automatico gasco liquado
3204,10854347,DEBITO BAR LA ESQUINA,12.14,Ocio,debito bar la esquina
3205,59504107,DEBITO PAGO CUOTAS,50.31,Servicios,debito pago cuotas
3206,33202743,TEF ENVIADA TIENDA ONLINE,43.92,Alimentación,tef enviada tienda online
3207,18444387,DEBITO AGUAS ANDINAS,27.68,Servicios,debito aguas andinas
3208,94142699,ABONO MATRICULA UNIV,52.68,Educación,abono matricula univ
3209,22059594,PAGO AUTOMATICO JUMBO BILBAO,33.58,Alimentación,pago automatico jumbo bilbao
3210,84188311,PAGO AUTOMATICO PINTURAS SHERWIN,212.12,Vivienda,pago automatico pinturas sherwin
3211,64227365,TEF ENVIADA TIENDA ONLINE,33.53,Alimentación,tef enviada tienda online
3212,34248472,PAGO AUTOMATICO DELIVERY COMIDA,54.49,Alimentación,pago automatico delivery comida
3213,58746187,CARGO TC PAGO CUOTAS,246.71,Vivienda,cargo tc pago cuotas
3214,86667691,TEF ENVIADA OPTICA VISION,141.9,Salud,tef enviada optica vision
3215,99896917,PAGO WEB CLINICA INDISA,113.87,Salud,pago web clinica indisa
3216,62679863,TEF ENVIADA HOME CENTER,68.58,Vivienda,tef enviada home center
3217,26230918,DEBITO VTR BANDA ANCHA,100.36,Servicios,debito vtr banda ancha
3218,36618219,PAGO AUTOMATICO SHELL RUTA 5,29.36,Transporte,pago automatico shell ruta 
3219,34984420,PAGO WEB STEAM GAMES,57.62,Ocio,pago web steam games
3220,87396393,TEF ENVIADA PEDIDOSYA CL,57.54,Alimentación,tef enviada pedidosya cl
3221,32977078,DEBITO SISTEMA DUOC,143.75,Educación,debito sistema duoc
3222,88541092,ABONO TIENDA ONLINE,9.14,Ocio,abono tienda online
3223,41736415,PAGO WEB INTEGRAMEDICA,135.54,Salud,pago web integramedica
3224,87524851,DEBITO CONSULTA ESPECIALISTA,129.8,Salud,debito consulta especialista
3225,51347303,CARGO TC SISTEMA DUOC,47.35,Educación,cargo tc sistema duoc
3226,76183001,DEBITO MERCADO CENTRAL,17.04,Alimentación,debito mercado central
3227,12625340,CARGO TC TALLER AUTOMOTRIZ,89.95,Servicios,cargo tc taller automotriz
3228,76856183,PAGO WEB EXAMENES MED,95.57,Salud,pago web examenes med
3229,91014816,TEF ENVIADA SPOTIFY PREMIUM,50.37,Ocio,tef enviada spotify premium
3230,99485713,P4GO 4UTOMATICO TIENDA ONLINE,136.15,Servicios,pgo utomatico tienda online
3231,38754429,PAGO AUTOMATICO HOME CENTER,221.61,Vivienda,pago automatico home center
3232,84935401,TEF ENVIADA SERVICIO TECNICO,142.41,Servicios,tef enviada servicio tecnico
3233,23228017,TEF ENVIADA SISTEMA DUOC,28.86,Educación,tef enviada sistema duoc
3234,17286763,DEBITO CENTRO MEDICO,86.72,Salud,debito centro medico
3235,84384809,COMPRA TBK COPEC SANTIAGO,31.89,Transporte,compra tbk copec santiago
3236,77902814,PAGO AUTOMATICO BANCO DEL ESTADO,130.91,Servicios,pago automatico banco del estado
3237,59954883,DEBITO REPARACIONES HOGAR,283.57,Vivienda,debito reparaciones hogar
3238,62928192,TEF ENVIADA CLINICA INDISA,139.4,Salud,tef enviada clinica indisa
3239,21007179,TEF ENViADA ENEL DIStRIBUCION,124.05,Servicios,tef enviada enel distribucion
3240,18913189,CARGO TC TIENDA ONLINE,58.56,Servicios,cargo tc tienda online
3241,86573377,TEF ENVIADA VTR BANDA ANCHA,135.8,Servicios,tef enviada vtr banda ancha
3242,96290143,COMPRA TBK AGUAS ANDINAS,90.81,Servicios,compra tbk aguas andinas
3243,13225245,DEBITO TIENDA ONLINE,22.95,Servicios,debito tienda online
3244,78636393,CARGO TC ESTACIONAMIENTO,15.61,Transporte,cargo tc estacionamiento
3245,73095299,COMPRA TBK SISTEMA DUOC,21.57,Educación,compra tbk sistema duoc
3246,25457874,PAGO AUTOMATICO COMPRA EN AMAZON,12.99,Ocio,pago automatico compra en amazon
3247,25510146,TEF ENVIADA DELIVERY COMIDA,16.4,Alimentación,tef enviada delivery comida
3248,65044235,DEBITO DELIVERY COMIDA,30.66,Alimentación,debito delivery comida
3249,21977132,COMPRA TBK CINEMARK ONLINE,11.38,Ocio,compra tbk cinemark online
3250,34254080,COMPRA TBK SERVICIOS GENERALES,64.65,Vivienda,compra tbk servicios generales
3251,56028484,PAGO AUTOMATICO UDEMY COURSES,102.64,Educación,pago automatico udemy courses
3252,93614156,TEF ENVIADA CURSO IDIOMAS,114.55,Educación,tef enviada curso idiomas
3253,67908044,CARGO TC COPEC SANTIAGO,25.92,Transporte,cargo tc copec santiago
3254,71115136,COMPRA TBK PEAJE TAG,40.78,Transporte,compra tbk peaje tag
3255,30083236,ABONO BAR LA ESQUINA,47.04,Ocio,abono bar la esquina
3256,13048008,COMPRA TBK CLINICA INDISA,120.58,Salud,compra tbk clinica indisa
3257,55252261,DEBITO TIENDA ONLINE,52.29,Ocio,debito tienda online
3258,48481962,TEF ENVIADA PLATAFORMA APRENDIZAJE,62.58,Educación,tef enviada plataforma aprendizaje
3259,59221290,TEF ENVIADA SUPERMERCADO DIA,59.7,Alimentación,tef enviada supermercado dia
3260,97933602,ABONO CENTRO MEDICO,10.17,Salud,abono centro medico
3261,88310524,PAGO WEB GASOLINERA,32.31,Transporte,pago web gasolinera
3262,25924978,TEF ENVIADA LIDER EXPRESS,12.8,Alimentación,tef enviada lider express
3263,82429164,CARGO TC TAXI APP,25.17,Transporte,cargo tc taxi app
3264,44810342,TEF ENVIADA CLINICA INDISA,141.81,Salud,tef enviada clinica indisa
3265,74673141,COMPRA TBK CINEMARK ONLINE,56.16,Ocio,compra tbk cinemark online
3266,74331966,CARGO TC EASY PORTAL,130.78,Vivienda,cargo tc easy portal
3267,93137786,COMPRA TBK PINTURAS SHERWIN,71.53,Vivienda,compra tbk pinturas sherwin
3268,89297534,PAGO AUTOMATICO SPOTIFY PREMIUM,6.23,Ocio,pago automatico spotify premium
3269,81275948,TEF ENVIADA UBER TRIP,40.76,Transporte,tef enviada uber trip
3270,31286722,CARGO TC PEDIDOSYA CL,50.53,Alimentación,cargo tc pedidosya cl
3271,26736237,D3BITO ENtRETENIMIENTO PLUS,5.93,Ocio,dbito entretenimiento plus
3272,95877694,PAGO AUTOMATICO CENTRO MEDICO,73.21,Salud,pago automatico centro medico
3273,69433256,PAGO WEB PINTURAS SHERWIN,256.54,Vivienda,pago web pinturas sherwin
3274,33150209,CARGO TC SERVICIO TECNICO,142.41,Servicios,cargo tc servicio tecnico
3275,43702011,ABONO OPTICA VISION,74.64,Salud,abono optica vision
3276,25906087,COMPRA TBK LIDER EXPRESS,48.85,Alimentación,compra tbk lider express
3277,65374574,COMPRA TBK COLEGIO MENSUALIDAD,87.54,Educación,compra tbk colegio mensualidad
3278,22077003,PAGO AUTOMATICO MERCADO CENTRAL,31.89,Alimentación,pago automatico mercado central
3279,79370691,COMPRA TBK HOME CENTER,84.1,Vivienda,compra tbk home center
3280,29881959,CARGO TC ENTRETENIMIENTO PLUS,37.6,Ocio,cargo tc entretenimiento plus
3281,72203922,CARGO TC AGUAS ANDINAS,21.82,Servicios,cargo tc aguas andinas
3282,43085073,PAGO AUTOMATICO UDEMY COURSES,17.54,Educación,pago automatico udemy courses
3283,16415390,CARGO TC STEAM GAMES,49.71,Ocio,cargo tc steam games
3284,76039568,PAGO WEB CONSULTA ESPECIALISTA,52.03,Salud,pago web consulta especialista
3285,36380976,TEF ENVIADA TALLER AUTOMOTRIZ,13.47,Servicios,tef enviada taller automotriz
3286,80883378,TEF ENVIADA PAGO CUOTAS,104.69,Educación,tef enviada pago cuotas
3287,44059178,DEBITO SERVICIOS GENERALES,223.66,Vivienda,debito servicios generales
3288,31016411,PAGO W3B SHELL RUTA 5,50.24,Transporte,pago wb shell ruta 
3289,62831328,ABONO PINTURAS SHERWIN,202.88,Vivienda,abono pinturas sherwin
3290,80412756,CARGO TC SHELL RUTA 5,18.23,Transporte,cargo tc shell ruta 
3291,51688198,COMpRA TBK E5TACIONAMIENTO,58.08,Transporte,compra tbk etacionamiento
3292,25633618,COMPRA TBK COMPRA EN AMAZON,7.78,Ocio,compra tbk compra en amazon
3293,43865364,DEBITO CURSO IDIOMAS,15.23,Educación,debito curso idiomas
3294,82998067,CARGO TC ENTRETENIMIENTO PLUS,47.25,Ocio,cargo tc entretenimiento plus
3295,94701395,ABONO COLEGIO MENSUALIDAD,107.5,Educación,abono colegio mensualidad
3296,18828684,CARGO TC UDEMY COURSES,54.33,Educación,cargo tc udemy courses
3297,77355292,CARGO TC COPEC SANTIAGO,7.08,Transporte,cargo tc copec santiago
3298,76693570,DEBITO LIBRERIA UNIVERSITARIA,140.1,Educación,debito libreria universitaria
3299,96976700,PAGO AUTOMATICO HOME CENTER,72.79,Vivienda,pago automatico home center
3300,65643484,DEBITO PAGO CUOTAS,183.78,Vivienda,debito pago cuotas
3301,61271711,COMPRA TBK LIBRERIA UNIVERSITARIA,143.76,Educación,compra tbk libreria universitaria
3302,16590650,PAGO AUTOMATICO DIDI RIDE,31.68,Transporte,pago automatico didi ride
3303,33380113,TEF ENVIADA LIBRERIA UNIVERSITARIA,116.71,Educación,tef enviada libreria universitaria
3304,79174221,TEF ENVIADA CONDOMINIO GGCC,284.41,Vivienda,tef enviada condominio ggcc
3305,25292558,PAGO WEB LIBRERIA UNIVERSITARIA,149.39,Educación,pago web libreria universitaria
3306,45448743,COMPRA TBK SODIMAC HOME,107.8,Vivienda,compra tbk sodimac home
3307,16842526,COMPRA TBK CONDOMINIO GGCC,230.45,Vivienda,compra tbk condominio ggcc
3308,21948440,ABONO PAGO CUOTAS,67.5,Servicios,abono pago cuotas
3309,13681512,DEBITO VTR BANDA ANCHA,98.32,Servicios,debito vtr banda ancha
3310,83249011,CARGO TC ENTRETENIMIENTO PLUS,56.9,Ocio,cargo tc entretenimiento plus
3311,92572018,TEF ENVIADA AGUAS ANDINAS,90.02,Servicios,tef enviada aguas andinas
3312,29677109,ABONO TIENDA ONLINE,135.64,Educación,abono tienda online
3313,82142272,COMPRA TBK MERCADO CENTRAL,32.7,Alimentación,compra tbk mercado central
3314,19477031,DEBITO LIBRERIA UNIVERSITARIA,145.87,Educación,debito libreria universitaria
3315,31570979,CARGO TC PINTURAS SHERWIN,315.24,Vivienda,cargo tc pinturas sherwin
3316,41291228,PAGO WEB REPARACIONES HOGAR,249.88,Vivienda,pago web reparaciones hogar
3317,11548070,CARGO TC HOME CENTER,238.68,Vivienda,cargo tc home center
3318,66208717,CARGO TC JUMBO BILBAO,31.09,Alimentación,cargo tc jumbo bilbao
3319,35355653,ABONO EASY PORTAL,183.09,Vivienda,abono easy portal
3320,96966644,PAGO WEB PRONTO COPEC,41.74,Alimentación,pago web pronto copec
3321,89246165,PAGO AUTOMATICO PEAJE TAG,19.87,Transporte,pago automatico peaje tag
3322,77737903,DEBITO GASOLINERA,13.27,Transporte,debito gasolinera
3323,99962943,PAGO WEB TIENDA ONLINE,56.16,Ocio,pago web tienda online
3324,44715608,CARgO Tc SODIMAC HOME,366.65,Vivienda,cargo tc sodimac home
3325,67331056,PAGO AUTOMATICO SUPERMERCADO DIA,7.42,Alimentación,pago automatico supermercado dia
3326,84250773,TEF ENVIADA SISTEMA DUOC,88.15,Educación,tef enviada sistema duoc
3327,71772299,CARGO TC CENTRO MEDICO,91.34,Salud,cargo tc centro medico
3328,34390750,DEBITO BANCO DEL ESTADO,51.0,Servicios,debito banco del estado
3329,47988983,PAGO AUTOMATICO SUPERMERCADO DIA,50.93,Alimentación,pago automatico supermercado dia
3330,45545064,PAGO WEB SERVICIOS GENERALES,377.44,Vivienda,pago web servicios generales
3331,51928769,CARGO TC SODIMAC HOME,103.09,Vivienda,cargo tc sodimac home
3332,23718350,TEF ENVIADA SODIMAC HOME,185.08,Vivienda,tef enviada sodimac home
3333,94599602,PAGO WEB AUTOPISTA CENTRAL,27.36,Transporte,pago web autopista central
3334,92420455,TEF ENVIADA TIEND4 ONL1N3,15.75,Educación,tef enviada tiend onln
3335,30312335,CARGO TC CONDOMINIO GGCC,396.71,Vivienda,cargo tc condominio ggcc
3336,19146919,PAGO AUTOMATICO PAGO CUOTAS,69.49,Servicios,pago automatico pago cuotas
3337,38783232,COMPRA TBK COLEGIO MENSUALIDAD,149.82,Educación,compra tbk colegio mensualidad
3338,43324269,ABONO SUPERMERCADO DIA,24.68,Alimentación,abono supermercado dia
3339,37457064,DEBITO TIENDA ONLINE,110.06,Servicios,debito tienda online
3340,64711507,TEF ENVIADA ALMACEN VECINAL,54.19,Alimentación,tef enviada almacen vecinal
3341,63768735,TEF ENVIAD4 CLINICA INDISA,56.54,Salud,tef enviad clinica indisa
3342,47368451,TEF ENVIADA ENEL DISTRIBUCION,115.07,Servicios,tef enviada enel distribucion
3343,23067632,CARGO TC CONDOMINIO GGCC,200.12,Vivienda,cargo tc condominio ggcc
3344,48809347,ABONO NETFLIX.COM,20.05,Ocio,abono netflixcom
3345,18479821,PAGO AUTOMATICO TIENDA ONLINE,75.81,Servicios,pago automatico tienda online
3346,79227788,DEBITO EVENTO DEPORTIVO,11.97,Ocio,debito evento deportivo
3347,10382729,PAGO WEB CRUZ VERDE LOCAL,131.28,Salud,pago web cruz verde local
3348,20686342,TEF ENVIADA HOME CENTER,205.0,Vivienda,tef enviada home center
3349,40396847,ABONO HOME CENTER,343.91,Vivienda,abono home center
3350,45571248,PAGO AUTOMATICO MATRICULA UNIV,86.43,Educación,pago automatico matricula univ
3351,43416963,PAGO WEB TIENDA ONLINE,107.84,Educación,pago web tienda online
3352,69102324,DEBITO PAGO CUOTAS,53.63,Educación,debito pago cuotas
3353,22119306,PAGO WEB PAGO CUOTAS,55.83,Educación,pago web pago cuotas
3354,16617005,CARGO TC LIBRERIA UNIVERSITARIA,25.49,Educación,cargo tc libreria universitaria
3355,34237228,DEBITO MATRICULA UNIV,18.2,Educación,debito matricula univ
3356,61202708,CARGO TC EVENTO DEPORTIVO,53.9,Ocio,cargo tc evento deportivo
3357,20550362,COMPRA TBK PEDIDOSYA CL,28.24,Alimentación,compra tbk pedidosya cl
3358,82184638,TEF ENVIADA NETFLIX.COM,46.4,Ocio,tef enviada netflixcom
3359,43360201,TEF ENVIADA PAGO CUOTAS,67.51,Educación,tef enviada pago cuotas
3360,87748149,TEF ENVIADA ENTRETENIMIENTO PLUS,19.29,Ocio,tef enviada entretenimiento plus
3361,16597033,PAGO AUTOMATICO CRUZ VERDE LOCAL,13.47,Salud,pago automatico cruz verde local
3362,28238410,PAGO WEB ENTRETENIMIENTO PLUS,21.43,Ocio,pago web entretenimiento plus
3363,84726038,TEF ENVIADA LIBRErIA UNIvERSITARIA,95.87,Educación,tef enviada libreria universitaria
3364,68492621,PAGO AUTOMATICO PAGO CUOTAS,141.75,Vivienda,pago automatico pago cuotas
3365,58880421,CARGO TC PRONTO COPEC,31.95,Alimentación,cargo tc pronto copec
3366,86666528,PAGO WEB REPARACIONES HOGAR,207.72,Vivienda,pago web reparaciones hogar
3367,77970791,TEF ENVIADA CONSULTA ESPECIALISTA,122.74,Salud,tef enviada consulta especialista
3368,59597432,TEF ENVIADA VERDULERIA DON PEPE,19.19,Alimentación,tef enviada verduleria don pepe
3369,95031405,ABONO SERVICIOS GENERALES,114.51,Vivienda,abono servicios generales
3370,24549026,DEBITO REPARACIONES HOGAR,188.77,Vivienda,debito reparaciones hogar
3371,11228910,TEF ENVIADA CONSULTA ESPECIALISTA,107.27,Salud,tef enviada consulta especialista
3372,25893296,TEF ENVIADA TIENDA ONLINE,14.62,Ocio,tef enviada tienda online
3373,67469612,ABONO CLINICA INDISA,145.01,Salud,abono clinica indisa
3374,52413505,CARGO TC PAGO CUOTAS,264.65,Vivienda,cargo tc pago cuotas
3375,47705867,COMPRA TBK SODIMAC HOME,298.2,Vivienda,compra tbk sodimac home
3376,77559901,CARGO TC LIDER EXPRESS,49.84,Alimentación,cargo tc lider express
3377,89028730,cOMpRA TBK CENTrO MEDICO,82.28,Salud,compra tbk centro medico
3378,85004808,DEBITO PAGO CUOTAS,94.75,Vivienda,debito pago cuotas
3379,58098925,TEF ENVIADA AGUAS ANDINAS,72.17,Servicios,tef enviada aguas andinas
3380,28107315,ABONO ENEL DISTRIBUCION,149.19,Servicios,abono enel distribucion
3381,67040947,ABONO PINTURAS SHERWIN,76.65,Vivienda,abono pinturas sherwin
3382,80969219,TEF ENVIADA SPOTIFY PREMIUM,18.82,Ocio,tef enviada spotify premium
3383,56401649,CARGO TC EVENTO DEPORTIVO,43.3,Ocio,cargo tc evento deportivo
3384,16455025,ABONO TIENDA ONLINE,30.37,Ocio,abono tienda online
3385,78995442,CARGO TC CLINICA INDISA,34.48,Salud,cargo tc clinica indisa
3386,41213772,DEBITO SHELL RUTA 5,32.69,Transporte,debito shell ruta 
3387,46017965,ABONO CONSULTA ESPECIALISTA,16.6,Salud,abono consulta especialista
3388,59315248,CARGO TC TIENDA ONLINE,20.69,Ocio,cargo tc tienda online
3389,36415300,DEBITO REPARACIONES HOGAR,345.93,Vivienda,debito reparaciones hogar
3390,30691518,TEF ENVIADA LIDER EXPRESS,56.41,Alimentación,tef enviada lider express
3391,75934922,ABONO PINTURAS SHERWIN,288.76,Vivienda,abono pinturas sherwin
3392,63437980,PAGO AUTOMATICO COLEGIO MENSUALIDAD,116.98,Educación,pago automatico colegio mensualidad
3393,32328144,DEBITO CARGA BIP WEB,31.91,Transporte,debito carga bip web
3394,82329391,ABONO ALMACEN VECINAL,25.87,Alimentación,abono almacen vecinal
3395,11693235,PAGO AUTOMATICO SHELL RUTA 5,41.03,Transporte,pago automatico shell ruta 
3396,43143453,PAGO WEB LIDER EXPRESS,50.47,Alimentación,pago web lider express
3397,14456047,DEBITO CONSULTA ESPECIALISTA,64.13,Salud,debito consulta especialista
3398,77517062,CARGO TC GASCO LIQUADO,126.16,Servicios,cargo tc gasco liquado
3399,51014748,CARGO TC INTEGRAMEDICA,11.65,Salud,cargo tc integramedica
3400,19277609,DEBITO BANCO DEL ESTADO,110.12,Servicios,debito banco del estado
3401,79013223,PAGO AUTOMATICO PAGO CUOTAS,366.75,Vivienda,pago automatico pago cuotas
3402,47427169,CARGO TC TALLER AUTOMOTRIZ,45.57,Servicios,cargo tc taller automotriz
3403,17178930,CARGO TC RESTAURANT FANCY,50.42,Ocio,cargo tc restaurant fancy
3404,73768377,CARGO TC PEAJE TAG,38.15,Transporte,cargo tc peaje tag
3405,24381850,DEBITO ESTACIONAMIENTO,5.86,Transporte,debito estacionamiento
3406,99861199,ABONO ENTRETENIMIENTO PLUS,22.63,Ocio,abono entretenimiento plus
3407,71269496,COMPRA TBK COMPRA EN AMAZON,57.82,Ocio,compra tbk compra en amazon
3408,61807582,ABONO LIBRERIA UNIVERSITARIA,122.55,Educación,abono libreria universitaria
3409,30804224,PAGO WEB PAGO CUOTAS,133.87,Educación,pago web pago cuotas
3410,52211754,COMPRA TBK TIENDA ONLINE,77.37,Servicios,compra tbk tienda online
3411,46807983,ABONO CINEMARK ONLINE,51.19,Ocio,abono cinemark online
3412,14889442,CARGO TC CINEMARK ONLINE,49.56,Ocio,cargo tc cinemark online
3413,61182388,PAGO WEB TIENDA ONLINE,109.47,Servicios,pago web tienda online
3414,84725325,TEF ENVIADA CARGA BIP WEB,40.68,Transporte,tef enviada carga bip web
3415,41979677,TEF ENVIADA CURSO IDIOMAS,89.52,Educación,tef enviada curso idiomas
3416,98520749,COMPRA TBK MCDONALDS WEB,35.23,Alimentación,compra tbk mcdonalds web
3417,86045247,ABONO VERDULERIA DON PEPE,16.55,Alimentación,abono verduleria don pepe
3418,16627148,ABONO PEAJE TAG,44.14,Transporte,abono peaje tag
3419,16010551,TEF ENVIADA SISTEMA DUOC,124.27,Educación,tef enviada sistema duoc
3420,10283548,TEF ENVIADA MCDONALDS WEB,5.9,Alimentación,tef enviada mcdonalds web
3421,60922531,PAGO AUTOMATICO MERCADO CENTRAL,11.3,Ocio,pago automatico mercado central
3422,84908042,ABONO TIENDA ONLINE,55.58,Alimentación,abono tienda online
3423,11503786,DEBITO EVENTO DEPORTIVO,35.13,Ocio,debito evento deportivo
3424,22474259,TEF ENVIADA CLARO TELECOM,50.43,Servicios,tef enviada claro telecom
3425,52859035,PAGO WEB STEAM GAMES,40.74,Ocio,pago web steam games
3426,16357179,PAGO WEB SPOTIFY PREMIUM,48.24,Ocio,pago web spotify premium
3427,83864238,ABONO CENTRO MEDICO,99.81,Salud,abono centro medico
3428,89014190,CARGO TC AUTOPISTA CENTRAL,22.4,Transporte,cargo tc autopista central
3429,64261234,cOMPRA TBK SPOtIFY PREMIuM,55.38,Ocio,compra tbk spotify premium
3430,54214537,ABONO PEDIDOSYA CL,57.39,Alimentación,abono pedidosya cl
3431,54480754,PAGO AUTOMATICO PAGO CUOTAS,12.74,Educación,pago automatico pago cuotas
3432,99716761,PAGO AUTOMATICO NETFLIX.COM,26.45,Ocio,pago automatico netflixcom
3433,22119360,COmPRA TBk FaRMACIA AHUMADA,108.57,Salud,compra tbk farmacia ahumada
3434,82699548,COMPRA TBK CARGA BIP WEB,22.82,Transporte,compra tbk carga bip web
3435,15631462,ABONO PINTURAS SHERWIN,232.98,Vivienda,abono pinturas sherwin
3436,36125123,ABONO PEDIDOSYA CL,28.64,Alimentación,abono pedidosya cl
3437,60723650,CARGO TC SISTEMA DUOC,84.8,Educación,cargo tc sistema duoc
3438,71621148,TEF ENVIADA PAGO CUOTAS,119.89,Educación,tef enviada pago cuotas
3439,84547316,PAGO WEB SISTEMA DUOC,82.81,Educación,pago web sistema duoc
3440,98638976,COMPRA TBK COMPRA EN AMAZON,40.25,Ocio,compra tbk compra en amazon
3441,59794206,COMPRA TBK TIENDA ONLINE,122.4,Servicios,compra tbk tienda online
3442,20406486,CARGO TC CONDOMINIO GGCC,249.27,Vivienda,cargo tc condominio ggcc
3443,26979106,DEBITO SODIMAC HOME,57.8,Vivienda,debito sodimac home
3444,58117953,PAGO AUTOMATICO MCDONALDS WEB,30.0,Alimentación,pago automatico mcdonalds web
3445,35068109,PAGO WEB MERCADO CENTRAL,25.91,Ocio,pago web mercado central
3446,86724177,PAGO WEB FARMACIA AHUMADA,61.6,Salud,pago web farmacia ahumada
3447,55045402,ABONO SHELL RUTA 5,33.08,Transporte,abono shell ruta 
3448,22108094,PAGO AUTOMATICO MERCADO CENTRAL,41.9,Alimentación,pago automatico mercado central
3449,34813934,CARGO TC ESTACIONAMIENTO,48.12,Transporte,cargo tc estacionamiento
3450,96567889,DEBITO TIENDA ONLINE,35.33,Alimentación,debito tienda online
3451,64064636,PAGO WEB FARMACIA AHUMADA,141.6,Salud,pago web farmacia ahumada
3452,90954568,TEF ENVIADA PINTURAS SHERWIN,380.06,Vivienda,tef enviada pinturas sherwin
3453,45478283,PAGO AUTOMATICO FARMACIA AHUMADA,110.94,Salud,pago automatico farmacia ahumada
3454,84296506,TEF ENVIADA EXAMENES MED,58.53,Salud,tef enviada examenes med
3455,16089650,PAGO AUTOMATICO CONSULTA ESPECIALISTA,54.65,Salud,pago automatico consulta especialista
3456,87111120,TEF 3NVIADA PAGo CUOTAS,12.53,Servicios,tef nviada pago cuotas
3457,39468480,COMPRA TBK NETFLIX.COM,55.89,Ocio,compra tbk netflixcom
3458,71654008,CARGO TC CENTRO MEDICO,34.03,Salud,cargo tc centro medico
3459,73082694,CARGO TC VTR BANDA ANCHA,148.86,Servicios,cargo tc vtr banda ancha
3460,47580770,PAGO WEB MATRICULA UNIV,10.71,Educación,pago web matricula univ
3461,79351663,PAGO WEB MERCADO CENTRAL,15.05,Alimentación,pago web mercado central
3462,22091603,DEBITO BAR LA ESQUINA,12.49,Ocio,debito bar la esquina
3463,82778882,PAGO AUTOMATICO EASY PORTAL,373.47,Vivienda,pago automatico easy portal
3464,17907766,COMPRA TBK SERVICIO TECNICO,120.08,Servicios,compra tbk servicio tecnico
3465,59902352,COMPRA TBK UDEMY COURSES,146.46,Educación,compra tbk udemy courses
3466,24657555,ABONO MATRICULA UNIV,147.35,Educación,abono matricula univ
3467,20854298,CARGO TC SPOTIFY PREMIUM,46.11,Ocio,cargo tc spotify premium
3468,69134843,TEF ENVIADA PEDIDOSYA CL,7.93,Alimentación,tef enviada pedidosya cl
3469,67738851,TEf ENVIADA MATRICULA UNIv,93.11,Educación,tef enviada matricula univ
3470,44416872,COMPRA TBK NETFLIX.COM,54.83,Ocio,compra tbk netflixcom
3471,87041310,COMPRA TBK BANCO DEL ESTADO,119.93,Servicios,compra tbk banco del estado
3472,96685825,DEBITO PLATAFORMA APRENDIZAJE,29.72,Educación,debito plataforma aprendizaje
3473,84535522,PAGO AUTOMATICO TIENDA ONLINE,90.23,Educación,pago automatico tienda online
3474,44506148,CARGO TC TALLER AUTOMOTRIZ,49.06,Servicios,cargo tc taller automotriz
3475,21823343,PAGO AUTOMATICO EASY PORTAL,385.77,Vivienda,pago automatico easy portal
3476,37136755,TEF ENVIADA PAGO CUOTAS,122.67,Servicios,tef enviada pago cuotas
3477,19492312,COMPRA TBK PAGO CUOTAS,14.97,Servicios,compra tbk pago cuotas
3478,85360615,TEF ENVIADA CRUZ VERDE LOCAL,102.96,Salud,tef enviada cruz verde local
3479,72850412,DEBITO ARRIENDO DEPT,362.34,Vivienda,debito arriendo dept
3480,42474862,PAGO AUTOMATICO AUTOPISTA CENTRAL,23.56,Transporte,pago automatico autopista central
3481,46642579,PAGO WEB TAXI APP,58.85,Transporte,pago web taxi app
3482,36005508,DEBITO SODIMAC HOME,255.9,Vivienda,debito sodimac home
3483,77562496,CARGO TC CARGA BIP WEB,15.74,Transporte,cargo tc carga bip web
3484,61355068,CARGO TC CLINICA INDISA,138.96,Salud,cargo tc clinica indisa
3485,28508590,ABONO BANCO DEL ESTADO,85.63,Servicios,abono banco del estado
3486,69637432,COMPRA TBK CONSULTA ESPECIALISTA,139.78,Salud,compra tbk consulta especialista
3487,93198164,PAGO AUTOMATICO NETFLIX.COM,23.46,Ocio,pago automatico netflixcom
3488,85775443,PAGO AUTOMATICO PEDIDOSYA CL,15.05,Alimentación,pago automatico pedidosya cl
3489,51536803,P4GO WEB ENEL DISTRIBUCI0N,112.29,Servicios,pgo web enel distribucin
3490,23385516,COMPRA TBK COMPRA EN AMAZON,57.31,Ocio,compra tbk compra en amazon
3491,62063088,ABONO MERCADO CENTRAL,10.21,Alimentación,abono mercado central
3492,49585094,TEF ENVIADA NETFLIX.COM,43.73,Ocio,tef enviada netflixcom
3493,33776348,COMPRA TBK SERVICIOS GENERALES,108.87,Vivienda,compra tbk servicios generales
3494,41381157,DEBITO VERDULERIA DON PEPE,22.33,Alimentación,debito verduleria don pepe
3495,10087245,DEBITO FARMACIA AHUMADA,135.02,Salud,debito farmacia ahumada
3496,52110410,TEF ENVIADA CINEMARK ONLINE,48.17,Ocio,tef enviada cinemark online
3497,11419443,ABONO PLATAFORMA APRENDIZAJE,32.11,Educación,abono plataforma aprendizaje
3498,55266351,COMPRA TBK SODIMAC HOME,125.11,Vivienda,compra tbk sodimac home
3499,97869173,CARGO TC CINEMARK ONLINE,42.75,Ocio,cargo tc cinemark online
3500,92897594,PAGO AUTOMATICO LIBRERIA UNIVERSITARIA,57.57,Educación,pago automatico libreria universitaria
3501,76077091,COMPRA TBK PINTURAS SHERWIN,84.96,Vivienda,compra tbk pinturas sherwin
3502,89854240,ABONO ARRIENDO DEPT,242.76,Vivienda,abono arriendo dept
3503,18826541,DEBITO CONSULTA ESPECiALISTA,16.74,Salud,debito consulta especialista
3504,50810571,DEBITO PINTURAS SHERWIN,320.5,Vivienda,debito pinturas sherwin
3505,25907148,DEBITO ALMACEN VECINAL,5.17,Alimentación,debito almacen vecinal
3506,67499981,COMPRA TBK CLINICA INDISA,16.38,Salud,compra tbk clinica indisa
3507,50250808,COMPRA TBK LIBRERIA UNIVERSITARIA,97.76,Educación,compra tbk libreria universitaria
3508,92594049,DEBITO ALMACEN VECINAL,38.91,Alimentación,debito almacen vecinal
3509,42699596,CARGO TC PEAJE TAG,55.01,Transporte,cargo tc peaje tag
3510,58499037,CARGO TC COMPRA EN AMAZON,26.34,Ocio,cargo tc compra en amazon
3511,86422833,PAGO AUTOMATICO JUMBO BILBAO,56.73,Alimentación,pago automatico jumbo bilbao
3512,67508694,COMPRA TBK DELIVERY COMIDA,56.86,Alimentación,compra tbk delivery comida
3513,61923119,COMPRA TBK PAGO CUOTAS,110.4,Servicios,compra tbk pago cuotas
3514,42431822,COMPRA TBK PINTURAS SHERWIN,398.64,Vivienda,compra tbk pinturas sherwin
3515,39233152,DEBITO LIBRERIA UNIVERSITARIA,102.71,Educación,debito libreria universitaria
3516,60327438,CARGO TC LIBRERIA UNIVERSITARIA,130.66,Educación,cargo tc libreria universitaria
3517,60596989,PAGO AUTOMATICO JUMBO BILBAO,46.73,Alimentación,pago automatico jumbo bilbao
3518,39254929,CARGO TC VTR BANDA ANCHA,32.5,Servicios,cargo tc vtr banda ancha
3519,60933338,COMPRA TBK CRUZ VERDE LOCAL,53.83,Salud,compra tbk cruz verde local
3520,71656739,TEF ENVIADA TAXI APP,34.55,Transporte,tef enviada taxi app
3521,98783880,COMPRA TBK GASOLINERA,57.09,Transporte,compra tbk gasolinera
3522,51300844,TEF ENVIADA CINEMARK ONLINE,23.21,Ocio,tef enviada cinemark online
3523,14288027,COMPRA TBK LIDER EXPRESS,36.42,Alimentación,compra tbk lider express
3524,57804260,ABONO TIENDA ONLINE,18.44,Ocio,abono tienda online
3525,78509660,PAGO WEB MERCADO CENTRAL,18.93,Ocio,pago web mercado central
3526,62691474,COMPRA TBK MCDONALDS WEB,29.42,Alimentación,compra tbk mcdonalds web
3527,47794354,PAGO WEB VTR BANDA ANCHA,135.49,Servicios,pago web vtr banda ancha
3528,85507244,CARGO TC OPTICA VISION,87.91,Salud,cargo tc optica vision
3529,34973630,CARGO TC CURSO IDIOMAS,22.28,Educación,cargo tc curso idiomas
3530,16231220,CARGO TC PAGO CUOTAS,42.33,Educación,cargo tc pago cuotas
3531,34049258,PAGO AUTOMATICO GASCO LIQUADO,121.63,Servicios,pago automatico gasco liquado
3532,79881903,PAGO AUTOMATICO CINEMARK ONLINE,15.26,Ocio,pago automatico cinemark online
3533,89971987,PAGO AUTOMATICO OPTICA VISION,27.65,Salud,pago automatico optica vision
3534,31757048,COMPRA TBK EASY PORTAL,128.98,Vivienda,compra tbk easy portal
3535,67908115,COMPRA TBK PAGO CUOTAS,108.06,Servicios,compra tbk pago cuotas
3536,98617690,DEBITO SHELL RUTA 5,14.4,Transporte,debito shell ruta 
3537,75610054,PAGO WEB FARMACIA AHUMADA,111.19,Salud,pago web farmacia ahumada
3538,24282914,PAGO WEB RESTAURANT FANCY,47.5,Ocio,pago web restaurant fancy
3539,54602664,TEF ENVIADA PAGO CUOTAS,87.03,Educación,tef enviada pago cuotas
3540,72243471,CARGO TC SUPERMERCADO DIA,42.96,Alimentación,cargo tc supermercado dia
3541,61233557,DEBITO CONDOMINIO GGCC,244.6,Vivienda,debito condominio ggcc
3542,55589651,ABONO JUMBO BILBAO,55.44,Alimentación,abono jumbo bilbao
3543,91050580,ABONO HOME CENTER,350.33,Vivienda,abono home center
3544,30746464,PAGO AUTOMATICO TIENDA ONLINE,32.97,Alimentación,pago automatico tienda online
3545,47058987,TEF ENVIADA CURSO IDIOMAS,56.44,Educación,tef enviada curso idiomas
3546,78976320,DEBITO CRUZ VERDE LOCAL,29.33,Salud,debito cruz verde local
3547,49533233,TEF ENVIADA EVENT0 DEPORTIVO,34.52,Ocio,tef enviada event deportivo
3548,30869120,TEF ENVIADA STEAM GAMES,8.25,Ocio,tef enviada steam games
3549,47414684,CARGO TC PRONTO COPEC,41.02,Alimentación,cargo tc pronto copec
3550,24724522,DEBITO CINEMARK ONLINE,8.63,Ocio,debito cinemark online
3551,27123588,dEBITO INTEGRAMEDICA,15.06,Salud,debito integramedica
3552,30034371,CARGO TC COPEC SANTIAGO,17.05,Transporte,cargo tc copec santiago
3553,58207686,DEBITO UBER TRIP,51.78,Transporte,debito uber trip
3554,36033313,TEF ENVIADA SHELL RUTA 5,7.28,Transporte,tef enviada shell ruta 
3555,55025369,PAGO WEB VTR BANDA ANCHA,134.09,Servicios,pago web vtr banda ancha
3556,17709617,PAGO AUTOMATICO PINTURAS SHERWIN,170.55,Vivienda,pago automatico pinturas sherwin
3557,69051822,TEF ENVIADA TIENDA ONLINE,73.97,Servicios,tef enviada tienda online
3558,82111034,PAGO WEB CENTRO MEDICO,41.39,Salud,pago web centro medico
3559,19935807,DEBITO AGUAS ANDINA5,75.75,Servicios,debito aguas andina
3560,88120126,ABONO SODIMAC HOME,312.18,Vivienda,abono sodimac home
3561,13915350,COMPRA TBK SISTEMA DUOC,46.91,Educación,compra tbk sistema duoc
3562,93226902,ABONO PAGO CUOTAS,64.19,Servicios,abono pago cuotas
3563,37249427,PAGO WEB UBER TRIP,56.64,Transporte,pago web uber trip
3564,59243476,COMPRA TBK PAGO CUOTAS,192.05,Vivienda,compra tbk pago cuotas
3565,62781957,ABONO CENTRO MEDICO,74.47,Salud,abono centro medico
3566,62881948,PAGO AUTOMATICO ENEL DISTRIBUCION,140.18,Servicios,pago automatico enel distribucion
3567,58593635,PAGO WEB SUPERMERCADO DIA,24.89,Alimentación,pago web supermercado dia
3568,44190049,ABONO EXAMENES MED,52.07,Salud,abono examenes med
3569,36353271,PAGO AUTOMATICO MERCADO CENTRAL,42.67,Alimentación,pago automatico mercado central
3570,65946279,DEBITO SISTEMA DUOC,58.13,Educación,debito sistema duoc
3571,27377943,TEF ENVIADA CENTRO MEDICO,128.51,Salud,tef enviada centro medico
3572,25766710,PAGO AUTOMATICO CONDOMINIO GGCC,80.96,Vivienda,pago automatico condominio ggcc
3573,99317146,TEF ENVIADA CARGA BIP WEB,12.56,Transporte,tef enviada carga bip web
3574,53025024,DEBITO SERVICIO TECNICO,47.32,Servicios,debito servicio tecnico
3575,78885653,DEBITO SHELL RUTA 5,39.99,Transporte,debito shell ruta 
3576,89741240,DEBITO TIENDA ONLINE,57.27,Alimentación,debito tienda online
3577,64702301,DEBITO COLEGIO MENSUALIDAD,30.65,Educación,debito colegio mensualidad
3578,98317278,ABONO CARGA BIP WEB,38.04,Transporte,abono carga bip web
3579,85122416,CARGO TC TIENDA ONLINE,23.64,Ocio,cargo tc tienda online
3580,47813626,DEBITO UBER TRIP,57.1,Transporte,debito uber trip
3581,81354003,DEBITO AUTOPISTA CENTRAL,17.97,Transporte,debito autopista central
3582,14661983,TEF ENVIADA CARGA BIP WEB,49.49,Transporte,tef enviada carga bip web
3583,59102796,COMPRA TBK SHELL RUTA 5,51.66,Transporte,compra tbk shell ruta 
3584,85660611,PAGO AUT0MATiCo CURSO IDIOMAS,104.52,Educación,pago autmatico curso idiomas
3585,88762521,ABONO REPARACIONES HOGAR,299.24,Vivienda,abono reparaciones hogar
3586,95325945,DEBITO BAR LA ESQUINA,23.45,Ocio,debito bar la esquina
3587,85741435,TEF ENVIADA AUTOPISTA CENTRAL,30.97,Transporte,tef enviada autopista central
3588,89812200,PAGO AUTOMATICO CLARO TELECOM,118.77,Servicios,pago automatico claro telecom
3589,47628906,PAGO AUTOMATICO EASY PORTAL,94.27,Vivienda,pago automatico easy portal
3590,81871771,CARGO TC AUTOPISTA CENTRAL,43.38,Transporte,cargo tc autopista central
3591,92990227,CARGO TC SUPERMERCADO DIA,55.44,Alimentación,cargo tc supermercado dia
3592,63566423,ABONO FARMACIA AHUMADA,93.43,Salud,abono farmacia ahumada
3593,50545437,PAGO WEB CONSULTA ESPECIALISTA,128.19,Salud,pago web consulta especialista
3594,11818145,ABONO SHELL RUTA 5,29.93,Transporte,abono shell ruta 
3595,88987309,TEF ENVIADA CLINICA INDISA,148.22,Salud,tef enviada clinica indisa
3596,48374892,PAGO AUTOMATICO CLINICA INDISA,17.37,Salud,pago automatico clinica indisa
3597,36227933,DEBITO BAR LA ESQUINA,18.63,Ocio,debito bar la esquina
3598,52511436,ABONO TAXI APP,53.74,Transporte,abono taxi app
3599,39529338,PAGO AUTOMATICO COPEC SANTIAGO,41.18,Transporte,pago automatico copec santiago
3600,12425579,COMPRA TBK ARRIENDO DEPT,60.5,Vivienda,compra tbk arriendo dept
3601,81246829,DEBITO ENTRETENIMIENTO PLUS,50.21,Ocio,debito entretenimiento plus
3602,83683223,COMPRA TBK UBER TRIP,29.56,Transporte,compra tbk uber trip
3603,58687226,CARGO TC LIBRERIA UNIVERSITARIA,124.19,Educación,cargo tc libreria universitaria
3604,68108970,DEBITO BAR LA ESQUINA,53.9,Ocio,debito bar la esquina
3605,97306866,CARGO TC CURSO IDIOMAS,134.64,Educación,cargo tc curso idiomas
3606,96277277,COMPRA TBK SODIMAC HOME,387.71,Vivienda,compra tbk sodimac home
3607,81006112,ABONO BANCO DEL ESTADO,67.53,Servicios,abono banco del estado
3608,72115842,TEF ENVIADA CLINICA INDISA,73.42,Salud,tef enviada clinica indisa
3609,64591401,PAGO AUTOMATICO PAGO CUOTAS,36.36,Educación,pago automatico pago cuotas
3610,18314171,COMPRA TBK SODIMAC HOME,276.0,Vivienda,compra tbk sodimac home
3611,30468290,DEBITO DELIVERY COMIDA,49.75,Alimentación,debito delivery comida
3612,59323356,COMPRA TBK COLEGIO MENSUALIDAD,55.57,Educación,compra tbk colegio mensualidad
3613,33915102,COMPRA TBK UDEMy COURSES,112.13,Educación,compra tbk udemy courses
3614,98928380,TEF ENVIADA PRONTO COPEC,51.57,Alimentación,tef enviada pronto copec
3615,26564869,PAGO AUtOMATICO SH3LL RUTA 5,47.31,Transporte,pago automatico shll ruta 
3616,21656084,PAGO WEB TAXI APP,32.19,Transporte,pago web taxi app
3617,60745502,TEF ENVIADA COPEC SANTIAGO,39.23,Transporte,tef enviada copec santiago
3618,33623696,PAGO WEB CLINICA INDISA,136.91,Salud,pago web clinica indisa
3619,94713882,DEBITO SUPERMERCADO DIA,52.08,Alimentación,debito supermercado dia
3620,60134200,CARGO TC GASCO LIQUADO,145.29,Servicios,cargo tc gasco liquado
3621,30236850,TEF ENVIADA INTEGRAMEDICA,99.59,Salud,tef enviada integramedica
3622,35515341,TEF ENVIADA SERVICIOS GENERALES,135.11,Servicios,tef enviada servicios generales
3623,73576443,COMPRA TBK MATRICULA UNIV,106.77,Educación,compra tbk matricula univ
3624,27341287,ABONO GASCO LIQUADO,41.73,Servicios,abono gasco liquado
3625,14665196,PAGO WEB EASY PORTAL,214.34,Vivienda,pago web easy portal
3626,16115184,PAGO WEB JUMBO BILBAO,33.13,Alimentación,pago web jumbo bilbao
3627,77869393,ABONO PAGO CUOTAS,332.42,Vivienda,abono pago cuotas
3628,26734439,PAGO AUTOMATICO GASCO LIQUADO,31.84,Servicios,pago automatico gasco liquado
3629,84305889,DEBITO PEDIDOSYA CL,17.22,Alimentación,debito pedidosya cl
3630,22031352,DEBITO TIENDA ONLINE,144.91,Educación,debito tienda online
3631,81690032,DEBITO SERVICIOS GENERALES,350.84,Vivienda,debito servicios generales
3632,69406943,PAGO AUTOMATICO TALLER AUTOMOTRIZ,115.53,Servicios,pago automatico taller automotriz
3633,39083765,TEF ENVIADA UBER TRIP,59.02,Transporte,tef enviada uber trip
3634,78230692,TEF ENVIADA UBER TRIP,5.93,Transporte,tef enviada uber trip
3635,30665324,CARGO TC SUPERMERCADO DIA,24.04,Alimentación,cargo tc supermercado dia
3636,99255332,TEF ENVIADA COMPRA EN AMAZON,59.49,Ocio,tef enviada compra en amazon
3637,57478039,TEF ENVIADA CINEMARK ONLINE,27.28,Ocio,tef enviada cinemark online
3638,55303025,ABONO CONDOMINIO GGCC,123.87,Vivienda,abono condominio ggcc
3639,95286200,PAGO AUTOMATICO NETFLIX.COM,48.47,Ocio,pago automatico netflixcom
3640,25400191,COMPRA TBK ARRIENDO DEPT,236.05,Vivienda,compra tbk arriendo dept
3641,47014526,DEBITO CENTRO MEDICO,24.64,Salud,debito centro medico
3642,40751318,PAGO AUTOMATICO COPEC SANTIAGO,52.12,Transporte,pago automatico copec santiago
3643,29930950,DEBITO FARMACIA AHUMADA,11.9,Salud,debito farmacia ahumada
3644,33422977,TEF ENVIADA SPOTIFY PREMIUM,27.07,Ocio,tef enviada spotify premium
3645,63592665,ABONO TIENDA ONLINE,17.61,Alimentación,abono tienda online
3646,18490284,DEBITO SERVICIOS GENERALES,53.94,Servicios,debito servicios generales
3647,43745968,COMPRA TBK OPTICA VISION,89.61,Salud,compra tbk optica vision
3648,59430703,DEBITO VTR BANDA ANCHA,22.11,Servicios,debito vtr banda ancha
3649,55932113,COMPRA TBK BAR LA ESQUINA,23.15,Ocio,compra tbk bar la esquina
3650,22257297,PAGO WEB CRUZ VERDE LOCAL,90.67,Salud,pago web cruz verde local
3651,83433438,PAGO WEB ARRIENDO DEPT,223.83,Vivienda,pago web arriendo dept
3652,10070858,COMPRA TBK VTR BANDA ANCHA,123.57,Servicios,compra tbk vtr banda ancha
3653,31246090,TEF ENVIADA PRONTO COPEC,41.67,Alimentación,tef enviada pronto copec
3654,22897516,ABONO SUPERMERCADO DIA,12.48,Alimentación,abono supermercado dia
3655,37083170,TEF ENVIADA SPOTIFY PREMIUM,36.44,Ocio,tef enviada spotify premium
3656,81401187,PAGO WEB TALLER AUTOMOTRIZ,89.31,Servicios,pago web taller automotriz
3657,80225378,COMPRA TBK SERVICIOS GENERALES,216.1,Vivienda,compra tbk servicios generales
3658,74944298,PAGO AUTOMATICO MCDONALDS WEB,17.72,Alimentación,pago automatico mcdonalds web
3659,68767112,ABONO TIENDA ONLINE,101.28,Servicios,abono tienda online
3660,87413513,PAGO AUTOMATICO NETFLIX.COM,58.01,Ocio,pago automatico netflixcom
3661,57300592,DEBITO CURSO IDIOMAS,43.21,Educación,debito curso idiomas
3662,51442057,DEBITO STEAM GAMES,16.17,Ocio,debito steam games
3663,54132892,DEBITO COLEGIO MENSUALIDAD,53.23,Educación,debito colegio mensualidad
3664,87607161,DEBITO TIENDA ONLINE,40.03,Alimentación,debito tienda online
3665,31278817,COMPRA TBK DIDI RIDE,11.66,Transporte,compra tbk didi ride
3666,47955201,ABONO PEDIDO5YA CL,35.97,Alimentación,abono pedidoya cl
3667,28828124,pAGO AUTOMATICO PINTURAS SHERWIN,197.3,Vivienda,pago automatico pinturas sherwin
3668,83115848,PAGO AUTOMATICO CURSO IDIOMAS,103.15,Educación,pago automatico curso idiomas
3669,70106198,PAGO AUTOMATICO PAGO CUOTAS,257.58,Vivienda,pago automatico pago cuotas
3670,61761995,PAGO AUTOMATICO FARMACIA AHUMADA,134.67,Salud,pago automatico farmacia ahumada
3671,14432708,CARGO TC SODIMAC HOME,58.07,Vivienda,cargo tc sodimac home
3672,73117198,CARGO TC AUTOPISTA CENTRAL,15.95,Transporte,cargo tc autopista central
3673,92739686,CARGO TC PAGO CUOTAS,36.11,Educación,cargo tc pago cuotas
3674,95226879,COMPRA TBK PAGO CUOTAS,247.9,Vivienda,compra tbk pago cuotas
3675,39895678,PAGO WEB CLINICA INDISA,54.95,Salud,pago web clinica indisa
3676,11067974,PAGO WEB PEDIDOSYA CL,14.86,Alimentación,pago web pedidosya cl
3677,72098857,TEF ENVIADA FARMACIA AHUMADA,67.89,Salud,tef enviada farmacia ahumada
3678,20517721,CARGO TC TAXI APP,51.93,Transporte,cargo tc taxi app
3679,85107047,PAGO WEB LIBRERIA UNIVERSITARIA,127.67,Educación,pago web libreria universitaria
3680,47808190,PAGO WEB SERVICIO TECNICO,67.95,Servicios,pago web servicio tecnico
3681,45128164,CARGO TC ARRIENDO DEPT,356.13,Vivienda,cargo tc arriendo dept
3682,19797079,CARGO TC INTEGRAMEDICA,120.84,Salud,cargo tc integramedica
3683,90997797,PAGO AUTOMATICO FARMACIA AHUMADA,92.47,Salud,pago automatico farmacia ahumada
3684,44692423,TEF ENVIADA TIENDA ONLINE,48.61,Servicios,tef enviada tienda online
3685,46190360,TEF ENVIADA PINTURAS SHERWIN,356.98,Vivienda,tef enviada pinturas sherwin
3686,98232407,PAGO WEB CRUZ VERDE LOCAL,107.95,Salud,pago web cruz verde local
3687,74025619,TEF ENVIADA U8ER TRIP,44.8,Transporte,tef enviada uer trip
3688,96240962,DEBITO GASOLINERA,47.38,Transporte,debito gasolinera
3689,23906478,COMPRA TBK LIBRERIA UNIVERSITARIA,145.43,Educación,compra tbk libreria universitaria
3690,33264910,PAGO AUTOMATICO TIENDA ONLINE,26.12,Servicios,pago automatico tienda online
3691,79601571,PAGO AUTOMATICO SODIMAC HOME,171.71,Vivienda,pago automatico sodimac home
3692,88598588,CARGO TC CENTRO MEDICO,28.47,Salud,cargo tc centro medico
3693,15759381,COMPRA TBK VTR BANDA ANCHA,52.25,Servicios,compra tbk vtr banda ancha
3694,18601785,ABONO PAGO CUOTAS,30.77,Educación,abono pago cuotas
3695,13675662,PAGO WEB SISTEMA DUOC,29.8,Educación,pago web sistema duoc
3696,25408026,COMPRA TBK RESTAURANT FANCY,16.22,Ocio,compra tbk restaurant fancy
3697,57813594,CARGO TC SERVICIOS GENERALES,84.03,Servicios,cargo tc servicios generales
3698,55282621,TEF ENVIADA PAGO CUOTAS,97.92,Educación,tef enviada pago cuotas
3699,67746387,COMPRA TBK SERVICIOS GENERALES,145.92,Servicios,compra tbk servicios generales
3700,19232076,PAGO WEB SUPERMERCADO DIA,19.36,Alimentación,pago web supermercado dia
3701,53923567,TEF ENVIADA EXAMENES MED,65.52,Salud,tef enviada examenes med
3702,82751344,COMPRA TBK SHELL RUTA 5,35.29,Transporte,compra tbk shell ruta 
3703,35567631,CARGO TC ALMACEN VECINAL,50.58,Alimentación,cargo tc almacen vecinal
3704,36159411,COMPRA TBK UBER TRIP,22.05,Transporte,compra tbk uber trip
3705,98049954,CARGO TC CLINICA INDISA,25.09,Salud,cargo tc clinica indisa
3706,87771867,DEBITO INTEGRAMEDICA,68.2,Salud,debito integramedica
3707,82514117,ABONO ENTRETENIMIENTO PLUS,50.72,Ocio,abono entretenimiento plus
3708,97392532,ABONO TIENDA ONLINE,22.26,Alimentación,abono tienda online
3709,61194546,PAGO WEB CINEMARK ONLINE,46.43,Ocio,pago web cinemark online
3710,96789632,ABONO MCDONALDS WEB,41.45,Alimentación,abono mcdonalds web
3711,45365829,CARGO TC PAGO CUOTAS,115.91,Vivienda,cargo tc pago cuotas
3712,17844402,TEF ENVIADA PRONTO COPEC,13.53,Alimentación,tef enviada pronto copec
3713,85039056,COMPRA TBK PLATAFORMA APRENDIZAJE,95.33,Educación,compra tbk plataforma aprendizaje
3714,70190702,PAGO AUTOMATICO CENTRO MEDICO,115.22,Salud,pago automatico centro medico
3715,79835357,TEF ENVIADA CINEMARK ONLINE,59.67,Ocio,tef enviada cinemark online
3716,28044506,COMPRA TBK SISTEMA DUOC,56.23,Educación,compra tbk sistema duoc
3717,11336919,TEF ENVIADA COLEGIO MENSUALIDAD,42.16,Educación,tef enviada colegio mensualidad
3718,69186422,CARGO TC DIDI RIDE,8.72,Transporte,cargo tc didi ride
3719,71242777,DEBITO SPOTIFY PREMIUM,25.09,Ocio,debito spotify premium
3720,29058172,PAGO AUTOMATICO ENEL DISTRIBUCION,118.63,Servicios,pago automatico enel distribucion
3721,43436784,ABONO PLATAFORMA APRENDIZAJE,135.81,Educación,abono plataforma aprendizaje
3722,38267512,CARGO TC MCDONALDS WEB,8.08,Alimentación,cargo tc mcdonalds web
3723,44670469,DEBITO DIDI RIDE,49.88,Transporte,debito didi ride
3724,27691237,COMPRA TBK DIDI RIDE,7.57,Transporte,compra tbk didi ride
3725,88051323,PAGO AUTOMATICO LIBRERIA UNIVERSITARIA,123.33,Educación,pago automatico libreria universitaria
3726,31883430,COMPRA TBK ENEL DISTRIBUCION,144.07,Servicios,compra tbk enel distribucion
3727,60103462,CARGO TC CINEMARK ONLINE,8.22,Ocio,cargo tc cinemark online
3728,83345228,ABONO TALLER AUTOMOTRIZ,74.76,Servicios,abono taller automotriz
3729,96193700,ABONO AGUAS ANDINAS,99.05,Servicios,abono aguas andinas
3730,24209744,ABONO REPARACIONES HOGAR,267.8,Vivienda,abono reparaciones hogar
3731,45394511,ABONO TIENDA ONLINE,17.01,Servicios,abono tienda online
3732,69150591,PAGO WEB INTEGRAMEDICA,31.57,Salud,pago web integramedica
3733,77885883,DEBITO EVENTO DEPORTIVO,52.97,Ocio,debito evento deportivo
3734,15382566,TEF ENVIADA MCDONALDS WEB,49.15,Alimentación,tef enviada mcdonalds web
3735,81642266,PAGO AUTOMATICO PLATAFORMA APRENDIZAJE,49.44,Educación,pago automatico plataforma aprendizaje
3736,94181500,TEF ENVIADA CLINICA INDISA,36.27,Salud,tef enviada clinica indisa
3737,27447060,ABONO COLEGIO MENSUALIDAD,21.84,Educación,abono colegio mensualidad
3738,78922513,PAGO WEB LIDER EXPRESS,7.31,Alimentación,pago web lider express
3739,92435286,DEBITO RESTAURANT FANCY,7.75,Ocio,debito restaurant fancy
3740,40270833,AbONO MERcADO CENTRAL,37.9,Alimentación,abono mercado central
3741,92845962,PAGO WEB FARMACIA AHUMADA,45.25,Salud,pago web farmacia ahumada
3742,24682341,PAGO WEB CLINICA INDISA,79.16,Salud,pago web clinica indisa
3743,62051034,TEF ENVIADA UBER TRIP,46.16,Transporte,tef enviada uber trip
3744,31951279,PAGO WEB DIDI RIDE,6.18,Transporte,pago web didi ride
3745,60422980,TEF ENVIADA CLARO TELECOM,34.66,Servicios,tef enviada claro telecom
3746,89336448,DEBITO RESTAURANT FANCY,53.35,Ocio,debito restaurant fancy
3747,10202363,TEF ENVIADA ARRIENDO DEPT,292.32,Vivienda,tef enviada arriendo dept
3748,49517409,TEF ENVIADA GASCO LIQUADO,52.29,Servicios,tef enviada gasco liquado
3749,79600607,CARGO TC ENEL DISTRIBUCION,79.87,Servicios,cargo tc enel distribucion
3750,12793011,COMPRA TBK PLATAFORMA APRENDIZAJE,122.62,Educación,compra tbk plataforma aprendizaje
3751,78113730,PAGO WEB PEDIDOSYA CL,42.64,Alimentación,pago web pedidosya cl
3752,35429761,ABONO SUPERMERCADO DIA,48.34,Alimentación,abono supermercado dia
3753,34381903,CARGO TC PAGO CUOTAS,189.04,Vivienda,cargo tc pago cuotas
3754,90226319,TEF ENVIADA ENTRETENIMIENTO PLUS,45.76,Ocio,tef enviada entretenimiento plus
3755,76841520,CARGO TC ARRIENDO DEPT,215.96,Vivienda,cargo tc arriendo dept
3756,86133493,TEF ENVIADA VTR BANDA ANCHA,31.51,Servicios,tef enviada vtr banda ancha
3757,21236031,PAGO AUTOMATICO EASY PORTAL,99.62,Vivienda,pago automatico easy portal
3758,86867112,COMPRA TBK MATRICULA UNIV,111.52,Educación,compra tbk matricula univ
3759,19574538,PAGO WEB UBER TRIP,22.74,Transporte,pago web uber trip
3760,41217887,TEF ENVIAD4 TALLER AUt0MOTRIZ,71.02,Servicios,tef enviad taller autmotriz
3761,93540199,DEBITO CONDOMINIO GGCC,302.95,Vivienda,debito condominio ggcc
3762,20200250,COMPRA TBK CINEMARK ONLINE,23.44,Ocio,compra tbk cinemark online
3763,55586036,DEBITO CRUZ VERDE LOCAL,23.59,Salud,debito cruz verde local
3764,15428771,TEF ENVIADA SHELL RUTA 5,7.4,Transporte,tef enviada shell ruta 
3765,31076736,ABONO TIENDA ONLINE,18.99,Educación,abono tienda online
3766,22664947,TEF ENVIADA SPOTIFY PREMIUM,57.24,Ocio,tef enviada spotify premium
3767,78633818,CARGO TC SHELL RUTA 5,41.45,Transporte,cargo tc shell ruta 
3768,68443796,PAGO WEB PEDIDOSYA CL,34.89,Alimentación,pago web pedidosya cl
3769,11132274,PAGO AUTOMATICO CURSO IDIOMAS,24.56,Educación,pago automatico curso idiomas
3770,84661566,PAGO WEB COLEGIO MENSUALIDAD,85.21,Educación,pago web colegio mensualidad
3771,10128848,CARGO TC PINTURAS SHERWIN,64.9,Vivienda,cargo tc pinturas sherwin
3772,76817345,PAGO WEB CONDOMINIO GGCC,204.79,Vivienda,pago web condominio ggcc
3773,79898039,TEF ENVIADA CURSO IDIOMAS,55.82,Educación,tef enviada curso idiomas
3774,63592573,DEBITO TIENDA ONLINE,46.19,Ocio,debito tienda online
3775,27354510,PAGO WEB AGUAS ANDINAS,40.48,Servicios,pago web aguas andinas
3776,68534862,COMPRA TBK CINEMARK ONLINE,49.48,Ocio,compra tbk cinemark online
3777,51022074,TEF ENVIADA SHELL RUTA 5,42.96,Transporte,tef enviada shell ruta 
3778,81390079,TEF ENVIADA PRONTO COPEC,16.93,Alimentación,tef enviada pronto copec
3779,78595982,DEBITO PRONTO COPEC,55.44,Alimentación,debito pronto copec
3780,92543545,COMPRA TBK COLEGIO MENSUALIDAD,72.51,Educación,compra tbk colegio mensualidad
3781,92270938,PAGO WEB TALLER AUTOMOTRIZ,48.88,Servicios,pago web taller automotriz
3782,78945937,COMPRA TBK MERCADO CENTRAL,43.41,Ocio,compra tbk mercado central
3783,67980848,COMPRA TBK TIENDA ONLINE,28.22,Alimentación,compra tbk tienda online
3784,36401764,DEBITO MCDOnALDS WEB,46.14,Alimentación,debito mcdonalds web
3785,35307028,TEF ENVIADA PLATAFORMA APRENDIZAJE,132.22,Educación,tef enviada plataforma aprendizaje
3786,81062939,DEBITO P3DIDOSYA CL,54.45,Alimentación,debito pdidosya cl
3787,31721638,CARGO TC UDEMY COURSES,139.49,Educación,cargo tc udemy courses
3788,85773321,TEF ENVIADA TIENDA ONLINE,117.42,Servicios,tef enviada tienda online
3789,68008304,PAGO AUTOMATICO JUMBO BILBAO,14.02,Alimentación,pago automatico jumbo bilbao
3790,33798199,TEF ENVIADA SERVICIOS GENERALES,345.34,Vivienda,tef enviada servicios generales
3791,37359832,PAGO WEB PEAJE TAG,16.8,Transporte,pago web peaje tag
3792,55127018,DEBITO SERVICIOS GENERALES,272.25,Vivienda,debito servicios generales
3793,64021354,ABONO MERCADO CENTRAL,14.74,Ocio,abono mercado central
3794,50896516,TEF ENVIADA EASY PORTAL,387.8,Vivienda,tef enviada easy portal
3795,99096950,COMPRA TBK JUMBO BILBAO,32.82,Alimentación,compra tbk jumbo bilbao
3796,30448683,TEF ENVIADA DIDI RIDE,10.45,Transporte,tef enviada didi ride
3797,56885958,DEBITO TIENDA ONLINE,135.68,Educación,debito tienda online
3798,12655477,PAGO WEB EASY PORTAL,192.12,Vivienda,pago web easy portal
3799,15831593,PAGO AUTOMATICO PAGO CUOTAS,197.87,Vivienda,pago automatico pago cuotas
3800,10842074,ABONO RESTAURANT FANCY,39.91,Ocio,abono restaurant fancy
3801,45755742,COMPRA TBK TIENDA ONLINE,44.63,Educación,compra tbk tienda online
3802,69672487,TEF ENVIADA SUPERMERCADO DIA,57.61,Alimentación,tef enviada supermercado dia
3803,57290715,PAGO WEB MERCADO CENTRAL,58.35,Alimentación,pago web mercado central
3804,50118830,DEBITO HOME CENTER,172.48,Vivienda,debito home center
3805,30223295,DEBITO CONDOMINIO GGCC,295.52,Vivienda,debito condominio ggcc
3806,63586934,DEBITO REPARACIONES HOGAR,236.85,Vivienda,debito reparaciones hogar
3807,87141121,PAGO WEB VTR BANDA ANCHA,126.12,Servicios,pago web vtr banda ancha
3808,92777798,PAGO AUTOMATICO AUTOPISTA CENTRAL,32.9,Transporte,pago automatico autopista central
3809,90845239,CARGO TC MATRICULA UNIV,48.2,Educación,cargo tc matricula univ
3810,49978296,ABONO SODIMAC HOME,360.31,Vivienda,abono sodimac home
3811,73777515,PAGO AUTOMATICO UDEMY COURSES,29.98,Educación,pago automatico udemy courses
3812,50871016,PAGO AUTOMATICO PAGO CUOTAS,18.81,Educación,pago automatico pago cuotas
3813,76844525,PAGO AUTOMATICO SERVICIOS GEN3RALES,139.22,Vivienda,pago automatico servicios genrales
3814,78324734,PAGO AUTOMATICO EXAMENES MED,37.1,Salud,pago automatico examenes med
3815,65157243,ABONO TIENDA ONLINE,74.69,Educación,abono tienda online
3816,56085359,PAGO WEB OPTICA VISION,38.88,Salud,pago web optica vision
3817,24336847,PAGO WEB COMPRA EN AMAZON,59.85,Ocio,pago web compra en amazon
3818,11325577,CARGO TC CRUZ VERDE LOCAL,120.93,Salud,cargo tc cruz verde local
3819,11330468,ABONO PEAJE TAG,22.97,Transporte,abono peaje tag
3820,14214307,ABONO SHELL RUTA 5,14.02,Transporte,abono shell ruta 
3821,48906764,COMPRA TBK ESTACIONAMIENTO,35.41,Transporte,compra tbk estacionamiento
3822,46313891,ABONO JUMBO BILBAO,34.41,Alimentación,abono jumbo bilbao
3823,39721110,PAGO WEB CONSULTA ESPECIALISTA,10.08,Salud,pago web consulta especialista
3824,15522926,TEF ENVIADA TIENDA ONLINE,56.18,Educación,tef enviada tienda online
3825,73582537,PAGO WEB INTEGRAMEDICA,46.67,Salud,pago web integramedica
3826,41750868,PAGO WEB AGUAS ANDINAS,12.04,Servicios,pago web aguas andinas
3827,62395558,C0MPRA TBK REPARACIONES HOGAR,315.92,Vivienda,cmpra tbk reparaciones hogar
3828,90052851,PAGO WEB EASY PORTAL,174.56,Vivienda,pago web easy portal
3829,23031387,CARGO TC COPEC SANTIAGO,35.69,Transporte,cargo tc copec santiago
3830,82660418,TEF ENVIADA TIENDA ONLINE,103.1,Servicios,tef enviada tienda online
3831,77465025,PAGO AUTOMATICO CENTRO MEDICO,116.56,Salud,pago automatico centro medico
3832,73364738,DEBITO NETFLIX.COM,13.91,Ocio,debito netflixcom
3833,37386444,COMPRA TBK NETFLIX.COM,28.52,Ocio,compra tbk netflixcom
3834,49678304,COMPRA TBK SPOTIFY PREMIUM,21.67,Ocio,compra tbk spotify premium
3835,15807045,PAGO WEB CLINICA INDISA,65.08,Salud,pago web clinica indisa
3836,63803762,PAGO AUTOMATICO CONSULTA ESPECIALISTA,124.59,Salud,pago automatico consulta especialista
3837,60711458,CARGO TC CLINICA INDISA,29.85,Salud,cargo tc clinica indisa
3838,56196801,COMPRA TBK VTR BANDA ANCHA,95.58,Servicios,compra tbk vtr banda ancha
3839,67105644,TEF ENVIADA PAGO CUOTAS,318.84,Vivienda,tef enviada pago cuotas
3840,54531458,COMPRA TBK UBER TRIP,17.98,Transporte,compra tbk uber trip
3841,13945942,DEBITO ENTRETENIMIENTO PLUS,19.22,Ocio,debito entretenimiento plus
3842,48731706,PAGO AUTOMATICO OPTICA VISION,105.86,Salud,pago automatico optica vision
3843,68662999,PAGO WEB CONSULTA ESPECIALISTA,55.68,Salud,pago web consulta especialista
3844,10819619,PAGO WEB ALMACEN VECINAL,31.9,Alimentación,pago web almacen vecinal
3845,56667256,CARGO TC MCDONALDS WEB,17.0,Alimentación,cargo tc mcdonalds web
3846,34808116,COMPRA TBK G4SOLINERA,57.06,Transporte,compra tbk gsolinera
3847,41786590,DEBITO AGUAS ANDINAS,139.24,Servicios,debito aguas andinas
3848,76391266,DEBITO CINEMARK ONLINE,13.64,Ocio,debito cinemark online
3849,43068667,PAGO WEB CLARO TELECOM,96.45,Servicios,pago web claro telecom
3850,84375928,DEBITO PLATAFORMA APRENDIZAJE,55.46,Educación,debito plataforma aprendizaje
3851,56476289,DEBITO GASOLINERA,12.7,Transporte,debito gasolinera
3852,77425226,COMPRA TBK SERVICIO TECNICO,55.88,Servicios,compra tbk servicio tecnico
3853,55095578,PAGO AUTOMATICO FARMACIA AHUMADA,138.27,Salud,pago automatico farmacia ahumada
3854,22448176,CARGO TC UDEMY COURSES,46.17,Educación,cargo tc udemy courses
3855,59139993,CARGO TC PINTURAS SHERWIN,273.52,Vivienda,cargo tc pinturas sherwin
3856,80991030,CARGO TC CLINICA INDISA,112.45,Salud,cargo tc clinica indisa
3857,71907135,COMPRA TBK CLARO TELECOM,26.67,Servicios,compra tbk claro telecom
3858,86648532,DEBITO LIBRERIA UNIVERSITARIA,74.32,Educación,debito libreria universitaria
3859,37269624,ABONO EXAMENES MED,15.13,Salud,abono examenes med
3860,39829291,PAGO WEB ESTACIONAMIENTO,15.74,Transporte,pago web estacionamiento
3861,19213734,PAGO AUTOMATICO SISTEMA DUOC,106.37,Educación,pago automatico sistema duoc
3862,67327614,PAGO WEB PEAJE TAG,56.5,Transporte,pago web peaje tag
3863,33499185,PAGO WEB CURSO IDIOMAS,123.69,Educación,pago web curso idiomas
3864,74413640,CARGO TC COLEGIO MENSUALIDAD,86.06,Educación,cargo tc colegio mensualidad
3865,68357188,CARGO TC COPEC SANTIAGO,15.12,Transporte,cargo tc copec santiago
3866,69749751,CARGO TC SPOTIFY PREMIUM,43.03,Ocio,cargo tc spotify premium
3867,53947932,ABONO REPARACIONES HOGAR,305.13,Vivienda,abono reparaciones hogar
3868,85769270,COMPRA TBK HOME CENTER,352.22,Vivienda,compra tbk home center
3869,49263700,DEBITO CENTRO MEDICO,49.09,Salud,debito centro medico
3870,69417259,COMPRA TBK PAGO CUOTAS,309.81,Vivienda,compra tbk pago cuotas
3871,18765008,ABONO GASOLINERA,59.28,Transporte,abono gasolinera
3872,88874493,ABONO DIDI RIDE,38.25,Transporte,abono didi ride
3873,45164121,DEBITO CENTRO MEDICO,146.03,Salud,debito centro medico
3874,88629743,PAGO WEB CRUZ VERDE LOCAL,120.64,Salud,pago web cruz verde local
3875,12276587,COMPRA TBK NETF1Ix.COM,34.22,Ocio,compra tbk netfixcom
3876,21406410,TEF ENVIADA AUTOPISTA CENTRAL,34.72,Transporte,tef enviada autopista central
3877,32844016,CARGO TC HOME CENTER,277.69,Vivienda,cargo tc home center
3878,79350676,DEBITO PINTURAS SHERWIN,154.14,Vivienda,debito pinturas sherwin
3879,88227316,PAGO WEB BANCO DEL ESTADO,61.9,Servicios,pago web banco del estado
3880,75804038,CARGO TC PEAJE TAG,23.07,Transporte,cargo tc peaje tag
3881,26967591,CARGO TC COMPRA EN AMAZON,57.0,Ocio,cargo tc compra en amazon
3882,34045121,ABONO SPOTIFY PREMIUM,12.89,Ocio,abono spotify premium
3883,98628416,DEBITO PAGO CUOTAS,364.02,Vivienda,debito pago cuotas
3884,28476277,ABONO BANCO DEL ESTADO,51.89,Servicios,abono banco del estado
3885,70646711,DEBITO SISTEMA DUOC,135.82,Educación,debito sistema duoc
3886,81017405,CARGO TC SODIMAC HOME,154.74,Vivienda,cargo tc sodimac home
3887,45685256,ABONO CONSULTA ESPECIALISTA,121.27,Salud,abono consulta especialista
3888,31458188,PAGO AUTOMATICO TAXI APP,33.77,Transporte,pago automatico taxi app
3889,39210851,COMPRA TBK HOME CENTER,273.37,Vivienda,compra tbk home center
3890,68306519,PAGO WEB PEAJE TAG,51.69,Transporte,pago web peaje tag
3891,75992723,PAGO WEB LIDER EXPRESS,50.89,Alimentación,pago web lider express
3892,13041899,CARGO TC PRONTO COPEC,45.58,Alimentación,cargo tc pronto copec
3893,72815282,ABONO MATRICULA UNIV,90.79,Educación,abono matricula univ
3894,67072792,TEF ENVIADA CONSULTA ESPECIALISTA,139.45,Salud,tef enviada consulta especialista
3895,60152980,TEF ENVIADA SISTEMA DUOC,22.52,Educación,tef enviada sistema duoc
3896,82271017,CARGO TC BANCO DEL ESTADO,115.12,Servicios,cargo tc banco del estado
3897,62957459,DEBItO SERvICIOS GENERALES,12.8,Servicios,debito servicios generales
3898,88449326,COMPRA TBK SPOTIFY PREMIUM,9.39,Ocio,compra tbk spotify premium
3899,73660887,TEF ENVIADA PEAJE TAG,21.91,Transporte,tef enviada peaje tag
3900,67256197,CARGO TC RESTAURANT FANCY,7.32,Ocio,cargo tc restaurant fancy
3901,23564624,CARGO TC TIENDA ONLINE,52.06,Alimentación,cargo tc tienda online
3902,18186816,COMPRA TBK SPOTIFY PREMIUM,53.36,Ocio,compra tbk spotify premium
3903,63748955,DEBITO INTEGRAMEDICA,19.76,Salud,debito integramedica
3904,63963175,TEF ENVIADA OPTICA VISION,29.58,Salud,tef enviada optica vision
3905,78405004,TEF ENVIADA EASY PORTAL,302.22,Vivienda,tef enviada easy portal
3906,93038086,TEF ENVIADA ARRIENDO DEPT,71.12,Vivienda,tef enviada arriendo dept
3907,67740709,CARGO TC DELIVERY COMIDA,9.97,Alimentación,cargo tc delivery comida
3908,21535774,PAGO AUTOMATICO BAR LA ESQUINA,40.79,Ocio,pago automatico bar la esquina
3909,88488268,ABONO TALLER AUTOMOTRIZ,78.23,Servicios,abono taller automotriz
3910,25527671,CARGO TC AUTOPISTA CENTRAL,10.57,Transporte,cargo tc autopista central
3911,92335103,PAGO AUTOMATICO INTEGRAMEDICA,15.96,Salud,pago automatico integramedica
3912,34388806,TEF ENVIADA PEAJE TAG,30.13,Transporte,tef enviada peaje tag
3913,97262584,PAGO WEB VTR BANDA ANCHA,62.95,Servicios,pago web vtr banda ancha
3914,79959650,TEF ENVIADA PEDIDOSYA CL,9.52,Alimentación,tef enviada pedidosya cl
3915,65325710,CARGO TC CLARO TELECOM,20.72,Servicios,cargo tc claro telecom
3916,53396592,DEBITO SUPERMERCADO DIA,39.9,Alimentación,debito supermercado dia
3917,95203223,PAGO WEB AUTOPISTA CENTRAL,55.55,Transporte,pago web autopista central
3918,26702017,COMPRA TBK PINTURAS SHERWIN,63.12,Vivienda,compra tbk pinturas sherwin
3919,75311205,PAGO W3B MERCADO CENTRAL,28.08,Ocio,pago wb mercado central
3920,23750417,ABONO CONDOMINIO GGCC,142.15,Vivienda,abono condominio ggcc
3921,87713623,PAGO AUTOMATICO EXAMENES MED,42.19,Salud,pago automatico examenes med
3922,87193004,COMPRA TBK INTEGRAMEDICA,121.62,Salud,compra tbk integramedica
3923,98486477,PAGO AUTOMATICO PAGO CUOTAS,351.09,Vivienda,pago automatico pago cuotas
3924,77868041,PAGO WEB NETFLIX.COM,34.51,Ocio,pago web netflixcom
3925,46188108,PAGO WEB CLARO TELECOM,131.96,Servicios,pago web claro telecom
3926,41826980,COMPRA TBK SERVICIO TECNICO,126.36,Servicios,compra tbk servicio tecnico
3927,70891160,PAGO WEB SERVICIO TECNICO,29.01,Servicios,pago web servicio tecnico
3928,36379956,PAGO AUTOMATICO EASY PORTAL,57.45,Vivienda,pago automatico easy portal
3929,24181221,PAGO WEB HOME CENTER,315.15,Vivienda,pago web home center
3930,14713027,ABONO CLARO TELECOM,38.43,Servicios,abono claro telecom
3931,18724926,PAGO WEB GASOLINERA,32.9,Transporte,pago web gasolinera
3932,58203522,PAGO AUTOMATICO PEAJE TAG,57.9,Transporte,pago automatico peaje tag
3933,73739506,TEF ENVIADA DIDI RIDE,29.72,Transporte,tef enviada didi ride
3934,11131286,COMPRA TBK CLARO TELECOM,94.71,Servicios,compra tbk claro telecom
3935,95485363,CARGO TC COLEGIO MENSUALIDAD,132.27,Educación,cargo tc colegio mensualidad
3936,27883205,PAGO WEB MCDONALDS WEB,24.18,Alimentación,pago web mcdonalds web
3937,19102656,COMPRA TBK VTR BANDA ANCHA,101.73,Servicios,compra tbk vtr banda ancha
3938,97560003,COMPRA TBK DIDI RIDE,24.59,Transporte,compra tbk didi ride
3939,47513650,COMPRA TBK CONDOMINIO GGCC,73.2,Vivienda,compra tbk condominio ggcc
3940,46522173,DEBITO MERCADO CENTRAL,10.48,Alimentación,debito mercado central
3941,42238832,CARGO TC UBER TRIP,51.21,Transporte,cargo tc uber trip
3942,92694983,COMPRA TBK SPOTIFY PREMIUM,22.03,Ocio,compra tbk spotify premium
3943,83012583,TEF ENVIADA CINEMARK ONLINE,57.37,Ocio,tef enviada cinemark online
3944,73709054,DEBITO SUPERMERCADO DIA,13.31,Alimentación,debito supermercado dia
3945,64609682,ABONO PINTURAS SHERWIN,121.64,Vivienda,abono pinturas sherwin
3946,50070341,COMPRA TBK AUTOPISTA CENTRAL,48.64,Transporte,compra tbk autopista central
3947,96662531,COMPRA TBK CARGA BIP WEB,42.04,Transporte,compra tbk carga bip web
3948,93464229,COMPRA TBK TAXI APP,7.84,Transporte,compra tbk taxi app
3949,23316648,PAGO AUTOMATICO CARGA BIP WEB,42.81,Transporte,pago automatico carga bip web
3950,30326795,PAGO 4UTOMAT1CO COPEc SANTIAGO,47.85,Transporte,pago utomatco copec santiago
3951,41735204,CARGO TC SUPERMERCADO DIA,26.5,Alimentación,cargo tc supermercado dia
3952,86670701,DEBITO TALLER AUTOMOTRIZ,60.45,Servicios,debito taller automotriz
3953,14029896,PAGO WEB HOME c3NTER,70.98,Vivienda,pago web home cnter
3954,85576096,TEF ENVIADA ARRIENDO DEPT,387.99,Vivienda,tef enviada arriendo dept
3955,22009163,TEF ENVIADA MERCADO CENTRAL,15.42,Alimentación,tef enviada mercado central
3956,31508083,DEBITO ENEL DISTRIBUCION,23.09,Servicios,debito enel distribucion
3957,15537346,ABONO PEAJE TAG,45.88,Transporte,abono peaje tag
3958,29130730,DEBITO EASY PORTAL,114.97,Vivienda,debito easy portal
3959,47490735,CARGO TC PRONTO COPEC,45.89,Alimentación,cargo tc pronto copec
3960,32439039,PAGO AUTOMATICO AGUAS ANDINAS,86.6,Servicios,pago automatico aguas andinas
3961,29421271,ABONO M3RcADO CENTRAL,50.38,Alimentación,abono mrcado central
3962,27682464,CARGO TC CLARO TELECOM,35.71,Servicios,cargo tc claro telecom
3963,29336846,DEBITO SHELL RUTA 5,23.83,Transporte,debito shell ruta 
3964,29047652,CARGO TC GASOLINERA,57.49,Transporte,cargo tc gasolinera
3965,69871522,PAGO WEB NETFLIX.COM,48.88,Ocio,pago web netflixcom
3966,37950053,PAGO AUTOMATICO CONDOMINIO GGCC,286.04,Vivienda,pago automatico condominio ggcc
3967,27522122,CARGO TC REPARACIONES HOGAR,214.61,Vivienda,cargo tc reparaciones hogar
3968,50279806,PAGO AUTOMATICO DELIVERY COMIDA,44.61,Alimentación,pago automatico delivery comida
3969,56297922,TEF ENVIADA DELIVERY COMIDA,50.49,Alimentación,tef enviada delivery comida
3970,27637986,COMPRA TBK CONSULTA ESPECIALISTA,24.81,Salud,compra tbk consulta especialista
3971,82078150,CARGO TC COLEGIO MENSUALIDAD,91.4,Educación,cargo tc colegio mensualidad
3972,82543688,TEF ENVIADA AGUAS ANDINAS,133.32,Servicios,tef enviada aguas andinas
3973,81921995,DEBITO CLARO TELECOM,133.89,Servicios,debito claro telecom
3974,78946993,PAGO WEB OPTICA VISION,104.43,Salud,pago web optica vision
3975,17890314,PAGO AUTOMATICO DIDI RIDE,54.93,Transporte,pago automatico didi ride
3976,44737951,CARGO TC TIENDA ONLINE,13.31,Educación,cargo tc tienda online
3977,84825073,PAGO AUTOMATICO STEAM GAMES,58.7,Ocio,pago automatico steam games
3978,86135513,PAGO WEB COLEGIO MEnSUALIDAd,28.29,Educación,pago web colegio mensualidad
3979,86675984,COMPRA TBK PINTURAS SHERWIN,307.94,Vivienda,compra tbk pinturas sherwin
3980,37058295,ABONO PAGO CUOTAS,65.03,Servicios,abono pago cuotas
3981,53759724,TEF ENVIADA ENTRETENIMIENTO PLUS,58.88,Ocio,tef enviada entretenimiento plus
3982,70270117,PAGO WEB EXAMENES MED,142.24,Salud,pago web examenes med
3983,87052284,TEF ENVIADA TIENDA ONLINE,58.1,Alimentación,tef enviada tienda online
3984,29868814,CARGO TC REPARACIONES HOGAR,300.05,Vivienda,cargo tc reparaciones hogar
3985,36749842,COMPRA TBK MCDONALDS WEB,45.89,Alimentación,compra tbk mcdonalds web
3986,10265528,aBONO cONDOMINIO GGCC,71.34,Vivienda,abono condominio ggcc
3987,49150077,PAGO WEB TIENDA ONLINE,45.91,Alimentación,pago web tienda online
3988,92166272,TEF ENVIADA PAGO CUOTAS,51.69,Vivienda,tef enviada pago cuotas
3989,86252866,PAGO WEB TIENDA ONLINE,149.9,Educación,pago web tienda online
3990,10355692,COMPRA TBK PRONTO COPEC,6.27,Alimentación,compra tbk pronto copec
3991,94258614,PAGO AUTOMATICO AGUAS ANDINAS,31.32,Servicios,pago automatico aguas andinas
3992,71303454,DEBITO UBER TRIP,45.82,Transporte,debito uber trip
3993,71717488,ABONO TIENDA ONLINE,113.6,Educación,abono tienda online
3994,83499395,PAGO AUTOM4TICO UDEMY COURseS,69.54,Educación,pago automtico udemy courses
3995,89119532,TEF ENVIADA CENTRO mEDICO,82.11,Salud,tef enviada centro medico
3996,22989735,TEF ENVIADA STEAM GAMES,44.77,Ocio,tef enviada steam games
3997,80248400,COMPRA TBK ESTACIONAMIENTO,53.53,Transporte,compra tbk estacionamiento
3998,96672678,DEBITO FARMACIA AHUMADA,61.71,Salud,debito farmacia ahumada
3999,86951198,PAGO WEB CONSULTA ESPECIALISTA,144.8,Salud,pago web consulta especialista
4000,44866307,COMPRA TBK CLINICA INDISA,122.69,Salud,compra tbk clinica indisa
4001,53478750,COMPRA TBK NETFLIX.COM,46.95,Ocio,compra tbk netflixcom
4002,90158913,PAGO AUTOMATiCO CENtRO MEDICO,45.05,Salud,pago automatico centro medico
4003,69272797,ABONO LIBRERIA UNIVERSITARIA,30.76,Educación,abono libreria universitaria
4004,45835671,COMPRA TBK LIDER EXPRESS,53.47,Alimentación,compra tbk lider express
4005,82353403,ABONO NETFLIX.COM,55.06,Ocio,abono netflixcom
4006,97592940,TEF ENVIADA MERCADO CENTRAL,17.24,Ocio,tef enviada mercado central
4007,62490143,COMPRA TBK PINTURAS SHERWIN,99.26,Vivienda,compra tbk pinturas sherwin
4008,76690193,PAGO WEB PLATAFORMA APRENDIZAJE,46.69,Educación,pago web plataforma aprendizaje
4009,58118532,PAGO AUTOMATICO CLINICA INDISA,99.2,Salud,pago automatico clinica indisa
4010,39832464,CARGO TC TAXI APP,23.94,Transporte,cargo tc taxi app
4011,31403749,COMPRA TBK SODIMAC HOME,266.91,Vivienda,compra tbk sodimac home
4012,54562374,TEF ENVIADA PAGO CUOTAS,25.01,Servicios,tef enviada pago cuotas
4013,94334607,PAGO AUTOMATICO DELIVERY COMIDA,14.72,Alimentación,pago automatico delivery comida
4014,48502327,CARGO TC RESTAURANT FANCY,41.61,Ocio,cargo tc restaurant fancy
4015,90747404,COMPRA TBK EASY PORTAL,110.51,Vivienda,compra tbk easy portal
4016,17218512,PAGO AUTOMATICO PRONTO COPEC,9.69,Alimentación,pago automatico pronto copec
4017,21632103,PAGO WEB SISTEMA DUOC,14.15,Educación,pago web sistema duoc
4018,27066088,TEF ENVIADA CINEMARK ONLINE,36.23,Ocio,tef enviada cinemark online
4019,26789758,COMPRA TBK TIENDA ONLINE,6.62,Ocio,compra tbk tienda online
4020,67630840,COMPRA TBK CONSULTA ESPECIALISTA,70.93,Salud,compra tbk consulta especialista
4021,44701832,ABONO INTEGRAMEDICA,53.69,Salud,abono integramedica
4022,29371183,CARGO TC NETFLIX.COM,58.82,Ocio,cargo tc netflixcom
4023,61381143,ABONO ARRIENDO DEPT,338.83,Vivienda,abono arriendo dept
4024,41755622,PAGO WEB LIDER EXPRESS,5.38,Alimentación,pago web lider express
4025,29985122,DEBITO ARRIENDO DEPT,140.82,Vivienda,debito arriendo dept
4026,65006761,COMPRA TBK CENTRO MEDICO,84.87,Salud,compra tbk centro medico
4027,26940639,ABONO AUTOPISTA CENTRAL,50.43,Transporte,abono autopista central
4028,10509134,PAGO AUTOMATICO CINEMARK ONLINE,33.02,Ocio,pago automatico cinemark online
4029,57121480,DEBITO TALLER AUTOMOTRIZ,140.46,Servicios,debito taller automotriz
4030,47052406,TEF ENVIADA TALLER AUTOMOTRIZ,147.7,Servicios,tef enviada taller automotriz
4031,69323945,PAGO AUTOMATICO CURSO IDIOMAS,81.49,Educación,pago automatico curso idiomas
4032,73525919,ABONO CLARO TELECOM,75.39,Servicios,abono claro telecom
4033,95780153,TEF ENVIADA DELIVERY COMIDA,16.42,Alimentación,tef enviada delivery comida
4034,24610015,PAGO AUTOMATICO JUMBO BILBAO,49.35,Alimentación,pago automatico jumbo bilbao
4035,26851582,CARGO TC OPTICA VISION,42.94,Salud,cargo tc optica vision
4036,17200455,ABONO CLARO TELECOM,53.01,Servicios,abono claro telecom
4037,24826072,PAGO WEB SERVICIOS GENERALES,102.79,Vivienda,pago web servicios generales
4038,57819136,ABONO CENTRO MEDICO,32.91,Salud,abono centro medico
4039,98573608,COMPRA TBK CLINICA INDISA,106.73,Salud,compra tbk clinica indisa
4040,26606060,DEBITO CLARO TELECOM,24.15,Servicios,debito claro telecom
4041,83377097,PAGO AUTOMATICO COMPRA EN AMAZON,35.27,Ocio,pago automatico compra en amazon
4042,99750066,PAGO AUTOMATICO MATRICULA UNIV,70.06,Educación,pago automatico matricula univ
4043,48587625,CARGO TC INTEGRAMEDICA,80.06,Salud,cargo tc integramedica
4044,18693668,ABONO PAGO CUOTAS,83.95,Servicios,abono pago cuotas
4045,12454378,PAGO WEB CENtRO MEDICO,58.62,Salud,pago web centro medico
4046,31608767,COMPRA TBK LIDER EXPRESS,49.83,Alimentación,compra tbk lider express
4047,47442168,TEF ENVIADA EXAMENES MED,21.52,Salud,tef enviada examenes med
4048,25899950,TEF ENVIADA CINEMARK ONLINE,43.95,Ocio,tef enviada cinemark online
4049,80852543,PAGO WEB PRONTO COPEC,28.31,Alimentación,pago web pronto copec
4050,96148994,PAGO AUTOMATICO GASCO LIQUADO,132.12,Servicios,pago automatico gasco liquado
4051,18386188,COMPRA TBK SODIMAC HOME,399.83,Vivienda,compra tbk sodimac home
4052,89487318,PAGO WEB SHELL RUTA 5,39.26,Transporte,pago web shell ruta 
4053,14353181,COMPRA TBK LIDER EXPRESS,56.61,Alimentación,compra tbk lider express
4054,42306457,PAGO AUTOMATICO CARGA BIP WEB,10.88,Transporte,pago automatico carga bip web
4055,72630658,DEBITO EVENTO DEPORTIVO,46.91,Ocio,debito evento deportivo
4056,24087799,COMPRA TBK PAGO CUOTAS,133.85,Educación,compra tbk pago cuotas
4057,57617569,TEF ENVIADA TALLER AUTOMOTRIZ,105.72,Servicios,tef enviada taller automotriz
4058,23223422,DEBITO UDEMY COURSES,91.46,Educación,debito udemy courses
4059,58943645,ABONO OPTICA VISION,138.98,Salud,abono optica vision
4060,68726901,COMPRA TBK SPOTIFY PREMIUM,23.74,Ocio,compra tbk spotify premium
4061,73424351,DEBITO CLINICA INDISA,139.17,Salud,debito clinica indisa
4062,69544431,DEBITO TIENDA ONLINE,83.16,Educación,debito tienda online
4063,90362099,TEF ENVIADA MERCADO CENTRAL,46.82,Alimentación,tef enviada mercado central
4064,65767703,PAGO AUTOMATICO STEAM GAMES,10.82,Ocio,pago automatico steam games
4065,92620334,DEBITO TIENDA ONLINE,30.85,Alimentación,debito tienda online
4066,89956438,TEF ENVIADA VTR BANDA ANCHA,133.08,Servicios,tef enviada vtr banda ancha
4067,26188599,CARGO TC PAGO CUOTAS,84.97,Educación,cargo tc pago cuotas
4068,70050178,ABONO REPARACIONES HOGAR,357.41,Vivienda,abono reparaciones hogar
4069,48493103,COMPRA TBK COLEGIO MENSUALIDAD,86.58,Educación,compra tbk colegio mensualidad
4070,72481316,CARGO TC MERCADO CENTRAL,52.69,Ocio,cargo tc mercado central
4071,44479616,COMPRA TBK UDEMY COURSES,103.68,Educación,compra tbk udemy courses
4072,38626933,ABONO INTEGRAMEDICA,132.69,Salud,abono integramedica
4073,88528134,ABONO UBER TRIP,7.09,Transporte,abono uber trip
4074,71188911,PAGO WEB SERVICIOS GENERALES,140.85,Vivienda,pago web servicios generales
4075,69389198,COMPRA TBK EVENTO DEPORTIVO,42.52,Ocio,compra tbk evento deportivo
4076,25890596,PAGO AUTOMATICO FARMACIA AHUMADA,44.43,Salud,pago automatico farmacia ahumada
4077,29063958,DEBITO SERVICIO TECNICO,22.52,Servicios,debito servicio tecnico
4078,50022624,ABONO LIDER EXPRESS,50.29,Alimentación,abono lider express
4079,11294689,COMPRA TBK EASY PORTAL,126.15,Vivienda,compra tbk easy portal
4080,44631884,ABONO CRUZ VERDE LOCAL,134.99,Salud,abono cruz verde local
4081,25100330,ABONO CARGA BIP WEB,39.1,Transporte,abono carga bip web
4082,82723098,PAGO WEB GASCO LIQUADO,129.74,Servicios,pago web gasco liquado
4083,20011871,TEF ENVIADA C0LEGIO MENSUALID4D,123.97,Educación,tef enviada clegio mensualidd
4084,59432517,COMPRA TBK INTEGRAMEDICA,137.62,Salud,compra tbk integramedica
4085,83826394,DEBITO PAGO CUOTAS,396.21,Vivienda,debito pago cuotas
4086,42892474,PAGO AUTOMATICO BAR LA ESQUINA,17.71,Ocio,pago automatico bar la esquina
4087,51588462,ABONO TIENDA ONLINE,86.99,Servicios,abono tienda online
4088,76930209,CARGO TC JUMBO BILBAO,28.13,Alimentación,cargo tc jumbo bilbao
4089,88545261,PAGO AUTOMATICO VTR BANDA ANCHA,120.21,Servicios,pago automatico vtr banda ancha
4090,84062621,CARGO TC AGUAS ANDINAS,57.17,Servicios,cargo tc aguas andinas
4091,20248868,TEF ENVIADA SPOTIFY PREMIUM,54.82,Ocio,tef enviada spotify premium
4092,41435163,ABONO REPARACIONES HOGAR,257.3,Vivienda,abono reparaciones hogar
4093,55817390,PAGO AUTOMATICO TIENDA ONLINE,60.72,Servicios,pago automatico tienda online
4094,16122267,ABONO TAXI APP,46.93,Transporte,abono taxi app
4095,61452687,PAGO AUTOMATICO TIENDA ONLINE,12.64,Servicios,pago automatico tienda online
4096,59635288,PAGO AUTOMATICO EXAMENES MED,118.04,Salud,pago automatico examenes med
4097,58063777,PAGO AUTOMATICO PAGO CUOTAS,72.63,Vivienda,pago automatico pago cuotas
4098,77114266,PAGO AUTOMATICO JUMBO BILBAO,30.51,Alimentación,pago automatico jumbo bilbao
4099,97555419,ABONO CENTRO MEDICO,77.3,Salud,abono centro medico
4100,18214317,PAGO AUTOMATICO STEAM GAMES,16.91,Ocio,pago automatico steam games
4101,81145634,CARGO TC REPARACIONES HOGAR,55.58,Vivienda,cargo tc reparaciones hogar
4102,50495382,CARGO TC ESTACIONAMIENTO,32.68,Transporte,cargo tc estacionamiento
4103,16685457,DEBITO OPTICA VISION,32.68,Salud,debito optica vision
4104,62939127,CARGO TC AUTOPISTA CENTRAL,42.69,Transporte,cargo tc autopista central
4105,79282441,PAGO AUTOMATICO CONDOMINIO GGCC,341.87,Vivienda,pago automatico condominio ggcc
4106,28267938,PAGO AUTOMATICO MERCADO CENTRAL,5.57,Alimentación,pago automatico mercado central
4107,74187587,DEBITO TIENDA ONLINE,57.01,Ocio,debito tienda online
4108,83617061,CARGO TC GASCO LIQUADO,145.37,Servicios,cargo tc gasco liquado
4109,58068003,PAGO AUTOMATICO PAGO CUOTAS,261.31,Vivienda,pago automatico pago cuotas
4110,73778047,PAGO AUTOMATICO PEAJE TAG,38.41,Transporte,pago automatico peaje tag
4111,80238223,ABONO SODIMAC HOME,397.78,Vivienda,abono sodimac home
4112,54910445,TEF ENVIADA SISTEMA DUOC,119.22,Educación,tef enviada sistema duoc
4113,91065376,CARGO TC GASCO LIQUAD0,118.08,Servicios,cargo tc gasco liquad
4114,21248519,PAGO WEB ARRIENDO DEPT,384.95,Vivienda,pago web arriendo dept
4115,11185755,PAGO AUTOMATICO OPTICA VISION,54.0,Salud,pago automatico optica vision
4116,70429095,DEBITO ENTRETENIMIENTO PLUS,8.18,Ocio,debito entretenimiento plus
4117,77083557,PAGO WEB HOME CENTER,298.74,Vivienda,pago web home center
4118,20331334,TEF ENVIADA EXAMENES MED,92.14,Salud,tef enviada examenes med
4119,80728547,TEF ENVIADA ENEL DISTRIBUCION,46.35,Servicios,tef enviada enel distribucion
4120,64014743,PAGO AUTOMATICO VTR BANDA ANCHA,114.94,Servicios,pago automatico vtr banda ancha
4121,18004248,DEBITO ESTACIONAMIENTO,43.84,Transporte,debito estacionamiento
4122,20067840,PAGO AUTOMATICO UBER TRIP,50.98,Transporte,pago automatico uber trip
4123,67166869,DEBITO SERVICIO TECNICO,94.94,Servicios,debito servicio tecnico
4124,49530879,PAGO AUTOMATICO EASY PORTAL,105.17,Vivienda,pago automatico easy portal
4125,84153574,COMPRA TBK PLATAFORMA APRENDIZAJE,66.58,Educación,compra tbk plataforma aprendizaje
4126,23900306,COMPRA TBK SISTEMA DUOC,126.98,Educación,compra tbk sistema duoc
4127,34047950,TEF ENVIADA UDEMY COURSES,36.21,Educación,tef enviada udemy courses
4128,11867528,PAGO WEB TAXI APP,10.26,Transporte,pago web taxi app
4129,76498932,DEBITO CLINICA INDISA,126.04,Salud,debito clinica indisa
4130,12593999,PAGO WEB VERDU1ERIA DON PEPE,55.69,Alimentación,pago web verdueria don pepe
4131,69813891,PAGO AUTOMATICO AGUAS ANDINAS,134.19,Servicios,pago automatico aguas andinas
4132,88289539,DEBITO PEdIDOSYA CL,15.91,Alimentación,debito pedidosya cl
4133,44065154,ABONO TAXI APP,55.43,Transporte,abono taxi app
4134,69132249,ABONO ARRIENDO DEPT,105.97,Vivienda,abono arriendo dept
4135,84518625,PAGO AUTOMATICO OPTICA VISION,10.75,Salud,pago automatico optica vision
4136,53633699,COMPRA TBK GASOLINERA,19.31,Transporte,compra tbk gasolinera
4137,83825346,PAGO WEB AUTOPISTA CENTRAL,22.88,Transporte,pago web autopista central
4138,40181048,TEF ENVIADA COMPRA EN AMAZON,12.0,Ocio,tef enviada compra en amazon
4139,82600803,ABONO CINEMARK ONLINE,52.36,Ocio,abono cinemark online
4140,39824343,COMPRA TBK GASOLINERA,24.14,Transporte,compra tbk gasolinera
4141,67611344,ABONO PRONTO COPEC,8.27,Alimentación,abono pronto copec
4142,63033833,DEBITO TALLER AUTOMOTRIZ,100.42,Servicios,debito taller automotriz
4143,84217674,PAGO AUTOMATICO VTR BANDA ANCHA,100.23,Servicios,pago automatico vtr banda ancha
4144,93675181,PAGO WEB INTEGRAMEDICA,114.85,Salud,pago web integramedica
4145,10076576,COMPRA TBK PLATAFORMA APRENDIZAJE,80.79,Educación,compra tbk plataforma aprendizaje
4146,66196405,CARGO TC PAGO CUOTAS,114.75,Educación,cargo tc pago cuotas
4147,32769522,ABONO CENTRO MEDICO,16.24,Salud,abono centro medico
4148,85839021,DEBITO DELIVERY COMIDA,57.79,Alimentación,debito delivery comida
4149,59848952,PAgO WEB VTR BANDA ANCHA,118.73,Servicios,pago web vtr banda ancha
4150,33267008,P4GO WEB INTEGRAM3DICA,135.83,Salud,pgo web integramdica
4151,10880540,TEF ENVIADA INTEGRAMEDICA,144.04,Salud,tef enviada integramedica
4152,54477708,COMPRA TBK AUTOPISTA CENTrAL,23.92,Transporte,compra tbk autopista central
4153,40365698,PAGO WEB LIDER EXPRESS,59.41,Alimentación,pago web lider express
4154,14481563,ABONO CONSULTA ESPECIALISTA,41.65,Salud,abono consulta especialista
4155,85197111,ABONO HOME CENTER,149.69,Vivienda,abono home center
4156,42964310,PAGO WEB GASCO LIQUADO,36.98,Servicios,pago web gasco liquado
4157,31905860,ABONO CARGA BIP WEB,37.57,Transporte,abono carga bip web
4158,56549341,ABONO COPEC SANTIAGO,36.04,Transporte,abono copec santiago
4159,26955135,DEBITO MERCADO CENTRAL,50.74,Ocio,debito mercado central
4160,31701972,ABONO CLARO TELECOM,133.16,Servicios,abono claro telecom
4161,90321827,ABONO MERCADO CENTRAL,26.61,Alimentación,abono mercado central
4162,17575494,PAGO WEB TIENDA ONLINE,26.51,Servicios,pago web tienda online
4163,74575117,PAGO AUTOMATICO ESTACIONAMIENTO,30.29,Transporte,pago automatico estacionamiento
4164,11998162,CARGO TC PLATAFORMA APRENDIZAJE,63.75,Educación,cargo tc plataforma aprendizaje
4165,37266260,DEBITO LIBRERIA UNIVERSITARIA,136.24,Educación,debito libreria universitaria
4166,63086227,PAGO WEB FARMACIA AHUMADA,72.49,Salud,pago web farmacia ahumada
4167,41154502,COMPRA TBK STEAM GAMES,44.74,Ocio,compra tbk steam games
4168,73545725,ABONO TAXI APP,22.52,Transporte,abono taxi app
4169,43806025,DEBITO MERCADO CENTRAL,26.07,Ocio,debito mercado central
4170,70205894,PAGO WEB COPEC SANTIAGO,49.48,Transporte,pago web copec santiago
4171,31251926,COMPRA TBK COPEC SANTIAGO,41.29,Transporte,compra tbk copec santiago
4172,46303495,CARGO TC LIBRERIA UNIVERSITARIA,18.55,Educación,cargo tc libreria universitaria
4173,40906544,COMPRA TBK SHELL RUTA 5,52.3,Transporte,compra tbk shell ruta 
4174,38170117,CARGO TC CRUZ VERDE LOCAL,110.77,Salud,cargo tc cruz verde local
4175,50199913,PAGO WEB SHELL RUTA 5,18.08,Transporte,pago web shell ruta 
4176,75110960,PAGO WEB ENEL DISTRIBUCION,138.43,Servicios,pago web enel distribucion
4177,27025492,CARGO TC CONDOMINIO GGCC,181.03,Vivienda,cargo tc condominio ggcc
4178,22539199,ABONO BAR LA ESQUINA,32.59,Ocio,abono bar la esquina
4179,53128998,DEBITO CARGA BIP WEB,43.52,Transporte,debito carga bip web
4180,10996386,PAGO WEB COLEGIO MENSUALIDAD,52.35,Educación,pago web colegio mensualidad
4181,36611921,PAGO AUTOMATICO CUrS0 IDIOMAS,144.63,Educación,pago automatico curs idiomas
4182,84918996,PAGO WEB UBER TRIP,28.65,Transporte,pago web uber trip
4183,17671858,ABONO PEDIDOSYA CL,14.13,Alimentación,abono pedidosya cl
4184,68155333,DEBITO HOME CENTER,146.23,Vivienda,debito home center
4185,58221378,DEBITO PLATAFORMA APRENDIZAJE,112.93,Educación,debito plataforma aprendizaje
4186,33058100,ABONO SISTEMA DUOC,146.17,Educación,abono sistema duoc
4187,28116129,DEBITO CENTRO MEDICO,66.63,Salud,debito centro medico
4188,63405043,DEBITO COPEC SANTIAGO,31.52,Transporte,debito copec santiago
4189,50955675,ABONO COMPRA EN AMAZON,55.82,Ocio,abono compra en amazon
4190,60094372,ABONO BANCO DEL ESTADO,21.22,Servicios,abono banco del estado
4191,33167793,TEF ENVIADA PAGO CUOTAS,35.7,Educación,tef enviada pago cuotas
4192,34608959,ABONO CRUZ VERDE LOCAL,59.37,Salud,abono cruz verde local
4193,50248639,DEBITO BANCO DEL ESTADO,72.61,Servicios,debito banco del estado
4194,43816429,TEF ENVIADA PAGO CUOTAS,133.31,Educación,tef enviada pago cuotas
4195,32753536,COMPRA TBK NETFLIX.COM,48.61,Ocio,compra tbk netflixcom
4196,86960133,COMPRA TBK CARGA BIP WEB,14.63,Transporte,compra tbk carga bip web
4197,66036632,PAGO WEB JUMBO BILBAO,26.69,Alimentación,pago web jumbo bilbao
4198,63486022,COMPRA TBK SERVICIOS GENERALES,10.03,Servicios,compra tbk servicios generales
4199,87941905,ABONO SERVICIO TECNICO,60.58,Servicios,abono servicio tecnico
4200,48257465,COMPRA TBK UBER TRIP,40.59,Transporte,compra tbk uber trip
4201,21328270,PAGO WEB ALMACEN VECINAL,36.62,Alimentación,pago web almacen vecinal
4202,93105866,ABONO AUTOPISTA CENTRAL,14.77,Transporte,abono autopista central
4203,21655936,ABONO CARGA BIP WEB,57.23,Transporte,abono carga bip web
4204,12854500,ABONO tAXI APP,56.25,Transporte,abono taxi app
4205,52999440,PAGO AUTOMATICO ESTACIONAMIENTO,27.0,Transporte,pago automatico estacionamiento
4206,17367600,DEBITO EASY PORTAL,215.9,Vivienda,debito easy portal
4207,80561155,PAGO AUTOMATICO CONDOMINIO GGCC,299.63,Vivienda,pago automatico condominio ggcc
4208,40637769,COMPRA TBK CRUZ VERDE LOCAL,74.82,Salud,compra tbk cruz verde local
4209,67124503,PAGO AUTOMATICO CARGA BIP WEB,41.25,Transporte,pago automatico carga bip web
4210,36605629,DEBITO GASCO LIQUADO,120.11,Servicios,debito gasco liquado
4211,92841619,DEBITO JUMBO BILBAO,19.24,Alimentación,debito jumbo bilbao
4212,36850207,PAGO AUTOMATICO SPOTIFY PREMIUM,44.35,Ocio,pago automatico spotify premium
4213,48615169,CARGO TC REPARACIONES HOGAR,90.71,Vivienda,cargo tc reparaciones hogar
4214,73064663,PAGO AUTOMATICO STEAM GAMES,41.22,Ocio,pago automatico steam games
4215,66401411,CARGO TC HOME CENTER,363.0,Vivienda,cargo tc home center
4216,37974764,PAGO AUTOMATICO ENEL DISTRIBUCION,120.61,Servicios,pago automatico enel distribucion
4217,16040186,TEF ENVIADA LIBRERIA UNIVERSITARIA,124.63,Educación,tef enviada libreria universitaria
4218,55658304,PAGO AUTOMATICO EASY PORTAL,85.03,Vivienda,pago automatico easy portal
4219,76359158,COMPRA TBK CURSO IDIOMAS,96.76,Educación,compra tbk curso idiomas
4220,34528574,TEF ENVIADA SISTEMA DUOC,15.76,Educación,tef enviada sistema duoc
4221,51292413,PAGO WEB CARGA BIP WEB,19.66,Transporte,pago web carga bip web
4222,39396943,ABONO FARMACIA AHUMADA,47.61,Salud,abono farmacia ahumada
4223,62173273,ABONO REPARACIONES HOGAR,250.41,Vivienda,abono reparaciones hogar
4224,49382420,TEF ENVIADA SODIMAC HOME,320.45,Vivienda,tef enviada sodimac home
4225,28363062,PAGO AUTOMATICO INTEGRAMEDICA,68.52,Salud,pago automatico integramedica
4226,33213842,CARGO TC UDEMY COURSES,37.7,Educación,cargo tc udemy courses
4227,10431228,COMPRA TBK PINTURAS SHERWIN,258.47,Vivienda,compra tbk pinturas sherwin
4228,52003746,ABONO PEAJE TAG,31.49,Transporte,abono peaje tag
4229,47383278,COMPRA TBK CLINICA INDISA,42.82,Salud,compra tbk clinica indisa
4230,74015895,PAGO WEB TIENDA ONlINE,84.71,Servicios,pago web tienda online
4231,96911803,COMPRA TBK CENTRO MEDICO,98.91,Salud,compra tbk centro medico
4232,77805296,CARGO TC SPOTIFY PREMIUM,57.59,Ocio,cargo tc spotify premium
4233,16875885,CARGO TC LIBRERIA UNIVERSITARIA,65.47,Educación,cargo tc libreria universitaria
4234,97486496,PAGO WEB EASY PORTAL,387.06,Vivienda,pago web easy portal
4235,72727169,CARGO TC CENTRO MEDICO,28.39,Salud,cargo tc centro medico
4236,19011856,PAGO AUTOMATICO ARRIENDO DEPT,178.71,Vivienda,pago automatico arriendo dept
4237,79461592,PAGO WEB FARMACIA AHUMADA,114.52,Salud,pago web farmacia ahumada
4238,73804147,COMPRA TBK UDEMY COURSES,139.43,Educación,compra tbk udemy courses
4239,79393678,ABONO GASOLINERA,21.94,Transporte,abono gasolinera
4240,85443709,DEBITO MERCADO CENTRAL,26.18,Alimentación,debito mercado central
4241,67499502,CARGO TC INTEGRAMEDICA,14.66,Salud,cargo tc integramedica
4242,45837349,DEBITO ALMACEN VECINAL,55.32,Alimentación,debito almacen vecinal
4243,63198276,TEF ENVIADA TIENDA ONLINE,77.63,Educación,tef enviada tienda online
4244,73216979,COMPRA TBK ARRIENDO DEPT,295.3,Vivienda,compra tbk arriendo dept
4245,34616876,TEF ENVIADA TIENDA ONLINE,28.13,Alimentación,tef enviada tienda online
4246,20909520,PAGO WEB SERVICIOS GENERALES,96.0,Servicios,pago web servicios generales
4247,78057340,PAGO AUTOMATICO PAGO CUOTAS,70.33,Servicios,pago automatico pago cuotas
4248,90234648,ABONO PEAJE TAG,49.46,Transporte,abono peaje tag
4249,86858591,PAGO AUTOMATICO VERDULERIA DON PEPE,27.81,Alimentación,pago automatico verduleria don pepe
4250,92935461,DEBITO CLINICA INDISA,131.58,Salud,debito clinica indisa
4251,95469933,PAGO AUTOMaTICO CURSO IDIoMAS,52.38,Educación,pago automatico curso idiomas
4252,71124266,ABONO UBER TRIP,8.23,Transporte,abono uber trip
4253,20435361,PAGO AUTOMATICO MERCADO CENTRAL,34.98,Ocio,pago automatico mercado central
4254,37639825,COMPRA TBK PAGO CUOTAS,115.39,Vivienda,compra tbk pago cuotas
4255,87561798,PAGO AUTOMATICO LIDER EXPRESS,56.2,Alimentación,pago automatico lider express
4256,87875353,PAGO AUTOMATICO NETFLIX.COM,36.97,Ocio,pago automatico netflixcom
4257,86054522,ABONO PAGO CUOTAS,124.3,Servicios,abono pago cuotas
4258,66194219,COMPRA TBK ESTACIONAMIENTO,43.63,Transporte,compra tbk estacionamiento
4259,72230124,ABONO GASCO LIQUADO,22.66,Servicios,abono gasco liquado
4260,51333822,PAGO WEB NETFLIX.COM,38.59,Ocio,pago web netflixcom
4261,14054318,PAGO WEB TAXI APP,16.34,Transporte,pago web taxi app
4262,99237139,PAGO WEB COMPRA EN AMAZON,17.89,Ocio,pago web compra en amazon
4263,53867043,ABONO DELIVERY COMIDA,21.64,Alimentación,abono delivery comida
4264,91939357,DEBITO COMPrA EN AmAZON,58.81,Ocio,debito compra en amazon
4265,18524087,PAGO AUTOMATICO SODIMAC HOME,265.93,Vivienda,pago automatico sodimac home
4266,59373927,PAGO AUTOMATICO PAGO CUOTAS,46.18,Servicios,pago automatico pago cuotas
4267,46447411,TEF ENVIADA TIENDA ONLINE,42.48,Educación,tef enviada tienda online
4268,17288491,DEBITO LIBRERIA UNIVERSITARIA,107.63,Educación,debito libreria universitaria
4269,72533168,ABONO BANCO DEL ESTADO,111.46,Servicios,abono banco del estado
4270,10748986,PAGO AUTOMATICO VERDULERIA DON PEPE,26.25,Alimentación,pago automatico verduleria don pepe
4271,25287101,DEBITO PINTURAS SHERWIN,170.31,Vivienda,debito pinturas sherwin
4272,16953155,PAGO WEB MERCADO CENTRAL,10.66,Ocio,pago web mercado central
4273,98338052,ABONO BAR LA ESQUINA,12.81,Ocio,abono bar la esquina
4274,10197662,PAGO WEB BANCO DEL ESTADO,37.96,Servicios,pago web banco del estado
4275,90406762,COMPRA TBK SODIMAC HOME,392.06,Vivienda,compra tbk sodimac home
4276,16432263,COMPRA TBK PINTURAS SHERWIN,121.26,Vivienda,compra tbk pinturas sherwin
4277,18803339,COMPRA TBK TIENDA ONLINE,73.6,Educación,compra tbk tienda online
4278,65649232,PAGO WEB CONDOMINIO GGCC,242.59,Vivienda,pago web condominio ggcc
4279,80676013,ABONO BAR LA ESQUINA,22.94,Ocio,abono bar la esquina
4280,87772948,ABONO DELIVERY C0MIDA,58.13,Alimentación,abono delivery cmida
4281,94737809,DEBITO MATRICULA UNIV,48.59,Educación,debito matricula univ
4282,24787933,PAGO WEB VERdULERIA D0N PEPE,14.43,Alimentación,pago web verduleria dn pepe
4283,84822264,PAGO AUTOMATICO SERVICIOS GENERALES,61.58,Vivienda,pago automatico servicios generales
4284,71242137,TEF ENVIADA COPEC SANTIAGO,8.13,Transporte,tef enviada copec santiago
4285,45508991,PAGO AUTOMATICO VTR BANDA ANCHA,49.29,Servicios,pago automatico vtr banda ancha
4286,94585900,ABONO AUTOPISTA CENTRAL,40.8,Transporte,abono autopista central
4287,75035598,CARGO TC BAR LA ESQUINA,54.5,Ocio,cargo tc bar la esquina
4288,49625783,COMPRA TBK MCDONALDS WEB,49.58,Alimentación,compra tbk mcdonalds web
4289,60188705,CARGO TC CINEMARK ONLINE,16.82,Ocio,cargo tc cinemark online
4290,30966164,PAGO WEB UDEMY COURSES,143.96,Educación,pago web udemy courses
4291,17891837,TEF ENVI4DA rEPARACIONES HOGAr,137.47,Vivienda,tef envida reparaciones hogar
4292,49412227,COMPRA TBK PAGO CUOTAS,134.8,Vivienda,compra tbk pago cuotas
4293,51384518,ABONO CLINICA INDISA,15.88,Salud,abono clinica indisa
4294,44338557,DEBITO INTEGRAMEDICA,80.17,Salud,debito integramedica
4295,59286995,ABONO TIENDA ONLINE,47.84,Alimentación,abono tienda online
4296,46504170,TEF ENVIADA CRUZ VERDE LOCAL,127.66,Salud,tef enviada cruz verde local
4297,86498139,TEF ENVIADA TIENDA ONLINE,73.25,Educación,tef enviada tienda online
4298,63695915,PAGO WEB ARRIENDO DEPT,193.89,Vivienda,pago web arriendo dept
4299,61158360,TEF ENVIADA UBER TRIP,27.18,Transporte,tef enviada uber trip
4300,19890525,PAGO AUTOMATICO HOME CENTER,95.27,Vivienda,pago automatico home center
4301,99466466,PAGO WEB LIBRERIA UNIVERSITARIA,136.71,Educación,pago web libreria universitaria
4302,80388454,CARGO TC COPEC SANTIAGO,26.28,Transporte,cargo tc copec santiago
4303,11487083,PAGO WEB TAXI APP,26.11,Transporte,pago web taxi app
4304,86396187,PAGO AUTOMATICO EASY PORTAL,254.19,Vivienda,pago automatico easy portal
4305,89189605,CARGO TC DIDI RIDE,54.98,Transporte,cargo tc didi ride
4306,90960465,PAGO WEB MATRICULA UNIV,120.76,Educación,pago web matricula univ
4307,84201737,TEF ENVIADA MERCADO CENTRAL,45.41,Ocio,tef enviada mercado central
4308,76495786,PAGO WEB TALLER AUTOMOTRIZ,73.13,Servicios,pago web taller automotriz
4309,50414015,ABONO AUTOPISTA CENTRAL,11.68,Transporte,abono autopista central
4310,43751555,COMPRA TBK CLINICA INDISA,135.33,Salud,compra tbk clinica indisa
4311,90949736,COMPRA TBK GASCO LIQUADO,83.9,Servicios,compra tbk gasco liquado
4312,26918779,COMPRA TBK GASOLINERA,27.13,Transporte,compra tbk gasolinera
4313,16666640,COMPRA TBK JUMBO BILBAO,40.88,Alimentación,compra tbk jumbo bilbao
4314,92804244,PAGO AUTOMATICO EVENTO DEPORTIVO,44.84,Ocio,pago automatico evento deportivo
4315,40444454,DEBITO PRONTO COPEC,51.91,Alimentación,debito pronto copec
4316,19491470,DEBITO CLARO TELECOM,40.48,Servicios,debito claro telecom
4317,87163353,TEF ENVIADA JUMBO BILBAO,32.26,Alimentación,tef enviada jumbo bilbao
4318,89381293,PAGO AUTOMATICO PEAJE TAG,38.71,Transporte,pago automatico peaje tag
4319,49879131,ABONO REPARACIONES HOGAR,105.92,Vivienda,abono reparaciones hogar
4320,11524247,DEBITO BANCO DEL ESTADO,56.13,Servicios,debito banco del estado
4321,34515063,TEF ENVIADA ENTRETENIMIENTO PLUS,17.84,Ocio,tef enviada entretenimiento plus
4322,75025705,COMPRA TBK GASCO LIQUADO,149.07,Servicios,compra tbk gasco liquado
4323,84987352,PAGO WEB EASY PORTAL,367.01,Vivienda,pago web easy portal
4324,83175374,PAGO WEB CONDOMINIO GGCC,372.43,Vivienda,pago web condominio ggcc
4325,59663454,DEBITO ENEL DISTRIBUCION,66.32,Servicios,debito enel distribucion
4326,58921737,COMPRA TBK COPEC SANTIAGO,18.53,Transporte,compra tbk copec santiago
4327,23489423,PAGO WEB MERCADO CENTRAL,56.5,Alimentación,pago web mercado central
4328,97461289,PAGO AUTOMATICO REPARACIONES HOGAR,370.37,Vivienda,pago automatico reparaciones hogar
4329,51556505,ABONO BAR LA ESQUINA,18.63,Ocio,abono bar la esquina
4330,31926720,CARGO TC OPTICA VISION,54.52,Salud,cargo tc optica vision
4331,93036858,TEF ENVIADA DELIVERY COMIDA,22.37,Alimentación,tef enviada delivery comida
4332,75792454,COMPRA TBK EASY PORTAL,223.55,Vivienda,compra tbk easy portal
4333,56924109,COMPRA TBK CINEMARK ONLINE,8.42,Ocio,compra tbk cinemark online
4334,99018687,ABONO EASY PORTAL,112.77,Vivienda,abono easy portal
4335,93485270,DEBITO MCDONALDS WEB,45.93,Alimentación,debito mcdonalds web
4336,74998860,PAGO WEB COLEGIO MENSUALIDAD,37.07,Educación,pago web colegio mensualidad
4337,34675726,TEF ENVIADA SODIMAC HOME,333.63,Vivienda,tef enviada sodimac home
4338,48468298,CARGO TC CLARO TELECOM,86.99,Servicios,cargo tc claro telecom
4339,69583471,PAGO AUTOMATICO PRONTO COPEC,46.24,Alimentación,pago automatico pronto copec
4340,40265112,ABONO PAGO CUOTAS,54.13,Educación,abono pago cuotas
4341,65504245,DEBITO JUMBO BILBAO,22.67,Alimentación,debito jumbo bilbao
4342,94540383,COMPRA TBK TIENDA ONLINE,14.78,Servicios,compra tbk tienda online
4343,57953300,ABONO MERCADO CENTRAL,9.94,Ocio,abono mercado central
4344,82237712,DEBITO STEAM GAMES,37.62,Ocio,debito steam games
4345,44331985,CARGO TC PRONTO COPEC,7.04,Alimentación,cargo tc pronto copec
4346,78301185,PAGO WEB AGUAS ANDINAS,10.2,Servicios,pago web aguas andinas
4347,22809228,DEBITO FARMACIA AHUMADA,54.93,Salud,debito farmacia ahumada
4348,93101517,CARGO TC SERVICIOS GENERALES,64.94,Servicios,cargo tc servicios generales
4349,63468541,PAGO WEB INTEGRAMEDICA,16.56,Salud,pago web integramedica
4350,11517722,COMPRA TBK PAGO CUOTAS,255.74,Vivienda,compra tbk pago cuotas
4351,51843482,DEBITO ENEL DISTRIBUCION,26.41,Servicios,debito enel distribucion
4352,83273712,ABONO CRUZ VERDE LOCAL,30.95,Salud,abono cruz verde local
4353,88996038,COMPRA TBK TIENDA ONLINE,26.04,Alimentación,compra tbk tienda online
4354,15356036,ABONO VTR BANDA ANCHA,43.4,Servicios,abono vtr banda ancha
4355,94334639,DEBITO CENTRO MEDICO,146.09,Salud,debito centro medico
4356,82542655,DEBITO NETFLIX.COM,5.68,Ocio,debito netflixcom
4357,55358363,TEF ENVIADA REPARACIONES HOGAR,81.69,Vivienda,tef enviada reparaciones hogar
4358,90572667,DEBITO PINTURAS SHERWIN,122.33,Vivienda,debito pinturas sherwin
4359,27737027,CARGO TC DIDI RIDE,16.0,Transporte,cargo tc didi ride
4360,12773612,PAGO AUTOMATICO GASOLINERA,32.67,Transporte,pago automatico gasolinera
4361,67982400,ABONO UDEMY COURSES,78.23,Educación,abono udemy courses
4362,15712322,PAGO AUTOMATICO TIENDA ONLINE,93.52,Educación,pago automatico tienda online
4363,92561841,DEBITO DELIVERY COMIDA,10.1,Alimentación,debito delivery comida
4364,20584513,CARGO TC BANCO DEL ESTADO,22.86,Servicios,cargo tc banco del estado
4365,23456666,ABONO CINEMARK ONLINE,10.29,Ocio,abono cinemark online
4366,16314366,PAGO WEB LIBRERIA UNIVERSITARIA,58.01,Educación,pago web libreria universitaria
4367,26012829,TEF ENVIADA TALLER AUTOMOTRIZ,25.6,Servicios,tef enviada taller automotriz
4368,71045153,COMPRA TBK TIENDA ONLINE,48.93,Ocio,compra tbk tienda online
4369,73133836,TEF ENVIADA CINEMARk ONLINE,42.3,Ocio,tef enviada cinemark online
4370,47381773,CARGO TC PAGO CUOTAS,153.69,Vivienda,cargo tc pago cuotas
4371,28466565,ABONO NETFLIX.COM,55.52,Ocio,abono netflixcom
4372,48825894,PAGO AUTOMATICO SHELL RUTA 5,26.47,Transporte,pago automatico shell ruta 
4373,42733135,PAGO WEB SUPERMERCADO DIA,36.71,Alimentación,pago web supermercado dia
4374,64784195,ABONO PAGO CUOTAS,96.29,Vivienda,abono pago cuotas
4375,87338673,TEF ENVIADA CONDOMINIO GGCC,181.57,Vivienda,tef enviada condominio ggcc
4376,28504315,TEF ENVIADA PEDIDOSYA CL,46.2,Alimentación,tef enviada pedidosya cl
4377,70186498,CARGO TC TIENDA OnLINE,5.33,Alimentación,cargo tc tienda online
4378,63180637,PAGO AUTOMAT1CO HOME CENTER,188.53,Vivienda,pago automatco home center
4379,67570655,CARGO TC SODIMAC HOM3,143.09,Vivienda,cargo tc sodimac hom
4380,11469548,PAGO WEB SUPERMERCADO DIA,52.28,Alimentación,pago web supermercado dia
4381,32133685,PAGO WEB UDEMY COURSES,18.22,Educación,pago web udemy courses
4382,91645992,dEBItO STEAM GAMES,19.43,Ocio,debito steam games
4383,59798459,ABONO DIDI RIDE,36.26,Transporte,abono didi ride
4384,25047673,CARGO TC COMPRA EN AMAZON,36.6,Ocio,cargo tc compra en amazon
4385,15771083,PAGO AUTOMATIcO VtR BAnDA ANCHA,28.63,Servicios,pago automatico vtr banda ancha
4386,49631241,ABONO REPARACIONES HOGAR,281.56,Vivienda,abono reparaciones hogar
4387,28396177,DEBITO EXAMENES MED,16.14,Salud,debito examenes med
4388,54208322,DEBITO EXAMENES MED,41.52,Salud,debito examenes med
4389,38368443,PAGo WEB LIDER EXPR35S,20.59,Alimentación,pago web lider exprs
4390,64511783,ABONO CLARO TELECOM,31.97,Servicios,abono claro telecom
4391,30053210,ABONO GASOLINERA,11.78,Transporte,abono gasolinera
4392,64680466,COMPRA TBK CURSO IDIOMAS,63.18,Educación,compra tbk curso idiomas
4393,28728710,COMPRA TBK TAXI APP,22.03,Transporte,compra tbk taxi app
4394,66586109,PAGO AUTOMATICO SODIMAC hOM3,365.63,Vivienda,pago automatico sodimac hom
4395,18440661,TEF ENVIADA SODIMAC HOME,178.09,Vivienda,tef enviada sodimac home
4396,36715740,COMPRA TBK CRUZ VERDE LOCAL,105.33,Salud,compra tbk cruz verde local
4397,95202538,TEF ENVIADA MERCADO CENTRAL,57.31,Alimentación,tef enviada mercado central
4398,66807216,ABONO PAGO CUOTAS,68.89,Vivienda,abono pago cuotas
4399,27307181,PAGO WEB CURSO IDIOMAS,35.09,Educación,pago web curso idiomas
4400,53808298,TEF ENVIADA FARMACIA AHUMADA,53.06,Salud,tef enviada farmacia ahumada
4401,45462260,COMPRA TBK LIBRERIA UNIVERSITARIA,112.47,Educación,compra tbk libreria universitaria
4402,52932757,COMPRA TBK INTEGRAMEDICA,107.22,Salud,compra tbk integramedica
4403,26523308,CARGO TC SODIMAC HOME,250.43,Vivienda,cargo tc sodimac home
4404,80425765,ABONO SPOTIFY PREMIUM,40.05,Ocio,abono spotify premium
4405,50311520,PAGO AUTOMATICO PAGO CUOTAS,128.67,Educación,pago automatico pago cuotas
4406,26516208,PAGO AUTOMATICO ARRIENDO DEPT,243.81,Vivienda,pago automatico arriendo dept
4407,45412428,DEBITO AUTOPISTA CENTRAL,39.5,Transporte,debito autopista central
4408,10928192,PAGO AUTOMATICO CURSO IDIOMAS,62.4,Educación,pago automatico curso idiomas
4409,42599792,ABONO SODIMAC HOME,397.84,Vivienda,abono sodimac home
4410,21905405,ABONO EVENTO DEPORTIVO,34.81,Ocio,abono evento deportivo
4411,85653426,ABONO COPEC SANTIAGO,15.21,Transporte,abono copec santiago
4412,42466665,CARGO TC SUPERMERCADO DIA,16.94,Alimentación,cargo tc supermercado dia
4413,74298074,DEBITO VTR BANDA ANCHA,39.78,Servicios,debito vtr banda ancha
4414,64341068,TEF ENVIADA CINEMARK ONLINE,20.9,Ocio,tef enviada cinemark online
4415,27900806,ABONO MCDONALDS WEB,22.72,Alimentación,abono mcdonalds web
4416,71765566,ABONO VTR BANDA ANCHA,62.65,Servicios,abono vtr banda ancha
4417,32191277,DEBITO TIENDA ONLINE,71.5,Servicios,debito tienda online
4418,81795409,DEBITO GASOLINERA,52.71,Transporte,debito gasolinera
4419,34476064,COMPRA TBK CINEMARK ONLINE,6.19,Ocio,compra tbk cinemark online
4420,18758869,DEBITO PRONTO COPEC,28.28,Alimentación,debito pronto copec
4421,79292008,ABONO DIDI RIDE,20.34,Transporte,abono didi ride
4422,19476055,CARGO TC DIDI RIDE,38.26,Transporte,cargo tc didi ride
4423,54057731,PAgO WEB MaTRICuLA UNIV,127.98,Educación,pago web matricula univ
4424,17728115,TEF ENVIADA RESTAURANT FANCY,55.32,Ocio,tef enviada restaurant fancy
4425,91785816,PAGO AUTOMATICO REPARACIONES HOGAR,267.82,Vivienda,pago automatico reparaciones hogar
4426,10507366,TEF ENVIADA PEAJE TAG,44.41,Transporte,tef enviada peaje tag
4427,30766900,TEF ENVIADA PINTURAS SHERWIN,114.51,Vivienda,tef enviada pinturas sherwin
4428,30206188,DEBITO TALLER AUTOMOTRIZ,137.91,Servicios,debito taller automotriz
4429,37347134,PAGO AUTOMATICO PAGO CUOTAS,378.73,Vivienda,pago automatico pago cuotas
4430,63475800,DEBITO HOME CENTER,190.63,Vivienda,debito home center
4431,69451721,COMPRA TBK OPTICA VISION,10.48,Salud,compra tbk optica vision
4432,14637652,COMPRA TBK PLATAFORMA APRENDIZAJE,56.91,Educación,compra tbk plataforma aprendizaje
4433,50833796,PAGO WEB CLINICA INDISA,28.94,Salud,pago web clinica indisa
4434,95941380,DEBITO FARMACIA AHUMADA,76.21,Salud,debito farmacia ahumada
4435,76579910,DEBITO BAR LA ESQUINA,19.86,Ocio,debito bar la esquina
4436,59234268,ABONO ENTRETENIMIENTO PLUS,32.85,Ocio,abono entretenimiento plus
4437,86393328,PAGO AUTOMATICO PAGO CUOTAS,374.1,Vivienda,pago automatico pago cuotas
4438,15370027,ABONO TALLER AUTOMOTRIZ,44.32,Servicios,abono taller automotriz
4439,57892935,ABONO ARRIENDO DEPT,272.0,Vivienda,abono arriendo dept
4440,65247109,ABONO TALLER AUTOMOTRIZ,112.05,Servicios,abono taller automotriz
4441,75189712,CARGO TC OPTICA VISION,100.4,Salud,cargo tc optica vision
4442,88795817,PAGO WEB SHELL RUTA 5,43.44,Transporte,pago web shell ruta 
4443,82703520,DEBITO CURSO IDIOMAS,109.13,Educación,debito curso idiomas
4444,90361803,ABONO TIENDA ONLINE,137.95,Servicios,abono tienda online
4445,93244633,COMPRA TBK PAGO CUOTAS,134.42,Educación,compra tbk pago cuotas
4446,90156892,COMPRA TBK SERVICIO TECNICO,108.31,Servicios,compra tbk servicio tecnico
4447,68588535,TEF ENVIADA STEAM GAMES,21.31,Ocio,tef enviada steam games
4448,89252562,DEBITO UBER TRIP,19.15,Transporte,debito uber trip
4449,83558381,TEF ENVIADA EASY PORTAL,255.0,Vivienda,tef enviada easy portal
4450,24002854,DEBITO COLEGIO MENSUALIDAD,56.14,Educación,debito colegio mensualidad
4451,10548114,TEF ENVIADA CONSULTA ESPECIALISTA,107.97,Salud,tef enviada consulta especialista
4452,31924339,PAGO AUTOMATICO ESTACIONAMIENTO,12.56,Transporte,pago automatico estacionamiento
4453,50827124,PAGO WEB GASOLINERA,56.65,Transporte,pago web gasolinera
4454,95493329,ABONO CLINICA INDISA,32.63,Salud,abono clinica indisa
4455,75994209,DEBITO PAGO CUOTAS,72.47,Vivienda,debito pago cuotas
4456,27282930,PAGO WEB TIENDA ONLINE,38.7,Educación,pago web tienda online
4457,54268735,DEBITO TIENDA ONLINE,102.02,Educación,debito tienda online
4458,16640542,COMPRA TBK CLARO TELECOM,63.82,Servicios,compra tbk claro telecom
4459,87246939,DEBITO ALMACEN VECINAL,40.33,Alimentación,debito almacen vecinal
4460,87169073,PAGO AUTOMATICO PINTURAS SHERWIN,259.81,Vivienda,pago automatico pinturas sherwin
4461,86150979,PAGO AUTOM4TIC0 CLARO TELECOM,118.51,Servicios,pago automtic claro telecom
4462,10497585,DEBITO ARRIENDO DEPT,349.71,Vivienda,debito arriendo dept
4463,26016228,TEF ENVIADA SERVICIOS GENERALES,17.1,Servicios,tef enviada servicios generales
4464,65993064,PAGO WEB UDEMY COURSES,21.71,Educación,pago web udemy courses
4465,53305554,COMPRA TBK CONDOMINIO GGCC,174.72,Vivienda,compra tbk condominio ggcc
4466,47283410,DEBITO OPTICA VISION,56.28,Salud,debito optica vision
4467,58113555,PAGO AUTOMATICO MERCADO CENTRAL,53.87,Ocio,pago automatico mercado central
4468,67841585,TEF ENVIADA FARMACIA AHUMADA,48.44,Salud,tef enviada farmacia ahumada
4469,55309017,PAGO AUTOMATICO JUMBO BILBAO,33.66,Alimentación,pago automatico jumbo bilbao
4470,27823096,ABONO TALLER AUTOMOTRIZ,50.76,Servicios,abono taller automotriz
4471,57365466,COMPRA TBK PEDIDOSYA CL,19.04,Alimentación,compra tbk pedidosya cl
4472,50605773,TEF ENVIADA MCDONALDS WEB,19.3,Alimentación,tef enviada mcdonalds web
4473,49742688,PAGO WEB PAGO CUOTAS,10.69,Servicios,pago web pago cuotas
4474,81727381,TEF ENVIADA GASCO LIQUADO,149.74,Servicios,tef enviada gasco liquado
4475,52718471,ABONO TIENDA ONLINE,50.13,Alimentación,abono tienda online
4476,12668228,DEBITO ENEL DISTRIBUCION,144.17,Servicios,debito enel distribucion
4477,50037019,COMPRA TBK ARRIENDO DEPT,333.46,Vivienda,compra tbk arriendo dept
4478,65191972,TEF ENVIADA CLINICA INDISA,18.51,Salud,tef enviada clinica indisa
4479,91700119,dEBITO pEDIDOSYA cL,47.73,Alimentación,debito pedidosya cl
4480,87629709,TEF ENVIADA FARMACIA AHUMADA,11.7,Salud,tef enviada farmacia ahumada
4481,91524118,DEBITO TALLER AUTOMOTRIZ,76.59,Servicios,debito taller automotriz
4482,55182432,TEF ENVIADA PAGO CUOTAS,396.51,Vivienda,tef enviada pago cuotas
4483,62242988,COMPRA TBK LIBRERIA UNIVERSITARIA,95.32,Educación,compra tbk libreria universitaria
4484,15669002,CARGO TC UDEMY COURSES,74.97,Educación,cargo tc udemy courses
4485,50151920,ABONO CENTRO MEDICO,148.3,Salud,abono centro medico
4486,95786372,CARGO TC SUPERMERCADO DIA,57.43,Alimentación,cargo tc supermercado dia
4487,83619337,DEBITO LIBRERIA UNiVERSItARIA,16.32,Educación,debito libreria universitaria
4488,92811164,COMPRA TBK TIENDA ONLINE,18.8,Ocio,compra tbk tienda online
4489,22082719,ABONO COPEC SANTIAGO,24.46,Transporte,abono copec santiago
4490,91943167,CARGO TC MATRICULA UNIV,127.81,Educación,cargo tc matricula univ
4491,30611126,TEF ENVIADA MERCADO CENTRAL,7.25,Alimentación,tef enviada mercado central
4492,71718187,DEBITO SUPERMERCADO DIA,30.91,Alimentación,debito supermercado dia
4493,59029688,PAGO AUTOMATICO PAGO CUOTAS,143.79,Educación,pago automatico pago cuotas
4494,67090949,CARGO TC DELIVERY COMIDA,45.58,Alimentación,cargo tc delivery comida
4495,10495739,DEBITO MERCADO CENTRAL,32.55,Ocio,debito mercado central
4496,96085615,ABONO VTR BANDA ANCHA,82.8,Servicios,abono vtr banda ancha
4497,24229923,ABONO HOME CENTER,249.69,Vivienda,abono home center
4498,32590892,DEBITO DIDI RIDE,58.41,Transporte,debito didi ride
4499,83636703,DEBITO SODIMAC HOME,181.86,Vivienda,debito sodimac home
4500,74500417,TEF ENVIADA LIBRERIA UNIVERSITARIA,50.95,Educación,tef enviada libreria universitaria
4501,69519196,COMPRA TBK SISTEMA DUOC,36.95,Educación,compra tbk sistema duoc
4502,89236172,PAGO AUTOMATICO VERDULERIA DON PEPE,16.75,Alimentación,pago automatico verduleria don pepe
4503,81085877,COMPRA TBK ENTRETENIMIENTO PLUS,55.78,Ocio,compra tbk entretenimiento plus
4504,30076471,PAGO AUTOMATICO AGUAS ANDINAS,51.29,Servicios,pago automatico aguas andinas
4505,55618691,ABONO TAXI APP,35.97,Transporte,abono taxi app
4506,66426269,PAGO WEB HOME CENTER,374.75,Vivienda,pago web home center
4507,39536435,PAGO AUTOMATICO UBER TRIP,40.96,Transporte,pago automatico uber trip
4508,87748507,PAGO WEB MERCADO CENTRAL,6.48,Alimentación,pago web mercado central
4509,86934791,TEF ENVIADA UBER TRIP,8.11,Transporte,tef enviada uber trip
4510,82766521,CARGO TC TIENDA ONLINE,39.52,Ocio,cargo tc tienda online
4511,47657195,DEBITO SODIMAC HOME,333.47,Vivienda,debito sodimac home
4512,94170608,DEBITO REPARACIONES HOGAR,326.87,Vivienda,debito reparaciones hogar
4513,89637876,CARGO TC PAGO CUOTAS,233.69,Vivienda,cargo tc pago cuotas
4514,15340730,PAGO WEB PAGO CUOTAS,128.02,Servicios,pago web pago cuotas
4515,57344278,PAGO AUTOMATICO STEAM GAMES,37.08,Ocio,pago automatico steam games
4516,87984645,PAGO WEB OPTICA VISION,52.35,Salud,pago web optica vision
4517,83810099,TEF ENVIADA PAGO CUOTAS,39.41,Educación,tef enviada pago cuotas
4518,13067430,PAGO AUTOMATICO OPTICA VISION,130.57,Salud,pago automatico optica vision
4519,30258512,PAGO AUTOMATICO DELIVERY COMIDA,18.08,Alimentación,pago automatico delivery comida
4520,94771464,TEF ENVIADA EASY PORTAL,325.22,Vivienda,tef enviada easy portal
4521,21840119,DEBITO UDEMY COURSES,86.61,Educación,debito udemy courses
4522,86111173,COMPRA TBK PAGO CUOTAS,100.59,Servicios,compra tbk pago cuotas
4523,98001633,DEBITO TIENDA ONLINE,119.78,Educación,debito tienda online
4524,13563869,ABONO TIENDA ONLINE,40.69,Alimentación,abono tienda online
4525,89992496,PAGO AUTOMATICO SODIMAC HOME,62.83,Vivienda,pago automatico sodimac home
4526,39453552,PAGO AUTOMATICO JUMBO BILBAO,31.46,Alimentación,pago automatico jumbo bilbao
4527,84259884,PAGO WEB GASOLINERA,38.37,Transporte,pago web gasolinera
4528,78636380,CARGO TC DIDI RIDE,41.45,Transporte,cargo tc didi ride
4529,70951144,DEBITO TALLER AUTOMOTRIZ,138.98,Servicios,debito taller automotriz
4530,54010480,COMPRA TBK AUTOPISTA CENTRAL,30.31,Transporte,compra tbk autopista central
4531,40237434,ABONO PAGO CUOTAS,149.52,Educación,abono pago cuotas
4532,11781029,CARGO TC AUTOPISTA CENTRAL,49.02,Transporte,cargo tc autopista central
4533,32925528,DEBITO ARRIENDO DEPT,343.95,Vivienda,debito arriendo dept
4534,55669408,COMPRA TBK STEAM GAMES,39.77,Ocio,compra tbk steam games
4535,14393557,PAGO AUTOMATICO RESTAURANT FANCY,24.66,Ocio,pago automatico restaurant fancy
4536,91000949,PAGO WEB SPOTIFY PREMIUM,42.15,Ocio,pago web spotify premium
4537,47601994,PAGO WEB STEAM GAMES,19.49,Ocio,pago web steam games
4538,24048653,PAGO WEB CONSULTA ESPECIALISTA,146.06,Salud,pago web consulta especialista
4539,16899631,CARGO TC FARMACIA AHUMADA,101.2,Salud,cargo tc farmacia ahumada
4540,40443496,ABONO SPOTIFY PREMIUM,58.78,Ocio,abono spotify premium
4541,25278116,ABONO SERVICIO TEcNICO,55.4,Servicios,abono servicio tecnico
4542,81647438,ABONO TALLER AUTOMOTRIZ,94.24,Servicios,abono taller automotriz
4543,70442839,PAGO WEB NETFLIX.COM,38.99,Ocio,pago web netflixcom
4544,41154721,ABONO UDEMY COURSES,99.43,Educación,abono udemy courses
4545,49181178,CARGO TC EXAMENES MED,46.88,Salud,cargo tc examenes med
4546,41125430,COMPRA TBK PINTURAS SHERWIN,336.79,Vivienda,compra tbk pinturas sherwin
4547,18911205,CARGO TC SERVICIOS GENERALES,201.2,Vivienda,cargo tc servicios generales
4548,76922183,CARGO TC GASOLINERA,32.83,Transporte,cargo tc gasolinera
4549,76869884,CARGO TC SHELL RUTA 5,25.13,Transporte,cargo tc shell ruta 
4550,99839973,PAGO WEB CINEMARK ONLINE,13.1,Ocio,pago web cinemark online
4551,85102909,COMPRA TBK ARRIENDO DEPT,320.91,Vivienda,compra tbk arriendo dept
4552,21908902,TEF ENVIADA COPEC SANTIAGO,23.23,Transporte,tef enviada copec santiago
4553,40436373,DEBITO EXAMENES MED,41.73,Salud,debito examenes med
4554,60042850,PAGO AUTOMATICO FARMACIA AHUMADA,19.66,Salud,pago automatico farmacia ahumada
4555,68097544,PAGO WEB EXAMENES MED,121.59,Salud,pago web examenes med
4556,61579960,TEF ENVIADA MERCADO CENTRAL,51.56,Alimentación,tef enviada mercado central
4557,26419085,PAGO AUTOMATICO BAR LA ESQUINA,24.0,Ocio,pago automatico bar la esquina
4558,97282022,CARGO TC COMPRA EN AMAZON,9.53,Ocio,cargo tc compra en amazon
4559,91840515,CARGO TC EVENTO DEPORTIVO,11.32,Ocio,cargo tc evento deportivo
4560,31684479,COMPRA TBK MERCADO CENTRAL,54.37,Alimentación,compra tbk mercado central
4561,85771821,DEBITO TIENDA ONLINE,35.35,Alimentación,debito tienda online
4562,50245439,COMPRA TBK BAR LA ESQUINA,51.08,Ocio,compra tbk bar la esquina
4563,17861618,PAGO AUTOMATICO EVENTO DEPORTIVO,43.79,Ocio,pago automatico evento deportivo
4564,70364220,DEBITO INTEGRAMEDICA,50.29,Salud,debito integramedica
4565,26827538,PAGO WEB CINEMARK ONLINE,34.48,Ocio,pago web cinemark online
4566,13848263,TEF ENVIADA INTEGRAMEDICA,123.67,Salud,tef enviada integramedica
4567,35314485,DEBIT0 REPARACIONE5 hOGAR,195.47,Vivienda,debit reparacione hogar
4568,60674429,COMPRA TBK PAGO CUOTAS,396.48,Vivienda,compra tbk pago cuotas
4569,47297072,COMPRA TBK SeRVICIOS GEnERALES,110.86,Vivienda,compra tbk servicios generales
4570,27180666,ABONO MCDONALDS WEB,12.35,Alimentación,abono mcdonalds web
4571,83043684,CARGO TC STEAM GAMES,7.18,Ocio,cargo tc steam games
4572,66502445,PAGO AUTOMATICO ESTACIONAMIENTO,31.85,Transporte,pago automatico estacionamiento
4573,70711979,COMPRA TBK UDEMY COURSES,96.0,Educación,compra tbk udemy courses
4574,64170999,DEBITO CLINICA INDISA,26.84,Salud,debito clinica indisa
4575,42925384,PAGO WEB CRUZ VERDE LOCAL,118.76,Salud,pago web cruz verde local
4576,63076788,PAGO AUTOMATICO FARMACIA AHUMADA,137.12,Salud,pago automatico farmacia ahumada
4577,60585874,TEF ENVIADA PINTURAS SHERWIN,334.74,Vivienda,tef enviada pinturas sherwin
4578,27212173,PAGO AUTOMATICO TIENDA ONLINE,25.88,Alimentación,pago automatico tienda online
4579,57876025,PAGO WEB SUPERMERCADO DIA,45.43,Alimentación,pago web supermercado dia
4580,57783527,PAGO WEB TIENDA ONLINE,37.05,Ocio,pago web tienda online
4581,60416083,PAGO AUTOMATICO UBER TRIP,51.79,Transporte,pago automatico uber trip
4582,13533390,CARGO TC FARMACIA AHUMADA,40.29,Salud,cargo tc farmacia ahumada
4583,37955709,CARGO TC P4GO CUOTAS,126.44,Servicios,cargo tc pgo cuotas
4584,44335308,ABONO CLARO TELECOM,132.5,Servicios,abono claro telecom
4585,81933142,TEF ENVIADA PAGO CUOTAS,130.04,Vivienda,tef enviada pago cuotas
4586,41329793,PAGO AUTOMATICO PRONTO COPEC,8.64,Alimentación,pago automatico pronto copec
4587,21232956,PAGO AUTOMATICO EXAMENES MED,62.33,Salud,pago automatico examenes med
4588,29973866,PAGO WEB PINTURAS SHERWIN,175.16,Vivienda,pago web pinturas sherwin
4589,71470167,DEBITO PRONTO COPEC,33.93,Alimentación,debito pronto copec
4590,11084107,TEF ENVIADA REPARACIONES HOGAR,151.33,Vivienda,tef enviada reparaciones hogar
4591,76511207,CARGO TC PLATAFORMA APRENDIZAJE,101.09,Educación,cargo tc plataforma aprendizaje
4592,80912122,PAGO WEB EASY PORTAL,331.54,Vivienda,pago web easy portal
4593,81929099,COMPRA TBK UDEMY COURSES,77.26,Educación,compra tbk udemy courses
4594,21315592,CARGO TC SHELL RUTA 5,22.85,Transporte,cargo tc shell ruta 
4595,81787784,TEF ENVIADA PRONTO COPEC,27.69,Alimentación,tef enviada pronto copec
4596,64410410,A80nO SPOTIFY PREMIUM,39.7,Ocio,ano spotify premium
4597,70953842,CARGO TC CENTRO MEDICO,127.45,Salud,cargo tc centro medico
4598,29164667,DEBITO HOME CENTER,352.3,Vivienda,debito home center
4599,19677366,DEBITO TIENDA ONLINE,62.12,Servicios,debito tienda online
4600,11642473,DEBITO CLINICA INDISA,66.59,Salud,debito clinica indisa
4601,77404479,TEF ENVIADA MCDONALDS WEB,28.75,Alimentación,tef enviada mcdonalds web
4602,32575378,DEBItO CONSULTA ESPECIALIStA,50.36,Salud,debito consulta especialista
4603,13665284,CARGO TC LIDER EXPRESS,27.2,Alimentación,cargo tc lider express
4604,44372429,COMPRA TBK SODIMAC HOME,161.92,Vivienda,compra tbk sodimac home
4605,63928057,COMPRA TBK MATRICULA UNIV,69.42,Educación,compra tbk matricula univ
4606,28877659,ABONO DIDI RIDE,12.08,Transporte,abono didi ride
4607,27514300,CARGO Tc VTR BANDA ANCHA,35.79,Servicios,cargo tc vtr banda ancha
4608,97914631,CARGO TC COPEC SANTIAGO,6.51,Transporte,cargo tc copec santiago
4609,37881659,ABOnO COMPRA EN AMAZON,19.08,Ocio,abono compra en amazon
4610,35829274,TEF ENVIADA INTEGRAMEDICA,41.9,Salud,tef enviada integramedica
4611,25669076,TEF ENVIADA AUTOPISTA CENTRAL,48.81,Transporte,tef enviada autopista central
4612,55034753,DEBITO DIDI RIDE,50.78,Transporte,debito didi ride
4613,50839673,CARGO TC PINTURAS SHERWIN,114.98,Vivienda,cargo tc pinturas sherwin
4614,91793881,ABONO PINTURAS SHERWIN,204.95,Vivienda,abono pinturas sherwin
4615,78719319,TEF ENVIADA ENEL DISTRIBUCION,70.21,Servicios,tef enviada enel distribucion
4616,88295005,TEF ENVIADA CARGA BIP WEB,57.29,Transporte,tef enviada carga bip web
4617,99928690,ABONO TAXI APP,31.05,Transporte,abono taxi app
4618,83839408,CARGO TC GASCO LIQUADO,99.18,Servicios,cargo tc gasco liquado
4619,41145672,PAGO WEB CLINICA INDISA,59.87,Salud,pago web clinica indisa
4620,61492407,CARGO TC AGUAS ANDINAS,147.46,Servicios,cargo tc aguas andinas
4621,18903426,ABONO REPARACIONES HOGAR,143.63,Vivienda,abono reparaciones hogar
4622,43056251,TEF ENVIADA TALLER AUTOMOTRIZ,132.13,Servicios,tef enviada taller automotriz
4623,65900222,PAGO WEB UDEMY COURSES,52.02,Educación,pago web udemy courses
4624,39417237,ABONO OPTICA VISION,44.89,Salud,abono optica vision
4625,48727665,DEBITO TIENDA ONLINE,132.94,Servicios,debito tienda online
4626,52651808,ABONO CLARO TELECOM,103.37,Servicios,abono claro telecom
4627,64723538,PAGO WEB INTEGRAMEDICA,27.82,Salud,pago web integramedica
4628,43533178,PAGO WEB COMPRA EN AMAZON,13.48,Ocio,pago web compra en amazon
4629,30231248,PAGO AUTOMATICO TAXI APP,21.38,Transporte,pago automatico taxi app
4630,71426967,COMPRA TBK OPTICA VISION,130.88,Salud,compra tbk optica vision
4631,83424114,TEF ENVIADA TIENDA ONLINE,56.22,Ocio,tef enviada tienda online
4632,48469377,TEF ENVIADA EXAMENES MED,67.52,Salud,tef enviada examenes med
4633,13507673,TEF ENVIADA CENTRO MEDICO,67.81,Salud,tef enviada centro medico
4634,49733158,DEBITO VERDULERIA DON PEPE,36.1,Alimentación,debito verduleria don pepe
4635,83333747,PAGO WEB SISTEMA DUOC,120.23,Educación,pago web sistema duoc
4636,40145757,COMPRA TBK VERDULERIA DON PEPE,42.06,Alimentación,compra tbk verduleria don pepe
4637,79158241,COMPRA TBK COLEGIO MENSUALIDAD,101.81,Educación,compra tbk colegio mensualidad
4638,37946715,COMPRA TBK EVENtO DEPORTIVO,31.07,Ocio,compra tbk evento deportivo
4639,10545853,PAGO AUTOMATICO SODIMAC HOME,380.04,Vivienda,pago automatico sodimac home
4640,84341916,ABONO CENTRO MEDICO,136.54,Salud,abono centro medico
4641,46923094,TEF ENVIADA TIENDA ONLINE,36.56,Alimentación,tef enviada tienda online
4642,63449779,COMPRA TBK MCDONALDS WEB,48.11,Alimentación,compra tbk mcdonalds web
4643,63265725,ABONO LIBRERIA UNIVERSITARIA,35.75,Educación,abono libreria universitaria
4644,87598331,ABONO BAR LA ESQUINA,59.53,Ocio,abono bar la esquina
4645,49800622,PAGO AUTOMATICO CINEMARK ONLINE,23.95,Ocio,pago automatico cinemark online
4646,24614265,ABONO ARRIENDO DEPT,211.0,Vivienda,abono arriendo dept
4647,94638929,ABONO COMPRA EN AMAZON,54.46,Ocio,abono compra en amazon
4648,45200542,PAGO AUTOMATICO ALMACEN VECINAL,32.81,Alimentación,pago automatico almacen vecinal
4649,96171959,DEBITO SPOTIFY PREMIUM,27.75,Ocio,debito spotify premium
4650,93271615,PAGO WEB PINTURAS SHERWIN,193.5,Vivienda,pago web pinturas sherwin
4651,83914229,PAGO AUTOMATICO NETFLIX.COM,17.33,Ocio,pago automatico netflixcom
4652,24076655,PAGO WEB INTEGRAMEDICA,143.83,Salud,pago web integramedica
4653,86667744,CARGO TC MCDONALDS WEB,6.51,Alimentación,cargo tc mcdonalds web
4654,88530951,PAGO WEB ARRIENDO DEPT,61.86,Vivienda,pago web arriendo dept
4655,46530759,TEF ENVIADA AGUAS ANDINAS,146.09,Servicios,tef enviada aguas andinas
4656,74697129,DEBITO ESTACIONAMIENTO,41.12,Transporte,debito estacionamiento
4657,47775156,PAGO WEB CARGA BIP WEB,7.51,Transporte,pago web carga bip web
4658,21893154,ABONO TIENDA ONLINE,111.97,Educación,abono tienda online
4659,15059637,PAGO AUTOMATICO VERDULERIA DON PEPE,9.07,Alimentación,pago automatico verduleria don pepe
4660,47973654,COMPRA TBK FARMACIA AHUMADA,90.97,Salud,compra tbk farmacia ahumada
4661,13344072,DEBITO COMPRA EN AMAZON,7.62,Ocio,debito compra en amazon
4662,85406370,COMPRA TBK CLINICA INDISA,126.31,Salud,compra tbk clinica indisa
4663,83053533,COMPRA TBK SERVICIOS GENERALES,399.74,Vivienda,compra tbk servicios generales
4664,43077664,PAGO WEB SPOTIFY PREMIUM,21.06,Ocio,pago web spotify premium
4665,54174627,CARGO TC ALMACEN VECINAL,21.63,Alimentación,cargo tc almacen vecinal
4666,36505555,COMPRA TBK CLINICA INDISA,20.46,Salud,compra tbk clinica indisa
4667,22907499,PAGO WEB MERCADO CENTRAL,31.71,Alimentación,pago web mercado central
4668,61292322,TEF ENVIADA COLEGIO MENSUALIDAD,18.23,Educación,tef enviada colegio mensualidad
4669,21597807,COMPRA TBK OPTICA VISION,120.7,Salud,compra tbk optica vision
4670,23121267,TEF ENVIADA ALMACEN VECINAL,37.06,Alimentación,tef enviada almacen vecinal
4671,72267690,TEF ENVIADA CRUZ VERDE LOCAL,103.66,Salud,tef enviada cruz verde local
4672,97940069,PAGO WEB MCDONALDS WEB,9.85,Alimentación,pago web mcdonalds web
4673,71656478,TEF ENVIADA LIDER EXPRESS,51.81,Alimentación,tef enviada lider express
4674,20077458,TEF ENVIADA CONSULTA ESPECIALISTA,118.16,Salud,tef enviada consulta especialista
4675,78461297,PAGO AUTOMATICO SISTEMA DUOC,61.59,Educación,pago automatico sistema duoc
4676,91228073,ABONO PINTURAS SHERWIN,75.11,Vivienda,abono pinturas sherwin
4677,77017197,COMPRA TBK COLEGIO MENSUALIDAD,52.23,Educación,compra tbk colegio mensualidad
4678,87523534,PAGO AUTOMATICO DELIVERY COMIDA,59.93,Alimentación,pago automatico delivery comida
4679,56754892,DEBITO DIDI RIDE,20.62,Transporte,debito didi ride
4680,55032119,DEBITO LIDER EXPRESS,16.98,Alimentación,debito lider express
4681,98837319,PAGO WEB VERDULERIA DON PEPE,15.21,Alimentación,pago web verduleria don pepe
4682,56223778,PAGO WEB VERDULERIA DON PEPE,23.54,Alimentación,pago web verduleria don pepe
4683,51860882,ABONO CLINICA INDISA,135.08,Salud,abono clinica indisa
4684,75304816,DEBITO MCDONALDS WEB,44.64,Alimentación,debito mcdonalds web
4685,92353546,PAGO WEB MERCADO CENTRAL,20.18,Alimentación,pago web mercado central
4686,47893226,PAGO AUTOMATICO PLATAFORMA APRENDIZAJE,80.94,Educación,pago automatico plataforma aprendizaje
4687,94378401,COMPRA TBK SISTEMA DUOC,108.11,Educación,compra tbk sistema duoc
4688,99041118,PAGO AUTOMATICO CENTRO MEDICO,138.38,Salud,pago automatico centro medico
4689,49761155,CARGO TC AUTOPISTA CENTRAL,53.76,Transporte,cargo tc autopista central
4690,21599367,PAGO AUTOMATICO VTR BANDA ANCHA,73.8,Servicios,pago automatico vtr banda ancha
4691,58536525,TEF ENVIADA SERVICIOS GENERALES,191.78,Vivienda,tef enviada servicios generales
4692,73942794,PAGO AUTOMATICO PRONTO COPEC,6.24,Alimentación,pago automatico pronto copec
4693,97766247,CARGO TC LIDER EXPRESS,55.65,Alimentación,cargo tc lider express
4694,60744107,COMPRA TBK ALMACEN VECINAL,33.01,Alimentación,compra tbk almacen vecinal
4695,10690967,CARgO TC CONDOmInIO GGCC,51.2,Vivienda,cargo tc condominio ggcc
4696,17918105,PAGO AUTOMATICO TIENDA ONLINE,41.98,Ocio,pago automatico tienda online
4697,28886930,PAGO AUTOMATICO AGUAS ANDINAS,11.08,Servicios,pago automatico aguas andinas
4698,24941208,TEF ENVIADA CONDOMINIO GGCC,92.6,Vivienda,tef enviada condominio ggcc
4699,29169679,TEF ENVIADA BANCO DEL ESTADO,87.31,Servicios,tef enviada banco del estado
4700,11767776,PAGO WEB UBER TRIP,34.48,Transporte,pago web uber trip
4701,35850974,ABONO REPARACIONES HOGAR,175.27,Vivienda,abono reparaciones hogar
4702,84389476,COmPRA TBK LIBRERIA UNIVERSITARIA,47.52,Educación,compra tbk libreria universitaria
4703,23660659,TEF ENVIADA COLEGIO MENSUALIDAD,108.63,Educación,tef enviada colegio mensualidad
4704,69457952,DEBITO AUToPISTA CENTRAL,56.02,Transporte,debito autopista central
4705,11027542,PAGO WEB PEAJE TAG,48.54,Transporte,pago web peaje tag
4706,99242012,COMPRA TBK PINTURAS SHERWIN,175.78,Vivienda,compra tbk pinturas sherwin
4707,72325513,COMPRA TBK HOME CENTER,233.47,Vivienda,compra tbk home center
4708,50279000,pAGO WEB MCDONALDS WEB,10.63,Alimentación,pago web mcdonalds web
4709,92310958,TEF ENVIADA CONSULTA ESPECIALISTA,56.61,Salud,tef enviada consulta especialista
4710,22832144,ABONO VTR BANDA ANCHA,140.18,Servicios,abono vtr banda ancha
4711,70952599,PAGO AUTOMATICO EXAMENES MED,50.3,Salud,pago automatico examenes med
4712,84553321,PAGO WEB CINEMARK ON1INE,55.95,Ocio,pago web cinemark onine
4713,56218260,PAGO AUTOMATICO COPEC SANTIAGO,32.37,Transporte,pago automatico copec santiago
4714,72365495,DEBITO UDEMY COURSES,88.16,Educación,debito udemy courses
4715,39785413,DEBITO AGUAS ANDINAS,125.35,Servicios,debito aguas andinas
4716,42151962,CARGO TC CURSO IDIOMAS,125.08,Educación,cargo tc curso idiomas
4717,84161951,CARGO TC SODIMAC HOME,163.11,Vivienda,cargo tc sodimac home
4718,86794695,ABONO OPTICA VISION,52.85,Salud,abono optica vision
4719,35041333,PAGO WEB ENEL DISTRIBUCION,90.63,Servicios,pago web enel distribucion
4720,67703613,ABONO NETFLIX.COM,36.15,Ocio,abono netflixcom
4721,79769314,CARGO TC PRONTO COPEC,38.43,Alimentación,cargo tc pronto copec
4722,16505659,COMPRA TBK PAGO CUOTAS,64.39,Educación,compra tbk pago cuotas
4723,46690888,TEF ENVIADA PAGO CUOTAS,179.94,Vivienda,tef enviada pago cuotas
4724,69614060,PAGO AUTOMATICO LIDER EXPRESS,27.79,Alimentación,pago automatico lider express
4725,50109750,DEBITO TAXI APP,37.33,Transporte,debito taxi app
4726,95230710,TEF ENVIADA UDEMY COURSES,12.87,Educación,tef enviada udemy courses
4727,92673451,PAGO AUTOMATICO INTEGRAMEDICA,95.93,Salud,pago automatico integramedica
4728,46151981,ABONO COMPRA EN AMAZON,21.57,Ocio,abono compra en amazon
4729,53366907,ABONO SERVICIOS GENERALES,122.38,Servicios,abono servicios generales
4730,34720986,PAGO WEB ENEL DISTRIBUCION,43.65,Servicios,pago web enel distribucion
4731,78757564,TEF ENVIADA CARGA BIP WEB,5.26,Transporte,tef enviada carga bip web
4732,26913988,COMPRA TBK PRONTO COPEC,21.93,Alimentación,compra tbk pronto copec
4733,63461642,CARGO TC RESTAURANT FANCY,38.02,Ocio,cargo tc restaurant fancy
4734,88511877,CARGO TC CONSULTA ESPECIALISTA,139.94,Salud,cargo tc consulta especialista
4735,60844847,ABONO CONDOMINIO GGCC,55.23,Vivienda,abono condominio ggcc
4736,42099757,CARGO TC CLINICA INDISA,149.54,Salud,cargo tc clinica indisa
4737,55357151,DEBITO DIDI RIDE,42.16,Transporte,debito didi ride
4738,21081940,TEF ENVIADA CONSULTA ESPECIALISTA,55.1,Salud,tef enviada consulta especialista
4739,16186113,PAGO WEB MATRICULA UNIV,49.13,Educación,pago web matricula univ
4740,34672036,PAGO WEB VTR BANDA ANCHA,136.67,Servicios,pago web vtr banda ancha
4741,31197225,PAGO WEB COMPRA EN AMAZON,10.46,Ocio,pago web compra en amazon
4742,27585470,PAGO WEB CLINICA INDISA,13.7,Salud,pago web clinica indisa
4743,33734184,PAGO AUTOMATICO VERDULERIA DON PEPE,54.78,Alimentación,pago automatico verduleria don pepe
4744,64508531,PAGO WEB INTEGRAMEDICA,63.54,Salud,pago web integramedica
4745,10664949,ABONO ESTACIONAMIENTO,26.79,Transporte,abono estacionamiento
4746,40954383,ABOnO AUTOPISTA CENTRAL,37.25,Transporte,abono autopista central
4747,58089112,CARGO TC UDEMY COURSES,11.06,Educación,cargo tc udemy courses
4748,88522560,PAGO AUTOMATICO COPEC SANTIAGO,7.68,Transporte,pago automatico copec santiago
4749,60153380,DEBITO SISTEMA DUOC,96.66,Educación,debito sistema duoc
4750,10276712,COMPRA TBK PAGO CUOTAS,70.35,Vivienda,compra tbk pago cuotas
4751,55847650,DEBITO MCDONALDS WEB,28.67,Alimentación,debito mcdonalds web
4752,60542762,TEF ENVIADA CONDOMINIO GGCC,300.44,Vivienda,tef enviada condominio ggcc
4753,79004387,DEBITO BAR LA ESQUINA,45.7,Ocio,debito bar la esquina
4754,87761337,COMPRA TBK EXAMENES MED,149.65,Salud,compra tbk examenes med
4755,39151447,TEF ENVIADA VTR BANDA AnChA,29.14,Servicios,tef enviada vtr banda ancha
4756,72910947,PAGO AUTOMATICO SHELL RUTA 5,30.6,Transporte,pago automatico shell ruta 
4757,54492862,ABONO PAGO CUOTAS,62.76,Servicios,abono pago cuotas
4758,11724501,ABONO PINTURAS SHERWIN,323.83,Vivienda,abono pinturas sherwin
4759,57344466,CARGO TC SUPERMERCADO DIA,15.77,Alimentación,cargo tc supermercado dia
4760,76968371,COMPRA TBK COLEGIO MENSUALIDAD,69.91,Educación,compra tbk colegio mensualidad
4761,33729042,CARGO TC SERVICIOS GENERALES,280.59,Vivienda,cargo tc servicios generales
4762,87242120,COMPRA TBK TIENDA ONLINE,13.81,Ocio,compra tbk tienda online
4763,17374466,CARGO TC DELIVERY COMIDA,27.37,Alimentación,cargo tc delivery comida
4764,43005009,COMPRA TBK SUPERMERCADO DIA,8.81,Alimentación,compra tbk supermercado dia
4765,69297263,PAGO AUTOMATICO VERDULERIA DON PEPE,6.32,Alimentación,pago automatico verduleria don pepe
4766,55003155,DEBITO EVENTO DEPORTIVO,18.53,Ocio,debito evento deportivo
4767,82363632,DEBITO DIDI RIDE,24.57,Transporte,debito didi ride
4768,95330116,ABONO SHELL RUTA 5,33.42,Transporte,abono shell ruta 
4769,76837769,PAGO AUTOMATICO CONSULTA ESPECIALISTA,21.73,Salud,pago automatico consulta especialista
4770,12895539,PAGO WEB CLINICA INDISA,15.61,Salud,pago web clinica indisa
4771,42971677,PAGO AUTOMATICO STEAM GAMES,36.34,Ocio,pago automatico steam games
4772,19817970,ABONO MATRICULA UNIV,39.01,Educación,abono matricula univ
4773,94069839,CARGO TC CENTRO MEDICO,80.31,Salud,cargo tc centro medico
4774,74256437,PAGO WEB SERVICIOS GENERALES,314.24,Vivienda,pago web servicios generales
4775,84322289,COMPRA TBK LIBRERIA UNIVERSITARIA,38.24,Educación,compra tbk libreria universitaria
4776,19607081,PAGO AUTOMATICO EVENTO DEPORTIVO,53.53,Ocio,pago automatico evento deportivo
4777,22649696,PAGO WEB INTEGRAMEDICA,23.77,Salud,pago web integramedica
4778,57392175,ABONO CRUZ VERDE LOCAL,32.91,Salud,abono cruz verde local
4779,69742517,CARGO TC SERVICIOS GENERALES,353.03,Vivienda,cargo tc servicios generales
4780,75478354,COMPRA TBK AUTOPISTA CENTRAL,15.07,Transporte,compra tbk autopista central
4781,43407750,CARGO TC CONSULTA ESPECIALISTA,78.46,Salud,cargo tc consulta especialista
4782,61795004,DEBITO SERVICIO TECNICO,95.9,Servicios,debito servicio tecnico
4783,49393597,PAGO WEB PINTURAS SHERWIN,256.04,Vivienda,pago web pinturas sherwin
4784,87545140,CARGO TC UBER TRIP,20.84,Transporte,cargo tc uber trip
4785,93949738,COMPRA TBK FARMACIA AHUMADA,29.33,Salud,compra tbk farmacia ahumada
4786,86166228,PAGO WEB VERDULERIA DON PEPE,28.03,Alimentación,pago web verduleria don pepe
4787,29192400,CARGO TC HOME CENTER,336.45,Vivienda,cargo tc home center
4788,70036941,ABONO VERDULERIA DON PEPE,53.17,Alimentación,abono verduleria don pepe
4789,41060001,TEF ENVIADA EVENTO DEPORTIVO,45.68,Ocio,tef enviada evento deportivo
4790,38925378,PAGO WEB NETFLIX.COM,19.16,Ocio,pago web netflixcom
4791,24797107,COMPRA TBK CLINICA INDISA,52.16,Salud,compra tbk clinica indisa
4792,34970733,CARGO TC BANCO DEL ESTADO,30.63,Servicios,cargo tc banco del estado
4793,99674912,PAGO AUTOMATICO CARGA BIP WEB,45.15,Transporte,pago automatico carga bip web
4794,86133355,CARGO TC PRONTO COPEC,30.5,Alimentación,cargo tc pronto copec
4795,49098525,COMPRA TBK AUTOPISTA CENTRAL,43.4,Transporte,compra tbk autopista central
4796,97205292,COMPRA TBK MERCADO CENTRAL,38.6,Alimentación,compra tbk mercado central
4797,29329805,CARGO TC SHELL RUTA 5,47.58,Transporte,cargo tc shell ruta 
4798,30946019,DEBITO ESTACIONAMIENTO,43.14,Transporte,debito estacionamiento
4799,62976745,CARGO TC LIBRERIA UNIVERSITARIA,78.35,Educación,cargo tc libreria universitaria
4800,64626097,COMPRA TBK SERVICIOS GENERALES,98.22,Servicios,compra tbk servicios generales
4801,79822750,ABONO CINEMARK ONLINE,28.45,Ocio,abono cinemark online
4802,30340520,COMPRA TBK LIDER EXPRESS,6.49,Alimentación,compra tbk lider express
4803,49215457,DEBITO ENEL DISTRIBUCION,80.47,Servicios,debito enel distribucion
4804,82898620,PAGO AUTOMATICO CLINICA INDISA,38.5,Salud,pago automatico clinica indisa
4805,87343932,PAGO AUTOMATICO GASCO LIQUADO,63.34,Servicios,pago automatico gasco liquado
4806,82512113,TEF ENVIADA PAGO CUOTAS,94.74,Servicios,tef enviada pago cuotas
4807,11171326,DEBITO EASY PORTAL,348.14,Vivienda,debito easy portal
4808,48391676,CARGO TC ENTRETENIMIENTO PLUS,53.99,Ocio,cargo tc entretenimiento plus
4809,59723863,COMPRA TBK MATRICULA UNIV,138.41,Educación,compra tbk matricula univ
4810,29538254,COMPRA TBK CRUZ VERDE LOCAL,46.62,Salud,compra tbk cruz verde local
4811,60224330,PAGO WEB FARMACIA AHUMADA,16.99,Salud,pago web farmacia ahumada
4812,54533750,COMPRA TBK NETFLIX.COM,21.05,Ocio,compra tbk netflixcom
4813,81215433,CARGO TC MERCADO CENTRAL,44.35,Alimentación,cargo tc mercado central
4814,16548156,COMPRA TBK ENTRETENIMIENTO PLUS,16.92,Ocio,compra tbk entretenimiento plus
4815,14794568,PAGO WEB TIENDA ONLINE,50.02,Educación,pago web tienda online
4816,46499069,COMPRA TBK SPOTIFY PREMIUM,18.31,Ocio,compra tbk spotify premium
4817,55624694,PAGO AUTOMATICO CENTRO MEDICO,20.62,Salud,pago automatico centro medico
4818,97849551,TEF ENVIADA AUTOPISTA CENTRAL,10.67,Transporte,tef enviada autopista central
4819,52911928,PAGO AUTOMATICO SISTEMA DUOC,59.32,Educación,pago automatico sistema duoc
4820,11613599,COMPRA TBK ALMACEN VECINAL,10.67,Alimentación,compra tbk almacen vecinal
4821,70046150,CARGO TC HOME CENTER,88.5,Vivienda,cargo tc home center
4822,22242063,PAGO WEB SERVICIOS GENERALES,144.69,Servicios,pago web servicios generales
4823,98188826,TEF ENVIADA UDEMY COURSES,24.38,Educación,tef enviada udemy courses
4824,37408056,DEBITO TIENDA ONLINE,77.72,Educación,debito tienda online
4825,79250561,COMPRA TBK VERDULERIA DON PEPE,56.03,Alimentación,compra tbk verduleria don pepe
4826,86336362,PAGO AUTOMATICO HOME CENTER,249.95,Vivienda,pago automatico home center
4827,79969884,PAGO AUTOMATICO TALLER AUTOMOTRIZ,38.28,Servicios,pago automatico taller automotriz
4828,15594788,PAGO AUTOMATICO UBER TRIP,44.57,Transporte,pago automatico uber trip
4829,81982274,CARGO TC ENEL DISTRIBUCION,39.03,Servicios,cargo tc enel distribucion
4830,18989077,CARGO TC CARGA BIP WEB,37.34,Transporte,cargo tc carga bip web
4831,83206688,PAGO AUTOMATICO REPARACIONES HOGAR,179.37,Vivienda,pago automatico reparaciones hogar
4832,89626949,TEF ENVIADA INTEGRAMEDICA,117.86,Salud,tef enviada integramedica
4833,63711215,CARGO TC MATRICULA UNIV,102.32,Educación,cargo tc matricula univ
4834,54983217,ABONO MERCADO CENTRAL,35.78,Alimentación,abono mercado central
4835,45928024,CARGO TC DELIVERY COMIDA,56.1,Alimentación,cargo tc delivery comida
4836,37919635,PAGO AUTOMATICO HOME CENTER,51.51,Vivienda,pago automatico home center
4837,79180976,COMPRA TBK GASCO LIQUADO,57.74,Servicios,compra tbk gasco liquado
4838,61572981,TEF ENVIADA ESTACIONAMIENTO,28.65,Transporte,tef enviada estacionamiento
4839,95627064,CARGO TC SISTEMA DUOC,61.94,Educación,cargo tc sistema duoc
4840,79505854,TEF ENVIADA NETFLIX.COM,25.38,Ocio,tef enviada netflixcom
4841,10592997,COMPRA TBK CENTRO MEDICO,122.53,Salud,compra tbk centro medico
4842,85739453,COMPRA TBK ARRIENDO DEPT,373.35,Vivienda,compra tbk arriendo dept
4843,40032596,DEBITO COPEC SANTIAGO,35.56,Transporte,debito copec santiago
4844,72967268,PAGO AUTOMATICO CINEMARK ONLINE,30.07,Ocio,pago automatico cinemark online
4845,77278338,COMPRA TBK SPOTIFY PREMIUM,21.09,Ocio,compra tbk spotify premium
4846,97573473,DEBITO CLINICA INDISA,80.55,Salud,debito clinica indisa
4847,18251507,COMPRA TBK ARRIENDO DEPT,53.02,Vivienda,compra tbk arriendo dept
4848,28899505,COMPRA TBK MCDONALDS WeB,15.64,Alimentación,compra tbk mcdonalds web
4849,16956379,PAGO AUTOMATICO BAR LA ESQUINA,24.18,Ocio,pago automatico bar la esquina
4850,98881010,ABONO EVENTO DEPORTIVO,29.59,Ocio,abono evento deportivo
4851,67336898,ABONO EASY PORTAL,377.14,Vivienda,abono easy portal
4852,24540669,PAGO WEB COMPRA EN AMAZON,25.69,Ocio,pago web compra en amazon
4853,63520789,PAGO AUTOMATICO COMPRA EN AMAZON,27.14,Ocio,pago automatico compra en amazon
4854,80332126,CARGO TC SERvICIOS GEnErALES,349.14,Vivienda,cargo tc servicios generales
4855,12344166,ABONO CARGA BIP WEB,38.82,Transporte,abono carga bip web
4856,47788857,TEF ENVIADA CLINICA INDISA,142.3,Salud,tef enviada clinica indisa
4857,36343807,DEBITO TIENDA ONLINE,47.92,Ocio,debito tienda online
4858,21843840,DEBITO SISTEMA DUOC,91.12,Educación,debito sistema duoc
4859,11783108,TEF ENVIADA CLARO TELECOM,74.21,Servicios,tef enviada claro telecom
4860,66550416,PAGO AUTOMATICO EXAMENES MED,17.01,Salud,pago automatico examenes med
4861,88751425,PAGO AUTOMATICO PEDIDOSYA CL,11.29,Alimentación,pago automatico pedidosya cl
4862,15886282,DEBITO CRUZ VERDE LOCAL,19.69,Salud,debito cruz verde local
4863,38042768,P4GO AUTOMAtICO C1NEMARK ONLINE,41.82,Ocio,pgo automatico cnemark online
4864,84666074,CARGO TC SERVICIOS GENERALES,138.59,Servicios,cargo tc servicios generales
4865,77161703,CARGO TC DIDI RIDE,44.26,Transporte,cargo tc didi ride
4866,24468262,COMPRA TBK OPTICA VISION,49.72,Salud,compra tbk optica vision
4867,43842880,PAGO WEB PAGO CUOTAS,184.54,Vivienda,pago web pago cuotas
4868,61987708,PAGO AUTOMATICO MERCADO CENTRAL,51.92,Ocio,pago automatico mercado central
4869,37872785,ABONO STEAM GAMES,10.04,Ocio,abono steam games
4870,66812031,ABONO CONDOMINIO GGCC,177.7,Vivienda,abono condominio ggcc
4871,82306586,TEF ENVIADA PAGO CUOTAS,56.63,Servicios,tef enviada pago cuotas
4872,76848478,TEF ENVIADA TIENDA ONLINE,103.77,Servicios,tef enviada tienda online
4873,98292310,COMPRA TBK CRUZ VERDE LOCAL,29.78,Salud,compra tbk cruz verde local
4874,52899951,dEBITO PAGO cUOTAS,22.04,Educación,debito pago cuotas
4875,37980569,ABONO TIENDA ONLINE,50.31,Alimentación,abono tienda online
4876,37235221,PAGO AUTOMATICO EASY PORTAL,305.37,Vivienda,pago automatico easy portal
4877,66479971,TEF ENVIADA STEAM GAMES,51.48,Ocio,tef enviada steam games
4878,36947218,PAGO WEB TAXI APP,49.65,Transporte,pago web taxi app
4879,89098923,COMPRA TBK JUMBO BILBAO,7.88,Alimentación,compra tbk jumbo bilbao
4880,84228356,PAGO WEB TIENDA ONLINE,72.07,Servicios,pago web tienda online
4881,81362827,ABONO JUMBO BILBAO,58.19,Alimentación,abono jumbo bilbao
4882,40956106,DEBITO PEAJE TAG,23.48,Transporte,debito peaje tag
4883,90548980,CARGO TC FARMACIA AHUMADA,115.84,Salud,cargo tc farmacia ahumada
4884,16626186,PAGO WEB UDEMY COURSES,139.28,Educación,pago web udemy courses
4885,67001939,DEBITO STEAM GAMES,9.87,Ocio,debito steam games
4886,96261359,PAGO AUTOMATICO TALLER AUTOMOTRIZ,13.46,Servicios,pago automatico taller automotriz
4887,95253681,TEF ENVIADA AGUAS ANDINAS,70.07,Servicios,tef enviada aguas andinas
4888,86783086,ABONO PEDIDOSYA CL,21.67,Alimentación,abono pedidosya cl
4889,10502763,ABONO PINTURAS SHERWIN,355.14,Vivienda,abono pinturas sherwin
4890,21848331,COMPRA TBK STEAM GAMES,7.0,Ocio,compra tbk steam games
4891,42817159,DEBITO INTEGRAMEDICA,11.17,Salud,debito integramedica
4892,91156129,PAGO AUTOMATICO PAGO CUOTAS,72.7,Educación,pago automatico pago cuotas
4893,88454227,TEF ENVIADA LIBRERIA UNIVERSITARIA,148.24,Educación,tef enviada libreria universitaria
4894,91390183,TEF ENVIADA BAR LA ESQUINA,17.8,Ocio,tef enviada bar la esquina
4895,23192745,DEB1TO REPARACI0NES HOgAR,228.18,Vivienda,debto reparacines hogar
4896,98342383,ABONO SERVICIOS GENERALES,235.77,Vivienda,abono servicios generales
4897,68041409,PAGO AUTOMATICO GASCO LIQUADO,86.26,Servicios,pago automatico gasco liquado
4898,95883279,CARGO TC ENTRETENIMI3NTO pLUS,13.88,Ocio,cargo tc entreteniminto plus
4899,67057864,PAGO WEB CONDOMINIO GGCC,201.29,Vivienda,pago web condominio ggcc
4900,11502307,ABONO HOME CENTER,249.46,Vivienda,abono home center
4901,21492429,PAGO AUTOMATICO STEAM GAMES,57.23,Ocio,pago automatico steam games
4902,96009920,TEF ENVIADA SERVICIO TECNICO,94.31,Servicios,tef enviada servicio tecnico
4903,24250228,PAGO WEB M3RCADO C3NTRAL,12.46,Ocio,pago web mrcado cntral
4904,68228228,PAGO AUTOMATICO OPTICA VISION,55.18,Salud,pago automatico optica vision
4905,83691521,PAGO AUTOMATICO CURSO IDIOMAS,127.4,Educación,pago automatico curso idiomas
4906,52558801,DEBITO PLATAFORMA APRENDIZAJE,14.11,Educación,debito plataforma aprendizaje
4907,24678110,COMPRA TBK PRONTO COPEC,54.06,Alimentación,compra tbk pronto copec
4908,88210326,CARGO TC TALLER AUTOMOTRIZ,36.39,Servicios,cargo tc taller automotriz
4909,57309011,PAGO WEB MCDONALDS WEB,52.71,Alimentación,pago web mcdonalds web
4910,20774838,PAGO WEB FARMACIA AHUMADA,100.76,Salud,pago web farmacia ahumada
4911,17527260,PAGO WEB CLARO TELECOM,132.23,Servicios,pago web claro telecom
4912,34647162,COMPRA TBK CRUZ VERDE LOCAL,46.66,Salud,compra tbk cruz verde local
4913,85320054,PAGO WEB MATRICULA UNIV,126.94,Educación,pago web matricula univ
4914,16682630,DEBITO REPARACIONES HOGAR,269.26,Vivienda,debito reparaciones hogar
4915,36330424,ABONO NETFLIX.COM,5.99,Ocio,abono netflixcom
4916,18564145,CARGO TC MCDONALDS WEB,40.41,Alimentación,cargo tc mcdonalds web
4917,86721626,PAGO AUTOMATICO SODIMAC HOME,313.98,Vivienda,pago automatico sodimac home
4918,56255395,DEBITO VERDULERIA DON PEPE,13.21,Alimentación,debito verduleria don pepe
4919,64770806,TEF ENVIADA UBER TRIP,38.26,Transporte,tef enviada uber trip
4920,61598902,DEBITO AGUAS ANDINAS,33.54,Servicios,debito aguas andinas
4921,95756894,ABONO JUMBO BILBAO,15.76,Alimentación,abono jumbo bilbao
4922,61659693,ABONO CARGA BIP WEB,40.82,Transporte,abono carga bip web
4923,87070198,CARGO TC CONDOMINIO GGCC,207.93,Vivienda,cargo tc condominio ggcc
4924,48692335,ABONO ESTACIONAMIENTO,59.68,Transporte,abono estacionamiento
4925,22350942,PAGO AUTOMATICO RESTAURANT FANCY,49.37,Ocio,pago automatico restaurant fancy
4926,99032699,CARGO TC CLARO TELECOM,144.54,Servicios,cargo tc claro telecom
4927,76577067,DEBITO CENTRO MEDICO,45.8,Salud,debito centro medico
4928,37954684,PAGO WEB TIENDA ONLINE,24.9,Ocio,pago web tienda online
4929,54332968,CARGO TC EXAMENES MED,111.44,Salud,cargo tc examenes med
4930,83681919,DEBITO CENTRO MEDICO,146.53,Salud,debito centro medico
4931,79003124,CARGO TC TIENDA ONLINE,15.92,Ocio,cargo tc tienda online
4932,49818848,PAGO WEB BAR LA ESQUINA,35.89,Ocio,pago web bar la esquina
4933,57402173,DEBITO GASCO LIQUADO,101.69,Servicios,debito gasco liquado
4934,76373810,ABONO CONDOMINIO GGCC,125.54,Vivienda,abono condominio ggcc
4935,30704087,PAGO WEB PINTURAS SHERWIN,60.25,Vivienda,pago web pinturas sherwin
4936,73216489,PAGO AUTOMATICO EVENTO DEPORTIVO,5.25,Ocio,pago automatico evento deportivo
4937,97301166,TEF ENVIADA LIBRERIA UNIVERSITARIA,67.19,Educación,tef enviada libreria universitaria
4938,97084206,PAGO WEB TIENDA ONLINE,45.26,Servicios,pago web tienda online
4939,81883251,PAGO WEB TAXI APP,6.74,Transporte,pago web taxi app
4940,58476510,CARGO TC PRONTO COPEC,59.7,Alimentación,cargo tc pronto copec
4941,63806952,TEF ENVIADA SUPERMERCADO DIA,30.49,Alimentación,tef enviada supermercado dia
4942,47629829,COMPRA TBK NETFLIX.COM,14.47,Ocio,compra tbk netflixcom
4943,16130851,ABONO TIENDA ONLINE,107.57,Servicios,abono tienda online
4944,29042608,DEBITO ARRIENDO DEPT,345.59,Vivienda,debito arriendo dept
4945,56353381,CARGO TC PLATAFORMA APRENDIZAJE,103.37,Educación,cargo tc plataforma aprendizaje
4946,13835587,TEF ENVIADA NETFLIX.COM,8.49,Ocio,tef enviada netflixcom
4947,24755720,PAGO WEB AUTOPISTA CENTRAL,24.49,Transporte,pago web autopista central
4948,10653045,DEBITO CINEMARK ONLINE,21.49,Ocio,debito cinemark online
4949,85474249,DEBITO CRUZ VERDE LOCAL,23.19,Salud,debito cruz verde local
4950,28692391,TEF ENVIADA AUTOPISTA CENTRAL,54.99,Transporte,tef enviada autopista central
4951,41211039,ABONO LIBRERIA UNIVERSITARIA,125.41,Educación,abono libreria universitaria
4952,54373957,PAGO WEB SERVICIOS GENERALES,36.33,Servicios,pago web servicios generales
4953,98156936,COMPRA TBK AGUAS ANDINAS,59.36,Servicios,compra tbk aguas andinas
4954,58045883,ABONO PRONTO COPEC,15.16,Alimentación,abono pronto copec
4955,61043561,TEF ENVIADA PINTURAS SHERWIN,367.14,Vivienda,tef enviada pinturas sherwin
4956,16860211,CARGO TC BANCO DEL ESTADO,83.3,Servicios,cargo tc banco del estado
4957,56989269,PAGO WEB ARRIENDO DEPT,172.0,Vivienda,pago web arriendo dept
4958,67900035,CARGO TC FARMACIA AHUMADA,146.75,Salud,cargo tc farmacia ahumada
4959,20847701,ABONO TIENDA ONLINE,91.84,Servicios,abono tienda online
4960,50860764,COMPRA TBK FARMACIA AHUMADA,58.16,Salud,compra tbk farmacia ahumada
4961,70902028,ABONO CONSULTA ESPECIALISTA,107.8,Salud,abono consulta especialista
4962,82989783,TEF ENVIADA TALLER AUTOMOTRIZ,128.33,Servicios,tef enviada taller automotriz
4963,43578563,TEF ENVIADA PAGO CUOTAS,184.84,Vivienda,tef enviada pago cuotas
4964,52608828,ABONO VTR BANDA ANCHA,126.26,Servicios,abono vtr banda ancha
4965,32385662,DEBITO CENTRO MEDICO,116.55,Salud,debito centro medico
4966,13858404,TEF ENVIADA FARMACIA AHUMADA,81.92,Salud,tef enviada farmacia ahumada
4967,97912977,PAGO WEB COLEGIO MENSUALIDAD,71.89,Educación,pago web colegio mensualidad
4968,17947134,PAGO WEB COPEC SANTIAGO,28.31,Transporte,pago web copec santiago
4969,42279221,PAGO WEB SHELL RUTA 5,6.11,Transporte,pago web shell ruta 
4970,19899046,PAGO WEB GASCO LIQUADO,71.02,Servicios,pago web gasco liquado
4971,54282473,CARGO TC SODIMAC HOME,302.39,Vivienda,cargo tc sodimac home
4972,26782946,PAGO WEB TIENDA ONLINE,138.01,Servicios,pago web tienda online
4973,23416165,PAGO AUTOMATICO TIENDA ONLINE,57.12,Ocio,pago automatico tienda online
4974,81271728,CARGO TC GASCO LIQUADO,138.77,Servicios,cargo tc gasco liquado
4975,22140196,CARGO TC UDEMY COURSES,102.06,Educación,cargo tc udemy courses
4976,91578435,COMPRA TBK CINEMARK ONLINE,49.88,Ocio,compra tbk cinemark online
4977,44272725,CARG0 Tc PINTURAS SHERW1N,96.38,Vivienda,carg tc pinturas sherwn
4978,34804155,PAGO AUTOMATICO CONSULTA ESPECIALISTA,94.89,Salud,pago automatico consulta especialista
4979,89251552,DEBITO LIDER EXPRESS,6.34,Alimentación,debito lider express
4980,79972705,TEF ENVIADA EXAMENES MED,129.12,Salud,tef enviada examenes med
4981,92548875,TEF ENVIADA CARGA BIP WEB,25.49,Transporte,tef enviada carga bip web
4982,31043077,COMPRA TBK AGUAS ANDINAS,103.03,Servicios,compra tbk aguas andinas
4983,96237148,PAGO AUTOMATICO CURSO IDIOMAS,25.01,Educación,pago automatico curso idiomas
4984,25393738,TEF ENVIADA VERDULERIA DON PEPE,57.18,Alimentación,tef enviada verduleria don pepe
4985,55598060,PAGO AUTOMATICO CONDOMINIO GGCC,333.11,Vivienda,pago automatico condominio ggcc
4986,24971009,ABONO ARRIENDO DEPT,344.65,Vivienda,abono arriendo dept
4987,77567852,COMPRA TBK GASOLINERA,31.9,Transporte,compra tbk gasolinera
4988,89685593,TEF ENVIADA TIENDA ONLINE,86.99,Servicios,tef enviada tienda online
4989,39236807,ABONO EASY PORTAL,287.79,Vivienda,abono easy portal
4990,58182132,COMPRA TBK PAGO CUOTAS,97.92,Vivienda,compra tbk pago cuotas
4991,93047275,PAGO AUTOmAtICO CURSO IDIOM4S,127.67,Educación,pago automatico curso idioms
4992,44130969,ABONO PEDIDOSYA CL,20.08,Alimentación,abono pedidosya cl
4993,10788985,ABONO JUMBO BILBAO,12.2,Alimentación,abono jumbo bilbao
4994,42753932,DEBITO TIENDA ONLINE,35.83,Ocio,debito tienda online
4995,51564356,TEF ENVIADA UDEMY COURSES,99.31,Educación,tef enviada udemy courses
4996,63655557,PAGO WEB MCDONALDS WEB,29.89,Alimentación,pago web mcdonalds web
4997,16378574,TEF ENVIADA SODIMAC HOME,145.27,Vivienda,tef enviada sodimac home
4998,71637911,CARGO TC SISTEMA DUOC,105.12,Educación,cargo tc sistema duoc
4999,29622048,PAGO WEB FARMACIA AHUMADA,43.61,Salud,pago web farmacia ahumada
5000,20135716,PAGO WEB HOME CENTER,361.03,Vivienda,pago web home center
5001,33155666,DEBITO PAGO CUOTAS,20.03,Servicios,debito pago cuotas
5002,47690657,COMPRA TBK SERVICIO TECNICO,62.54,Servicios,compra tbk servicio tecnico
5003,10392185,CARGO TC TIENDA ONLINE,10.42,Alimentación,cargo tc tienda online
5004,41681545,TEF ENVIADA TIENDA ONLINE,34.33,Educación,tef enviada tienda online
5005,20307567,DEBITO PAGO CUOTAS,133.41,Servicios,debito pago cuotas
5006,95520167,PAGO WEB TIENDA ONLINE,27.61,Ocio,pago web tienda online
5007,99598978,TEF ENVIADA SODIMAC HOME,288.08,Vivienda,tef enviada sodimac home
5008,90561864,TEF ENVIADA EVENTO DEPORTIVO,5.69,Ocio,tef enviada evento deportivo
5009,96975241,PAGO WEB MERCADO CENTRAL,31.74,Ocio,pago web mercado central
5010,44491159,COmPrA TBK CONDOMINIO GGCC,294.56,Vivienda,compra tbk condominio ggcc
5011,71304217,PAGO AUTOMATICO JUMBO BILBAO,11.28,Alimentación,pago automatico jumbo bilbao
5012,13702335,PAGO WEB CARGA BIP WEB,48.7,Transporte,pago web carga bip web
5013,23985428,ABONO MERCADO CENTRAL,14.92,Ocio,abono mercado central
5014,24781288,PAGO WEB SODIMAC HOME,358.75,Vivienda,pago web sodimac home
5015,96245917,PAGO WEB COLEGIO MENSUALIDAD,52.55,Educación,pago web colegio mensualidad
5016,29027791,PAGO AUTOMATICO CONSULTA ESPECIALISTA,96.36,Salud,pago automatico consulta especialista
5017,90535981,PAGO AUTOMATICO CONSULTA ESPECIALISTA,36.05,Salud,pago automatico consulta especialista
5018,69880867,COMPRA TBK PAGO CUOTAS,307.03,Vivienda,compra tbk pago cuotas
5019,77246547,DEBITO AGUAS ANDINAS,80.07,Servicios,debito aguas andinas
5020,88470973,ABONO VTR BANDA ANCHA,59.61,Servicios,abono vtr banda ancha
5021,61228594,DEBITO MCDONALDS WEB,55.8,Alimentación,debito mcdonalds web
5022,59963258,TEF ENVIADA HOME CENTER,177.21,Vivienda,tef enviada home center
5023,80431143,COMPRA TBK ESTACIONAMIENTO,31.28,Transporte,compra tbk estacionamiento
5024,39181001,TEF ENVIADA CRUZ VERDE LOCAL,106.23,Salud,tef enviada cruz verde local
5025,19240560,DEBITO BAR LA ESQUINA,21.61,Ocio,debito bar la esquina
5026,66943605,PAGO AUTOMATICO TALLER AUTOMOTRIZ,38.67,Servicios,pago automatico taller automotriz
5027,24824346,CARGO TC COPEC SANTIAGO,8.94,Transporte,cargo tc copec santiago
5028,50022422,ABONO SERVICIOS GENERALES,110.94,Vivienda,abono servicios generales
5029,78633402,CARGO TC SPOTIFY PREMIUM,17.47,Ocio,cargo tc spotify premium
5030,37811113,PAGO WEB PAGO CUOTAS,134.2,Educación,pago web pago cuotas
5031,60614535,PAGO AUTOMATICO PINTuRAS SHERWIN,238.53,Vivienda,pago automatico pinturas sherwin
5032,74832029,PAGO WEB PAGO CUOTAS,139.78,Educación,pago web pago cuotas
5033,41048131,PAGO WEB TAXI APP,5.16,Transporte,pago web taxi app
5034,95992823,PAGO AUTOMATICO INTEGRAMEDICA,41.9,Salud,pago automatico integramedica
5035,56240074,DEBITO STEAM GAMES,36.72,Ocio,debito steam games
5036,89706422,ABONO UBER TRIP,11.25,Transporte,abono uber trip
5037,61445893,PAGO AUTOMATICO CINEMARK ONLINE,23.14,Ocio,pago automatico cinemark online
5038,29482232,C0MPRA TBK CARGA BIP wEB,36.85,Transporte,cmpra tbk carga bip web
5039,78929256,PAGO AUTOMATICO TIENDA ONLINE,13.63,Alimentación,pago automatico tienda online
5040,21744737,PAGO WEB EASY PORTAL,237.77,Vivienda,pago web easy portal
5041,74486044,DEBITO SERVICIOS GENERALES,167.13,Vivienda,debito servicios generales
5042,79879085,PAGO WEB HOME CENTER,279.66,Vivienda,pago web home center
5043,88065767,PAGO AUTOMATICO TIENDA ONLINE,96.0,Servicios,pago automatico tienda online
5044,28095485,CARGO TC UDEMY COURSES,24.9,Educación,cargo tc udemy courses
5045,64924440,CARGO TC LIDER EXPRESS,48.48,Alimentación,cargo tc lider express
5046,84207900,PAGO WEB REPARACIONES HOGAR,266.93,Vivienda,pago web reparaciones hogar
5047,76104380,COMPRA TBK SPOTIFY PREMIUM,16.62,Ocio,compra tbk spotify premium
5048,52061564,ABONO BANCO DEL ESTADO,66.89,Servicios,abono banco del estado
5049,22632355,PAGO AUTOMATICO SHELL RUTA 5,14.25,Transporte,pago automatico shell ruta 
5050,33891892,ABONO REPARACIONES HOGAR,310.7,Vivienda,abono reparaciones hogar
5051,50948257,COMPRA TBK TALLER AUTOMOTRIZ,95.23,Servicios,compra tbk taller automotriz
5052,21902422,PAGO WEB ESTACIONAMIENTO,36.57,Transporte,pago web estacionamiento
5053,89185430,ABONO PEAJE TAG,40.65,Transporte,abono peaje tag
5054,32372707,PAGO AUTOMATICO UDEMY COURSES,107.68,Educación,pago automatico udemy courses
5055,77053980,DEBITO ALMACEN VECINAL,9.23,Alimentación,debito almacen vecinal
5056,33050625,TEF ENVIADA REPARACIONES HOGAR,90.22,Vivienda,tef enviada reparaciones hogar
5057,42491014,PAGO AUTOMATICO DIDI RIDE,9.23,Transporte,pago automatico didi ride
5058,14916524,CARGO TC TIENDA ONLINE,115.6,Educación,cargo tc tienda online
5059,17554086,DEBITO PRONTO COPEC,18.35,Alimentación,debito pronto copec
5060,49708789,PAGO WEB CINEMARK ONLINE,25.44,Ocio,pago web cinemark online
5061,66518812,PAGO WEB SERVICIO TECNICO,136.53,Servicios,pago web servicio tecnico
5062,88651131,DEBITO GASCO LIQUADO,86.74,Servicios,debito gasco liquado
5063,47373148,TEF ENVIADA AGUAS ANDINAS,149.89,Servicios,tef enviada aguas andinas
5064,53239132,DEBITO GASOLINERA,47.75,Transporte,debito gasolinera
5065,19360323,PAGO AUTOMATICO FARMACIA AHUMADA,126.71,Salud,pago automatico farmacia ahumada
5066,18961565,CARGO TC CINEMARK ONLINE,39.61,Ocio,cargo tc cinemark online
5067,66501883,ABONO CLARO TELECOM,135.72,Servicios,abono claro telecom
5068,15009362,DEBITO MCDONALDS WEB,11.68,Alimentación,debito mcdonalds web
5069,45046953,TEF ENVIADA PAGO CUOTAS,60.12,Educación,tef enviada pago cuotas
5070,43781142,DEBITO ALMACEN VECINAL,22.51,Alimentación,debito almacen vecinal
5071,17076128,PAGO AUTOMATICO PEDIDOSYA CL,38.17,Alimentación,pago automatico pedidosya cl
5072,98782010,PAGO WEB MERCADO CENTRAL,45.53,Alimentación,pago web mercado central
5073,67532295,COMPRA TBK TIENDA ONLINE,107.41,Servicios,compra tbk tienda online
5074,72386266,ABONO CONSULTA ESPECIALISTA,28.99,Salud,abono consulta especialista
5075,92044472,PAGO WEB CRUZ VERDE LOCAL,94.75,Salud,pago web cruz verde local
5076,35257425,PAGO AUTOMATICO SHELL RUTA 5,23.07,Transporte,pago automatico shell ruta 
5077,18639852,PAGO AUTOMATICO AGUAS ANDINAS,19.32,Servicios,pago automatico aguas andinas
5078,67551532,PAGO WEB DIDI RIDE,29.91,Transporte,pago web didi ride
5079,40381915,COMPRA TBK CONDOMINIO GGCC,297.31,Vivienda,compra tbk condominio ggcc
5080,33038587,CARGO TC MCDONALDS WEB,40.55,Alimentación,cargo tc mcdonalds web
5081,80492567,COMPRA TBK BAR LA ESQUINA,53.38,Ocio,compra tbk bar la esquina
5082,65270148,ABONO GASCO LIQUADO,104.32,Servicios,abono gasco liquado
5083,51966025,DEBITO UBER TRIP,21.97,Transporte,debito uber trip
5084,51608017,PAGO WEB LIDER EXPRESS,20.96,Alimentación,pago web lider express
5085,46339605,ABONO CARGA BIP WEB,13.54,Transporte,abono carga bip web
5086,42836464,TEF ENVIADA NETFLIX.COM,49.47,Ocio,tef enviada netflixcom
5087,51292129,COMPRA TBK SERVICIO TECNICO,71.49,Servicios,compra tbk servicio tecnico
5088,79089091,COMPRA TBK FARMACIA AHUMADA,69.61,Salud,compra tbk farmacia ahumada
5089,11082382,PAGO AUTOMATICO PEDIDOSYA CL,38.7,Alimentación,pago automatico pedidosya cl
5090,57184646,COMPRA TBK LIBRERIA UNIVERSITARIA,36.94,Educación,compra tbk libreria universitaria
5091,52938800,TEF ENVIADA COLEGIO MENSUALIDAD,53.55,Educación,tef enviada colegio mensualidad
5092,22527708,CARGO TC CINEMARK ONLINE,42.64,Ocio,cargo tc cinemark online
5093,34036169,PAGO WEB UDEMY COURSES,63.98,Educación,pago web udemy courses
5094,13645536,ABONO DELIVERY COMIDA,40.37,Alimentación,abono delivery comida
5095,34325432,CARGO TC CENTRO MEDICO,114.91,Salud,cargo tc centro medico
5096,33420929,COMPRA TBK MATRICULA UNIV,43.86,Educación,compra tbk matricula univ
5097,66831347,PAGO AUTOMATICO SERVICIOS GENERALES,259.98,Vivienda,pago automatico servicios generales
5098,41099966,PAGO WEB VTR BANDA ANCHA,85.22,Servicios,pago web vtr banda ancha
5099,18781194,CARGO TC SUPERMERCADO DIA,39.38,Alimentación,cargo tc supermercado dia
5100,93364164,PAGO WEB SISTEMA DUOC,121.03,Educación,pago web sistema duoc
5101,94681467,TEF ENVIADA CLARO TELECOM,130.21,Servicios,tef enviada claro telecom
5102,33847090,PAGO AUTOMATICO CRUZ VERDE LOCAL,81.73,Salud,pago automatico cruz verde local
5103,50252966,PAGO AUTOMATICO CARGA BIP WEB,42.1,Transporte,pago automatico carga bip web
5104,73436643,TEF ENVIADA SISTEMA DUOC,61.93,Educación,tef enviada sistema duoc
5105,92180715,PAGO AUTOMATICO MERCADO CENTRAL,18.99,Ocio,pago automatico mercado central
5106,58582968,PAGO AUTOMATICO TIENDA ONLINE,49.66,Alimentación,pago automatico tienda online
5107,33702186,TEF ENVIADA CARGA BIP WEB,26.1,Transporte,tef enviada carga bip web
5108,12794890,PAGO WEB MATRICULA UNIV,72.97,Educación,pago web matricula univ
5109,87526539,ABONO AUTOPISTA CENTRAL,52.41,Transporte,abono autopista central
5110,80204163,DEBITO PEAJE TAG,49.38,Transporte,debito peaje tag
5111,11108200,PAGO AUTOMATICO EXAMENES MED,44.82,Salud,pago automatico examenes med
5112,53314199,CARGO TC SERVICIOS GENERALES,260.33,Vivienda,cargo tc servicios generales
5113,44710619,PAGO AUTOMATICO SERVICIOS GENERALES,74.11,Servicios,pago automatico servicios generales
5114,15051362,PAGO WEB PAGO CUOTAS,116.68,Servicios,pago web pago cuotas
5115,83884008,CARGO TC TIENDA ONLINE,81.21,Servicios,cargo tc tienda online
5116,91942689,CARGO TC ARRIENDO DEPT,275.77,Vivienda,cargo tc arriendo dept
5117,67673288,PAGO WEB TIENDA ONLINE,29.75,Ocio,pago web tienda online
5118,68147182,PaGO AuTOMATICO LIBRERIA UNIVeRSITARIA,91.79,Educación,pago automatico libreria universitaria
5119,21010615,PAGO WEB PRONTO COPEC,9.44,Alimentación,pago web pronto copec
5120,70133687,ABONO GASCO LIQUADO,24.37,Servicios,abono gasco liquado
5121,68000193,ABONO PAGO CUOTAS,304.76,Vivienda,abono pago cuotas
5122,77804539,CARGO TC DELIVERY COMIDA,28.23,Alimentación,cargo tc delivery comida
5123,98877150,COMPRA TBK DELIVERY COMIDA,21.09,Alimentación,compra tbk delivery comida
5124,37848456,TEF ENVIADA MATRICULA UNIV,145.75,Educación,tef enviada matricula univ
5125,12502696,PAGO WEB CENTRO MEDICO,133.61,Salud,pago web centro medico
5126,96666133,ABONO CONSULTA ESPECIALISTA,56.92,Salud,abono consulta especialista
5127,40779634,ABONO SERVICIOS GENERALES,219.57,Vivienda,abono servicios generales
5128,45472873,TEF ENVIADA CRUZ VERDE LOCAL,136.17,Salud,tef enviada cruz verde local
5129,82082891,PAGO AUTOMATICO PAGO CUOTAS,92.3,Servicios,pago automatico pago cuotas
5130,14468446,COMPRA TBK OPTICA VISION,128.23,Salud,compra tbk optica vision
5131,42308550,ABONO CRUZ VERDE LOCAL,85.45,Salud,abono cruz verde local
5132,60518488,PAGO AUTOMATICO SERVICIOS GENERALES,132.44,Servicios,pago automatico servicios generales
5133,43469627,DEBITO FARMACIA AHUMADA,82.42,Salud,debito farmacia ahumada
5134,85066320,ABONO INTEGRAMEDICA,131.54,Salud,abono integramedica
5135,57082768,TEF ENVIADA TIENDA ONLINE,17.14,Ocio,tef enviada tienda online
5136,28965255,COMPRA TBK SPOTIFY PREMIUM,29.16,Ocio,compra tbk spotify premium
5137,91925144,PAGO WEB PAGO CUOTAS,100.79,Educación,pago web pago cuotas
5138,59509360,DEBITO PRONTO COPEC,13.11,Alimentación,debito pronto copec
5139,60472286,PAGO AUTOMATICO SERVICIOS GENERALES,116.26,Servicios,pago automatico servicios generales
5140,29687189,PAGO AUTOMATICO ALMACEN VECINAL,7.84,Alimentación,pago automatico almacen vecinal
5141,47749932,TEF ENVIADA TAXI APP,16.62,Transporte,tef enviada taxi app
5142,90228565,PAGO AUTOMATICO LIBRERIA UNIVERSITARIA,62.85,Educación,pago automatico libreria universitaria
5143,19655529,TEF ENVIADA STEAM GAMES,42.08,Ocio,tef enviada steam games
5144,66596788,TEF ENVIADA DIDI RIDE,9.88,Transporte,tef enviada didi ride
5145,26647276,PAGO AUTOMATICO NETFLIX.COM,53.72,Ocio,pago automatico netflixcom
5146,71948301,ABONO EXAMENES MED,134.06,Salud,abono examenes med
5147,62668823,TEF ENVIADA TAXI APP,29.45,Transporte,tef enviada taxi app
5148,84392590,PAGO WEB CRUZ VERDE LOCAL,138.08,Salud,pago web cruz verde local
5149,76544513,ABONO CURSO IDIOMAS,145.27,Educación,abono curso idiomas
5150,48500935,PAGO WEB SERVICIO TECNICO,101.01,Servicios,pago web servicio tecnico
5151,35536025,TEF ENVIADA CONSULTA ESPECIALISTA,72.46,Salud,tef enviada consulta especialista
5152,42215762,ABONO PINTURAS SHERWIN,216.67,Vivienda,abono pinturas sherwin
5153,13358421,PAGO WEB SERVICIOS GENERALES,142.8,Vivienda,pago web servicios generales
5154,72712681,ABONO COPEC SANTIAGO,24.51,Transporte,abono copec santiago
5155,21846980,CARGO TC OPTICA VISION,20.64,Salud,cargo tc optica vision
5156,37912042,ABONO SERVICIOS GENERALES,18.32,Servicios,abono servicios generales
5157,57924901,A8ONO UDeMY C0URSES,111.64,Educación,aono udemy curses
5158,45351816,DEBITO DIDI RIDE,23.89,Transporte,debito didi ride
5159,59050807,DEBITO PLATAFORMA APRENDIZAJE,44.44,Educación,debito plataforma aprendizaje
5160,65246410,ABONO DIDI RIDE,28.64,Transporte,abono didi ride
5161,11809088,DEBITO DELIVERY COMIDA,52.39,Alimentación,debito delivery comida
5162,18043668,PAGO AUTOMATICO PRONTO cOPEC,45.46,Alimentación,pago automatico pronto copec
5163,99345366,PAGO WEB CLARO TELECOM,60.63,Servicios,pago web claro telecom
5164,90242618,COMPRA TBK EASY PORTAL,225.65,Vivienda,compra tbk easy portal
5165,20784367,ABONO PAGO CUOTAS,22.15,Educación,abono pago cuotas
5166,70105652,CARGO TC DELIVERY COMIDA,48.32,Alimentación,cargo tc delivery comida
5167,51126010,PAGO AUTOMATICO CENTRO MEDICO,75.85,Salud,pago automatico centro medico
5168,96960978,PAGO WEB EASY PORTAL,192.93,Vivienda,pago web easy portal
5169,88322805,CARGO TC SODIMAC HOME,194.06,Vivienda,cargo tc sodimac home
5170,61459064,ABONO ENTRETENIMIENTO PLUS,35.12,Ocio,abono entretenimiento plus
5171,27873403,COMPRA TBK GASOLINERA,25.29,Transporte,compra tbk gasolinera
5172,93057174,COMPRA TBK CONSULTA ESPECIALISTA,19.49,Salud,compra tbk consulta especialista
5173,41079103,DEBITO CINEMARK ONLINE,5.2,Ocio,debito cinemark online
5174,66749009,DEBITO GASOLINERA,54.95,Transporte,debito gasolinera
5175,74582711,CARGO TC ENEL DISTRIBUCION,105.26,Servicios,cargo tc enel distribucion
5176,30879722,PAGO AUTOMATICO TIENDA ONLINE,19.39,Educación,pago automatico tienda online
5177,21843295,COMPRA TBK PEDIDOSYA CL,34.26,Alimentación,compra tbk pedidosya cl
5178,70541218,CARGO TC SODIMAC HOME,353.67,Vivienda,cargo tc sodimac home
5179,44001436,PAGO WEB PEAJE TAG,29.96,Transporte,pago web peaje tag
5180,71096872,CARGO TC MERCADO CENTRAL,21.46,Ocio,cargo tc mercado central
5181,91296702,COMPRA TBK CLINICA INDISA,46.74,Salud,compra tbk clinica indisa
5182,32345030,DEBITO JUMBO BILBAO,55.4,Alimentación,debito jumbo bilbao
5183,57962541,PAGO AUTOMATICO PEAJE TAG,59.57,Transporte,pago automatico peaje tag
5184,76692866,PAGO AUTOMATICO PAGO CUOTAS,77.07,Educación,pago automatico pago cuotas
5185,59186621,COMPRA TBK ALMACEN VECINAL,9.2,Alimentación,compra tbk almacen vecinal
5186,79003579,COMPRA TBK STEAM GAMES,25.56,Ocio,compra tbk steam games
5187,20540762,ABONO CENTRO MEDICO,58.9,Salud,abono centro medico
5188,95590035,ABONO TIENDA ONLINE,33.49,Educación,abono tienda online
5189,56134283,PAGO WEB MERCADO CENTRAL,53.23,Alimentación,pago web mercado central
5190,80130705,COMPRA TBK TIENDA ONLINE,52.5,Servicios,compra tbk tienda online
5191,84356696,TEF ENVIADA SPOTIFY PREMIUM,58.86,Ocio,tef enviada spotify premium
5192,24844760,ABONO CONSULTA ESPECIALISTA,62.75,Salud,abono consulta especialista
5193,23032659,TEF ENVIADA CLINICA INDISA,92.26,Salud,tef enviada clinica indisa
5194,15509949,PAGO WEB FARMACIA AHUMADA,112.53,Salud,pago web farmacia ahumada
5195,61697915,COMPRA TBK PEAJE TAG,15.4,Transporte,compra tbk peaje tag
5196,31070330,ABONO GASOLINERA,10.65,Transporte,abono gasolinera
5197,42502527,PAGO WEB PLATAFORMA APRENDIZAJE,146.93,Educación,pago web plataforma aprendizaje
5198,23637172,ABONO ENEL DISTRIBUCION,34.27,Servicios,abono enel distribucion
5199,35929785,TEF ENVIADA PLATAFORMA APRENDIZAJE,51.33,Educación,tef enviada plataforma aprendizaje
5200,36392820,DEBITO PRONTO COPEC,18.72,Alimentación,debito pronto copec
5201,17244245,CARGO TC CONSULTA ESPECIALISTA,143.32,Salud,cargo tc consulta especialista
5202,51246696,COMPRA TBK INTEGRAMEDICA,51.56,Salud,compra tbk integramedica
5203,23396039,PAGO WEB PAGO CUOTAS,362.8,Vivienda,pago web pago cuotas
5204,50678597,CARGO TC PAGO CUOTAS,102.91,Educación,cargo tc pago cuotas
5205,68003387,PAGO AUTOMATICO CONSULTA ESPECIALISTA,43.23,Salud,pago automatico consulta especialista
5206,50745258,CARGO TC CLARO TELECOM,26.76,Servicios,cargo tc claro telecom
5207,28972893,PAGO WEB MATRICULA UNIV,66.93,Educación,pago web matricula univ
5208,65965577,CARGO TC LIBRERIA UNIVERSITARIA,52.95,Educación,cargo tc libreria universitaria
5209,13074636,DEBITO SUPERMERCADO DIA,28.06,Alimentación,debito supermercado dia
5210,92659260,DEBITO VERDULERIA DON PEPE,10.13,Alimentación,debito verduleria don pepe
5211,99141214,DEBITO TIENDA ONLINE,18.75,Alimentación,debito tienda online
5212,66022914,PAGO AUTOMATICO AGUAS ANDINAS,125.39,Servicios,pago automatico aguas andinas
5213,77004355,DEBITO UBER TRIP,24.57,Transporte,debito uber trip
5214,61140825,TEF ENVIADA TIENDA ONLINE,50.96,Ocio,tef enviada tienda online
5215,46371670,TEF ENVIADA PAGO CUOtAS,79.52,Educación,tef enviada pago cuotas
5216,27806561,DEBITO AGUA5 ANDIN4S,87.18,Servicios,debito agua andins
5217,29564550,DEBITO SODIMAC HOME,60.68,Vivienda,debito sodimac home
5218,45880608,PAGO AUTOMATICO ENTRETENIMIENTO PLUS,35.74,Ocio,pago automatico entretenimiento plus
5219,35685863,DEBITO CURSO IDIOMAS,87.91,Educación,debito curso idiomas
5220,49626654,PAGO WEB MCDONALDS WEB,23.41,Alimentación,pago web mcdonalds web
5221,78681848,CARGO TC NETFLIX.COM,53.65,Ocio,cargo tc netflixcom
5222,29786357,COMPRA TBK BANCO DEL ESTADO,137.89,Servicios,compra tbk banco del estado
5223,15894550,COMPRA TBK PAGO CUOTAS,50.33,Educación,compra tbk pago cuotas
5224,34418079,ABONO MCDONALDS WEB,19.42,Alimentación,abono mcdonalds web
5225,74036095,ABONO REPARACIONES HOGAR,142.22,Vivienda,abono reparaciones hogar
5226,55777021,DEBITO TALLER AUTOMOTRIZ,15.83,Servicios,debito taller automotriz
5227,95169781,CARGO TC UDEMY COURSES,80.37,Educación,cargo tc udemy courses
5228,62632484,PAGO WEB COMPRA EN AMAZON,57.96,Ocio,pago web compra en amazon
5229,62201134,COMPRA TBK INTEGRAMEDICA,56.09,Salud,compra tbk integramedica
5230,39602737,PAGO AUTOMATICO SERVICIO TECNICO,82.08,Servicios,pago automatico servicio tecnico
5231,69431275,PAGO WEB HOME CENTER,304.8,Vivienda,pago web home center
5232,92321426,PAGO AUTOMATICO REPARACIONES HOGAR,268.2,Vivienda,pago automatico reparaciones hogar
5233,17041976,TEF ENVIADA SHELL RUTA 5,27.92,Transporte,tef enviada shell ruta 
5234,21835886,ABONO UBER TRIP,59.58,Transporte,abono uber trip
5235,47506097,PAGO WEB GASCO LIQUADO,77.48,Servicios,pago web gasco liquado
5236,20689300,DEBITO LIBRERIA UNIVERSITARIA,115.51,Educación,debito libreria universitaria
5237,37825281,TEF ENVIADA UDEMY COURSES,56.1,Educación,tef enviada udemy courses
5238,88767475,ABONO CLARO TELECOM,121.67,Servicios,abono claro telecom
5239,32614135,DEBITO SERVICIO TECNICO,143.1,Servicios,debito servicio tecnico
5240,26379293,CARGO TC LIBRERIA UNIVERSITARIA,46.35,Educación,cargo tc libreria universitaria
5241,85268530,DEBITO tI3NDA ONLINE,43.51,Servicios,debito tinda online
5242,38863906,DEBITO FARMACIA AHUMADA,99.54,Salud,debito farmacia ahumada
5243,26924127,CARGO TC TIENDA ONLINE,102.05,Servicios,cargo tc tienda online
5244,44339270,COMPRA TBK PAGO CUOTAS,352.59,Vivienda,compra tbk pago cuotas
5245,80963668,PAGO AUTOMATICO PAGO CUOTAS,114.75,Servicios,pago automatico pago cuotas
5246,30031958,PAGO AUTOMATICO REPARACIONES HOGAR,257.55,Vivienda,pago automatico reparaciones hogar
5247,98909550,ABONO AUTOPISTA CENTRAL,34.41,Transporte,abono autopista central
5248,82010674,PAGO WEB UBER TRIP,54.56,Transporte,pago web uber trip
5249,42946337,PAGO WEB AGUAS ANDINAS,62.29,Servicios,pago web aguas andinas
5250,67323574,PAGO WEB VERDULERIA DON PEPE,34.43,Alimentación,pago web verduleria don pepe
5251,95783731,PAGO AUTOMATICO CENTRO MEDICO,79.33,Salud,pago automatico centro medico
5252,84043097,PAGO AUTOMATICO SUPERMERCADO DIA,17.03,Alimentación,pago automatico supermercado dia
5253,87153915,PAGO WEB EXAMENES MED,76.49,Salud,pago web examenes med
5254,36932949,TEF ENVIADA SHELL RUTA 5,9.46,Transporte,tef enviada shell ruta 
5255,54258702,CARGO TC REPARACIONES HOGAR,259.9,Vivienda,cargo tc reparaciones hogar
5256,46847864,DEBITO PEAJE TAG,34.56,Transporte,debito peaje tag
5257,18639596,COMPRA TBK PINTURAS SHERWIN,297.01,Vivienda,compra tbk pinturas sherwin
5258,31003771,DEBITO CENTRO MEDICO,70.0,Salud,debito centro medico
5259,25813035,ABONO FARMACIA AHUMADA,120.59,Salud,abono farmacia ahumada
5260,40067421,PAGO AUTOMATICO CURSO IDIOMAS,47.55,Educación,pago automatico curso idiomas
5261,58075507,ABONO REPARACIONES HOGAR,322.53,Vivienda,abono reparaciones hogar
5262,69136292,COMPRA TBK PINTURAS SHERWIN,235.29,Vivienda,compra tbk pinturas sherwin
5263,37721987,DEBITO ARRIENDO DEpT,172.84,Vivienda,debito arriendo dept
5264,63150566,COMPRA TBK MATRICULA UNIV,119.8,Educación,compra tbk matricula univ
5265,53926914,COMPRA TBK ENEL DISTRIBUCION,90.59,Servicios,compra tbk enel distribucion
5266,47685903,TEF ENVIADA ENTRETENIMIENTO PLUS,12.95,Ocio,tef enviada entretenimiento plus
5267,38852315,ABONO LIBRERIA UNIVERSITARIA,52.74,Educación,abono libreria universitaria
5268,65057429,TEF ENVIADA COMPRA EN AMAZON,35.43,Ocio,tef enviada compra en amazon
5269,97900106,ABONO TIENDA ONLINE,107.18,Educación,abono tienda online
5270,14507845,ABONO DELIVERY COMIDA,20.1,Alimentación,abono delivery comida
5271,84296059,TEF ENVIADA GASCO LIQUADO,10.7,Servicios,tef enviada gasco liquado
5272,42482142,ABONO SERVICIO TECNICO,62.46,Servicios,abono servicio tecnico
5273,75225841,PAGO AUTOMATICO PAGO CUOTAS,24.61,Educación,pago automatico pago cuotas
5274,12116951,CARGO TC CONSULTA ESPECIALISTA,58.31,Salud,cargo tc consulta especialista
5275,45879550,PAGO AUTOMATICO MATRICULA UnIV,140.4,Educación,pago automatico matricula univ
5276,76541473,DEBITO TALLER AUTOMOTRIZ,29.04,Servicios,debito taller automotriz
5277,50119360,DEBITO RESTAURANT FANCY,39.32,Ocio,debito restaurant fancy
5278,81231443,PAGO WEB LIDER EXPRESS,50.16,Alimentación,pago web lider express
5279,30610994,PAGO AUTOMATICO CENTRO MEDICO,122.42,Salud,pago automatico centro medico
5280,57971671,TEF ENVIADA CRUZ VERDE LOCAL,145.78,Salud,tef enviada cruz verde local
5281,84770388,ABONO ENTRETENIMIENTO PLUS,18.52,Ocio,abono entretenimiento plus
5282,52953108,PAGO AUTOMATICO DELIVERY COMIDA,35.2,Alimentación,pago automatico delivery comida
5283,44872666,PAGO AUTOMATICO MCDONALDS WEB,16.96,Alimentación,pago automatico mcdonalds web
5284,78719275,PAGO AUTOMATICO PLATAFORMA APRENDIZAJE,47.38,Educación,pago automatico plataforma aprendizaje
5285,91807088,COMPRA TBK TIENDA ONLINE,47.72,Ocio,compra tbk tienda online
5286,99429774,ABONO MERCADO CENTRAL,47.97,Alimentación,abono mercado central
5287,71214669,PAGO WEB COLEGIO MENSUALIDAD,77.66,Educación,pago web colegio mensualidad
5288,47223512,TEF ENVIADA FARMACIA AHUMADA,51.85,Salud,tef enviada farmacia ahumada
5289,55506952,PAGO WEB CLARO TELECOM,38.84,Servicios,pago web claro telecom
5290,33869685,CARGO TC VERDULERIA DON PEPE,33.6,Alimentación,cargo tc verduleria don pepe
5291,55143341,PAGO WEB STEAM GAMES,41.46,Ocio,pago web steam games
5292,57043979,PAGO AUTOMATICO PINTURAS SHERWIN,182.73,Vivienda,pago automatico pinturas sherwin
5293,97059278,PAGO AUTOMATICO cRUz VERDE LOCAL,121.13,Salud,pago automatico cruz verde local
5294,67969895,TEF ENVIADA CARGA BIP WEB,34.54,Transporte,tef enviada carga bip web
5295,65100031,COMPRA TBK EVENTO DEPORTIVO,49.04,Ocio,compra tbk evento deportivo
5296,50058376,D3BITO ubER TRIP,52.58,Transporte,dbito uber trip
5297,72628838,CARGO TC INTEGRAMEDICA,27.5,Salud,cargo tc integramedica
5298,54697978,COMPRA TBK DELIVERY COMIDA,40.39,Alimentación,compra tbk delivery comida
5299,48619326,ABONO PAGO CUOTAS,265.1,Vivienda,abono pago cuotas
5300,98484809,DEBITO INTEGRAMEDICA,46.74,Salud,debito integramedica
5301,59027375,TEF ENVIADA CURSO IDIOMAS,75.56,Educación,tef enviada curso idiomas
5302,39964212,PAGO AUTOMATICO PLATAFORMA APRENDIZAJE,57.97,Educación,pago automatico plataforma aprendizaje
5303,62815737,PAGO AUTOMATICO ENTRETENIMIENTO PLUS,34.37,Ocio,pago automatico entretenimiento plus
5304,99280469,PAGO AUTOMATICO RESTAURANT FANCY,22.27,Ocio,pago automatico restaurant fancy
5305,60047011,PAGO WEB UBER TRIP,24.22,Transporte,pago web uber trip
5306,56172299,DEBITO DELIVERY COMIDA,31.73,Alimentación,debito delivery comida
5307,77321614,ABONO LIBRERIA UNIVERSITARIA,23.68,Educación,abono libreria universitaria
5308,81256600,COMPRA TBK SERVICIOS GENERALES,320.69,Vivienda,compra tbk servicios generales
5309,32500833,ABONO FARMACIA AHUMADA,43.37,Salud,abono farmacia ahumada
5310,50527270,ABONO ENTRETENIMIENTO PLUS,29.42,Ocio,abono entretenimiento plus
5311,63747109,PAGO AUTOMATICO CRUZ VERDE LOCAL,122.96,Salud,pago automatico cruz verde local
5312,76129080,CARGO TC EASY PORTAL,284.3,Vivienda,cargo tc easy portal
5313,56882181,CARGO TC ARRIENDO DEPT,299.78,Vivienda,cargo tc arriendo dept
5314,39091974,COMPRA TBK PLATAFORMA APRENDIZAJE,79.9,Educación,compra tbk plataforma aprendizaje
5315,14976741,DEBITO CONSULTA ESPECIALISTA,27.17,Salud,debito consulta especialista
5316,23525516,PAGO WEB ALMACEN VECINAL,6.06,Alimentación,pago web almacen vecinal
5317,98456661,PAGO WEB REPARACIONES HOGAR,346.23,Vivienda,pago web reparaciones hogar
5318,61434597,PAGO AUTOMATICO AGUAS ANDINAS,74.4,Servicios,pago automatico aguas andinas
5319,75616524,CARGO TC BANCO DEL ESTADO,86.02,Servicios,cargo tc banco del estado
5320,51956607,TEF ENVIADA COMPRA EN AMAZON,22.26,Ocio,tef enviada compra en amazon
5321,59011649,DEBITO VERDULERIA DON PEPE,36.81,Alimentación,debito verduleria don pepe
5322,88567993,DEBITO GASCO LIQUADO,69.39,Servicios,debito gasco liquado
5323,67503744,CARGO TC ARRIENDO DEPT,220.38,Vivienda,cargo tc arriendo dept
5324,80757997,DEBITO AUTOPISTA CENTRAL,37.69,Transporte,debito autopista central
5325,27829404,COMPRA TBK MERCADO CENTRAL,34.37,Alimentación,compra tbk mercado central
5326,38673093,ABONO CARGA BIP WEB,17.68,Transporte,abono carga bip web
5327,10979970,ABONO FARMACIA AHUMADA,20.42,Salud,abono farmacia ahumada
5328,51592392,PAGO WEB COPEC SANTIAGO,14.07,Transporte,pago web copec santiago
5329,64383490,PAGO WEB BAR LA ESQUINA,51.81,Ocio,pago web bar la esquina
5330,86205634,PAGO AUTOMATICO AUTOPISTA CENTRAL,27.77,Transporte,pago automatico autopista central
5331,12999320,DEBITO AGUAS ANDINAS,37.44,Servicios,debito aguas andinas
5332,71240454,COMPRA TBK BANCO DEL ESTADO,104.3,Servicios,compra tbk banco del estado
5333,58956912,ABONO AUTOPISTA CENTRAL,35.84,Transporte,abono autopista central
5334,55997104,ABONO TAXI APp,14.98,Transporte,abono taxi app
5335,73199846,TEF ENVIADA TIENDA ONLINE,49.54,Ocio,tef enviada tienda online
5336,80207946,TEF ENVIADA FARMACIA AHUMADA,64.65,Salud,tef enviada farmacia ahumada
5337,27236582,COMPRA TBK COLEGIO MENSUALIDAD,143.97,Educación,compra tbk colegio mensualidad
5338,98271620,COMPRA TBK VTR BANDA ANCHA,33.29,Servicios,compra tbk vtr banda ancha
5339,24523087,ABONO VTR BANDA ANCHA,91.98,Servicios,abono vtr banda ancha
5340,29696011,PAGO WEB BANCO DEL ESTADO,128.01,Servicios,pago web banco del estado
5341,52744749,ABONO TIENDA ONLINE,73.21,Servicios,abono tienda online
5342,38825960,PAGO AUTOMATICO EXAMENES MED,35.32,Salud,pago automatico examenes med
5343,20255700,CARGO TC RESTAURANT FANCY,11.02,Ocio,cargo tc restaurant fancy
5344,55984183,DEBITO TIENDA ONLINE,9.69,Alimentación,debito tienda online
5345,12454882,TEF ENVIADA PAGO CUOTAS,290.5,Vivienda,tef enviada pago cuotas
5346,96982204,TEF ENVIADA COPEC SANTIAGO,40.39,Transporte,tef enviada copec santiago
5347,67557861,TEF ENVIADA SUPERMERCADO DIA,33.21,Alimentación,tef enviada supermercado dia
5348,47508261,PAGO WEB AGUAS ANDINAS,130.67,Servicios,pago web aguas andinas
5349,32254977,PAGO AUTOMATICO PRONTO COPEC,6.53,Alimentación,pago automatico pronto copec
5350,36618901,DEBITO PRONTO COPEC,18.36,Alimentación,debito pronto copec
5351,69447164,COMPRA TBK CRUZ VERDE LOCAL,33.66,Salud,compra tbk cruz verde local
5352,78203840,COMPRA TBK TAXI APP,31.49,Transporte,compra tbk taxi app
5353,74814358,CARGO TC TALLER AUTOMOTRIZ,16.47,Servicios,cargo tc taller automotriz
5354,74849775,PAGO AUTOMATICO UDEMY COURSES,70.97,Educación,pago automatico udemy courses
5355,29378518,ABONO SISTEMA DUOC,113.66,Educación,abono sistema duoc
5356,74797678,PAGO AUTOMATICO CRUZ VERDE LOCAL,106.47,Salud,pago automatico cruz verde local
5357,22590849,PAGO AUTOMATICO DELIVERY COMIDA,32.44,Alimentación,pago automatico delivery comida
5358,79275881,PAGO WEB PRONTO COPEC,26.71,Alimentación,pago web pronto copec
5359,62335652,CARGO TC DELIVERY COMIDA,49.77,Alimentación,cargo tc delivery comida
5360,31721163,TEF ENVIADA COPEC SANTIAGO,26.29,Transporte,tef enviada copec santiago
5361,92511459,ABONO CONSULTA ESPECIALISTA,70.12,Salud,abono consulta especialista
5362,63858626,PAGO WEB FARMACIA AHUMADA,15.18,Salud,pago web farmacia ahumada
5363,12742492,ABONO ENTRETENIMIENTO PLUS,26.28,Ocio,abono entretenimiento plus
5364,75302659,PAGO WEB CRUZ VERDE LOCAL,100.32,Salud,pago web cruz verde local
5365,98852629,TEF ENVIADA CARGA BIP WEB,59.89,Transporte,tef enviada carga bip web
5366,26560162,PAGO AUTOMATICO COMPRA EN AMAZON,35.38,Ocio,pago automatico compra en amazon
5367,35209875,PAGO WEB RESTAURANT FANCY,26.84,Ocio,pago web restaurant fancy
5368,11446148,PAGO WEB MATRICULA UNIV,74.73,Educación,pago web matricula univ
5369,18990534,CARGO TC SHELL RUTA 5,37.91,Transporte,cargo tc shell ruta 
5370,55758595,DEBITO TIENDA ONLINE,57.39,Ocio,debito tienda online
5371,66833639,TEF ENVIADA SODIMAC HOME,249.99,Vivienda,tef enviada sodimac home
5372,71135583,PAGO WEB ENEL DISTRIBUCION,61.36,Servicios,pago web enel distribucion
5373,90998272,TEF ENVIADA CRUZ VERDE LOCAL,42.47,Salud,tef enviada cruz verde local
5374,77576689,PAGO WEB SERVICIO TECNICO,125.86,Servicios,pago web servicio tecnico
5375,64794874,DEBITO GASOLINERA,24.91,Transporte,debito gasolinera
5376,51808607,ABONO AUTOPISTA CENTRAL,23.59,Transporte,abono autopista central
5377,56326746,PAGO WEB CENTRO MEDICO,27.1,Salud,pago web centro medico
5378,42822070,CARGo TC SHELL RUTA 5,15.42,Transporte,cargo tc shell ruta 
5379,95199533,CARGO TC PLATAFORMA APRENDIZAJE,91.61,Educación,cargo tc plataforma aprendizaje
5380,90919608,TEF ENVIADA SODIMAC HOME,208.83,Vivienda,tef enviada sodimac home
5381,13600484,COMPRA TBK PAGO CUOTAS,117.29,Vivienda,compra tbk pago cuotas
5382,17648253,PAGO WEB CENTRO MEDICO,135.06,Salud,pago web centro medico
5383,61269406,TEF ENVIADA FARMACIA AHUMADA,10.67,Salud,tef enviada farmacia ahumada
5384,41119594,CARGO TC VERDULERIA DON PEPE,46.84,Alimentación,cargo tc verduleria don pepe
5385,42087136,PAGO WEB MERCADO CENTRAL,29.65,Ocio,pago web mercado central
5386,70873849,COMPRA TBK LIBRERIA UNIVERSITARIA,116.95,Educación,compra tbk libreria universitaria
5387,68462986,PAGO AUTOMATICO PAGO CUOTAS,350.2,Vivienda,pago automatico pago cuotas
5388,53566725,CARGO TC VERDULERIA DON PEPE,56.8,Alimentación,cargo tc verduleria don pepe
5389,95231261,ABONO COMPRA EN AMAZON,41.76,Ocio,abono compra en amazon
5390,41720243,DEBITO SHELL RUTA 5,7.45,Transporte,debito shell ruta 
5391,66398137,CARGO TC UBER TRIP,46.16,Transporte,cargo tc uber trip
5392,77091759,CARGO TC EVENTO DEPORTIVO,54.29,Ocio,cargo tc evento deportivo
5393,50559882,COMPRA TBK CONSULTA ESPECIALISTA,86.0,Salud,compra tbk consulta especialista
5394,68893279,PAGO WEB UDEMY COURSES,111.55,Educación,pago web udemy courses
5395,56229746,PAGO WEB SHELL RUTA 5,26.29,Transporte,pago web shell ruta 
5396,74914236,ABONO SERVICIO TECNICO,17.21,Servicios,abono servicio tecnico
5397,50117129,ABONO PLATAFORMA APRENDIZAJE,122.38,Educación,abono plataforma aprendizaje
5398,74977057,COMPRA TBK EASY PORTAL,383.68,Vivienda,compra tbk easy portal
5399,70340934,PAGO AUTOMATICO CURSO IDIOMAS,60.69,Educación,pago automatico curso idiomas
5400,30113607,PAGO AUTOMATICO RESTAURANT FANCY,33.15,Ocio,pago automatico restaurant fancy
5401,87391983,TEF ENVIADA SERVICIOS GENERALES,39.41,Servicios,tef enviada servicios generales
5402,13319085,CARGO TC PLATAFORMA APRENDIZAJE,116.15,Educación,cargo tc plataforma aprendizaje
5403,61033013,PAGO WEB UDEMY COURSES,83.98,Educación,pago web udemy courses
5404,60862626,COMPRA TBK CENTRO MEDICO,111.3,Salud,compra tbk centro medico
5405,97235411,TEF ENVIADA COMPRA EN AMAZON,44.48,Ocio,tef enviada compra en amazon
5406,64998006,TEF ENVIADA EASY PORTAL,323.63,Vivienda,tef enviada easy portal
5407,69439569,PAGO WEB SODIMAC HOME,359.1,Vivienda,pago web sodimac home
5408,15486848,PAGO WEB PAGO CUOTAS,314.9,Vivienda,pago web pago cuotas
5409,64528354,PAGO WEB GASOLINERA,12.94,Transporte,pago web gasolinera
5410,69597939,PAGO AUTOMATICO ESTACIONAMIENTO,8.84,Transporte,pago automatico estacionamiento
5411,41992524,COMPRA TBK AGUAS ANDINAS,148.37,Servicios,compra tbk aguas andinas
5412,33137964,PAGO WEB MCDONALDS WEB,15.31,Alimentación,pago web mcdonalds web
5413,97665389,PAGO AUTOMATICO ENEL DISTRIBUCION,138.28,Servicios,pago automatico enel distribucion
5414,42461414,TEF ENVIADA INTEGRAMEDICA,17.26,Salud,tef enviada integramedica
5415,40841253,PAGO WEB DIDI RIDE,18.87,Transporte,pago web didi ride
5416,13695007,ABONO SODIMAC HOME,342.08,Vivienda,abono sodimac home
5417,10309521,DEBITO PINTURAS SHERWIN,189.59,Vivienda,debito pinturas sherwin
5418,82166957,TEF ENVIADA CLINICA INDISA,133.19,Salud,tef enviada clinica indisa
5419,28326110,PAGO WEB CLINICA INDISA,80.82,Salud,pago web clinica indisa
5420,14430026,DEBITO ESTACIONAMIENTO,48.2,Transporte,debito estacionamiento
5421,84582978,CARGO TC CLARO TELECOM,57.09,Servicios,cargo tc claro telecom
5422,42938229,ABONO CURSO IDIOMAS,24.93,Educación,abono curso idiomas
5423,51744156,ABONO TIEND4 ONLINE,136.63,Educación,abono tiend online
5424,69601581,CARGO TC UDEMY COURSES,67.43,Educación,cargo tc udemy courses
5425,14008222,CARGO TC CLINICA INDISA,77.15,Salud,cargo tc clinica indisa
5426,69945681,PAGO WEB TALLER AUTOMOTRIZ,86.21,Servicios,pago web taller automotriz
5427,74496425,TEF 3NViADA DELIVErY COMIDA,6.88,Alimentación,tef nviada delivery comida
5428,85186443,DEBITO SUPERMERCADO DIA,27.07,Alimentación,debito supermercado dia
5429,98829740,PAGO WEB ARRIENDO DEPT,96.1,Vivienda,pago web arriendo dept
5430,74966232,PAGO WEB SERVICIOS GENERALES,32.33,Servicios,pago web servicios generales
5431,20239291,TEF ENVIADA CURSO IDIOMAS,45.22,Educación,tef enviada curso idiomas
5432,64853689,PAGO WEB CARGA BIP WEB,14.55,Transporte,pago web carga bip web
5433,87502343,PAGO AUTOMATICO AGUAS ANDINAS,64.92,Servicios,pago automatico aguas andinas
5434,82732852,PAGO AUTOMAtICO FARMACIA AHUMADA,87.94,Salud,pago automatico farmacia ahumada
5435,15546876,COMPRA TBK MERCADO CENtRAL,14.83,Alimentación,compra tbk mercado central
5436,30141113,CARGO TC PINTURAS SHERWIN,378.65,Vivienda,cargo tc pinturas sherwin
5437,10486734,DEBITO UBER TRIP,9.52,Transporte,debito uber trip
5438,46452326,CARGO TC REPARACIONES HOGAR,73.39,Vivienda,cargo tc reparaciones hogar
5439,19147043,PAGO WEB OPTICA VISION,17.78,Salud,pago web optica vision
5440,72608212,PAGO AUTOMATICO CENTRO MEDICO,54.74,Salud,pago automatico centro medico
5441,32966973,ABONO NETFLIX.COM,27.32,Ocio,abono netflixcom
5442,32925754,PAGO AUTOMATICO COMPRA EN AMAZON,50.39,Ocio,pago automatico compra en amazon
5443,55856072,COMPRA TBK TAXI APP,21.08,Transporte,compra tbk taxi app
5444,84543280,TEF eNVIADA SISTeMA DUOC,40.26,Educación,tef enviada sistema duoc
5445,69785168,PAGO AUTOMATICO UDEMY COURS3S,146.9,Educación,pago automatico udemy courss
5446,20130392,TEF ENVIADA DIDI RIDE,19.73,Transporte,tef enviada didi ride
5447,23384596,CARGO TC MERCADO CENTRAL,39.15,Ocio,cargo tc mercado central
5448,24342163,COMPRA TBK SODIMAC HOME,247.92,Vivienda,compra tbk sodimac home
5449,92869403,DEBITO PAGO CUOTAS,95.19,Vivienda,debito pago cuotas
5450,30051403,TEF 3NV1ADA SUPERMERCAD0 DIA,58.32,Alimentación,tef nvada supermercad dia
5451,96898625,ABONO SODIMAC HOME,347.85,Vivienda,abono sodimac home
5452,31679563,PAGO WEB SERVICIOS GENERALES,93.07,Servicios,pago web servicios generales
5453,94776320,PAGO WEB PEDIDOSYA CL,54.97,Alimentación,pago web pedidosya cl
5454,38321631,COMPRA TBK FARMACIA AHUMADA,122.29,Salud,compra tbk farmacia ahumada
5455,32128970,COMPRA TBK EVENTO DEPORTIVO,58.55,Ocio,compra tbk evento deportivo
5456,71671760,CARGO TC SERVICIOS GENERALES,52.38,Servicios,cargo tc servicios generales
5457,34631436,ABONO AGUAS ANDINAS,51.86,Servicios,abono aguas andinas
5458,65303799,ABONO SERVICIOS GENERALES,32.18,Servicios,abono servicios generales
5459,83204174,PAGO WEB AUTOPISTA CENTRAL,18.08,Transporte,pago web autopista central
5460,73059095,CARGO TC MCDONALDS WEB,45.02,Alimentación,cargo tc mcdonalds web
5461,74426718,DEBITO TAXI APP,14.45,Transporte,debito taxi app
5462,51032588,CARGO TC CLARO TELECOM,37.66,Servicios,cargo tc claro telecom
5463,79644509,PAGO WEB EXAMENES MED,79.36,Salud,pago web examenes med
5464,55306327,CARGO TC PAGO CUOTAS,136.56,Educación,cargo tc pago cuotas
5465,96917984,TEF ENVIADA CLARO TELECOM,16.02,Servicios,tef enviada claro telecom
5466,81664341,PAGO WEB GASOLINERA,40.6,Transporte,pago web gasolinera
5467,88004977,TEF ENVIADA BAR LA ESQUINA,52.53,Ocio,tef enviada bar la esquina
5468,86185224,COMPRA TBK DELIVERY COMIDA,20.79,Alimentación,compra tbk delivery comida
5469,74817663,PAGO AUTOMATICO COLEGIO MENSUALIDAD,41.93,Educación,pago automatico colegio mensualidad
5470,64427645,CARGO TC CONDOMINIO GGCC,183.68,Vivienda,cargo tc condominio ggcc
5471,89711823,TEF ENVIADA VTR BANDA ANCHA,31.53,Servicios,tef enviada vtr banda ancha
5472,40994750,PAGO AUTOMATICO ALMACEN VECINAL,7.92,Alimentación,pago automatico almacen vecinal
5473,94493959,DEBITO AGUAS ANDINAS,146.44,Servicios,debito aguas andinas
5474,42444023,CARGO TC DELIVERY COMIDA,10.98,Alimentación,cargo tc delivery comida
5475,34465088,ABONO SPOTIFY PREMIUM,26.78,Ocio,abono spotify premium
5476,54058152,PAGO AUTOMATICO PRONTO COPEC,28.16,Alimentación,pago automatico pronto copec
5477,80021839,COMPRA TBK ENEL DISTRIBUCION,47.23,Servicios,compra tbk enel distribucion
5478,91982796,TEF ENVIADA SISTEMA DUOC,83.85,Educación,tef enviada sistema duoc
5479,31955860,PAGO AUTOMATICO BAR LA ESQUINA,13.69,Ocio,pago automatico bar la esquina
5480,96889969,ABONO SISTEMA DUOC,116.68,Educación,abono sistema duoc
5481,74598923,DEBITO PAGO CUOTAS,120.25,Educación,debito pago cuotas
5482,89876792,CARGO TC AGUAS ANDINAS,12.78,Servicios,cargo tc aguas andinas
5483,31948056,PAGO AUTOMATICO UBER TRIP,45.8,Transporte,pago automatico uber trip
5484,15731910,PAGO AUTOMATICO ARRIENDO DEPT,301.9,Vivienda,pago automatico arriendo dept
5485,70838563,P4GO WEB GASOLINERA,27.36,Transporte,pgo web gasolinera
5486,70614081,CARGO TC BANCO DEL ESTADO,80.45,Servicios,cargo tc banco del estado
5487,17046093,CARGO TC AUTOPISTA CENTRAL,44.29,Transporte,cargo tc autopista central
5488,63761226,DEBITO CLINICA INDISA,96.69,Salud,debito clinica indisa
5489,18209448,DEBITO MATRICULA UNIV,112.86,Educación,debito matricula univ
5490,86625483,ABONO REPARACIONES HOGAR,128.62,Vivienda,abono reparaciones hogar
5491,63720043,TEF ENVIADA CARGA BIP WEB,37.31,Transporte,tef enviada carga bip web
5492,89183626,ABONO CONSULTA ESPECIALISTA,131.12,Salud,abono consulta especialista
5493,84884890,TEF ENVIADA SERVICIO TECNICO,107.15,Servicios,tef enviada servicio tecnico
5494,78577376,TEF ENVIADA OPTICA VISION,23.81,Salud,tef enviada optica vision
5495,41198032,COMPRA TBK DIDI RIDE,20.25,Transporte,compra tbk didi ride
5496,40870449,COMPRA TBK DIDI RIDE,28.27,Transporte,compra tbk didi ride
5497,73841079,TEF ENVIADA MCDONALDS WEB,56.34,Alimentación,tef enviada mcdonalds web
5498,35619133,PAGO WEB DELIVERY COMIDA,44.3,Alimentación,pago web delivery comida
5499,56552177,COMPRA TBK CONDOMINIO GGCC,65.69,Vivienda,compra tbk condominio ggcc
5500,27726002,COMPRA TBK VERDULERIA DON PEPE,22.97,Alimentación,compra tbk verduleria don pepe
5501,59075036,PAGO AUTOMATICO ENEL DISTRIBUCION,142.61,Servicios,pago automatico enel distribucion
5502,45805685,COMPRA TBK OPTICA VISION,98.77,Salud,compra tbk optica vision
5503,96923464,CARGO TC NETFLIX.COM,49.98,Ocio,cargo tc netflixcom
5504,19557164,CARGO TC BAR LA ESQUINA,9.33,Ocio,cargo tc bar la esquina
5505,21757659,CARGO TC MATRICULA UNIV,28.42,Educación,cargo tc matricula univ
5506,75271974,ABONO PEAJE TAG,47.39,Transporte,abono peaje tag
5507,56339922,COMPRA TBK SUPERMERCADO DIA,54.69,Alimentación,compra tbk supermercado dia
5508,92039293,DEBITO INTEGRAMEDICA,144.54,Salud,debito integramedica
5509,73142210,PAGO WEB AGUAS ANDINAS,25.41,Servicios,pago web aguas andinas
5510,58042204,ABONO EVENTO DEPORTIVO,32.29,Ocio,abono evento deportivo
5511,33310618,PAGO AUTOMATICO VERDULERIA DON PEPE,57.73,Alimentación,pago automatico verduleria don pepe
5512,64972840,TEF ENVIADA ENTRETENIMIENTO PLUS,18.53,Ocio,tef enviada entretenimiento plus
5513,28002338,COMPRA TBK TALLER AUTOMOTRIZ,128.35,Servicios,compra tbk taller automotriz
5514,98198915,DEBITO DELIVERY COMIDA,25.06,Alimentación,debito delivery comida
5515,11242605,TEF ENVIADA TIENDA ONLINE,53.07,Ocio,tef enviada tienda online
5516,51964629,PAGO AUTOMATICO MERCADO CENTRAL,7.28,Alimentación,pago automatico mercado central
5517,98520680,CARGO TC COPEC SANTIAGO,26.2,Transporte,cargo tc copec santiago
5518,89946310,DEBITO SERVICIO TECNICO,72.35,Servicios,debito servicio tecnico
5519,66701381,TEF ENVIADA PRONTO COPEC,6.32,Alimentación,tef enviada pronto copec
5520,15092490,DEBITO UDEMY COURSES,25.3,Educación,debito udemy courses
5521,22891207,ABONO PRONTO COPEC,51.73,Alimentación,abono pronto copec
5522,78913320,PAGO WEB STEAM GAMES,33.84,Ocio,pago web steam games
5523,15135828,PAGO WEB COLEGIO MENSUALIDAD,49.35,Educación,pago web colegio mensualidad
5524,84472396,PAGO AUTOMATICO EASY PORTAL,233.05,Vivienda,pago automatico easy portal
5525,57286830,PAGO AUTOMATICO HOME CENTER,81.01,Vivienda,pago automatico home center
5526,89978266,CARGO TC BANCO DEL ESTADO,16.4,Servicios,cargo tc banco del estado
5527,54838301,DEBITO CRUZ VERDE LOCAL,149.06,Salud,debito cruz verde local
5528,61028711,PAGO WEB PAGO CUOTAS,77.01,Servicios,pago web pago cuotas
5529,30949025,COMPRA TBK UDEMY COURSES,110.03,Educación,compra tbk udemy courses
5530,84353367,DEBITO COPEC SANTIAGO,11.17,Transporte,debito copec santiago
5531,35924882,PAGO AUTOMATICO BAR LA ESQUINA,30.2,Ocio,pago automatico bar la esquina
5532,63733032,cARGO Tc CENTRO M3DICO,94.51,Salud,cargo tc centro mdico
5533,56530527,COMPRA TBK PLATAFORMA APRENDIZAJE,146.77,Educación,compra tbk plataforma aprendizaje
5534,20661020,TEF ENVIADA TIENDA ONLINE,46.43,Educación,tef enviada tienda online
5535,66083725,PAGO WEB PINtURA5 SHERWIN,207.3,Vivienda,pago web pintura sherwin
5536,23552803,CARGO TC TIENDA ONLINE,9.62,Alimentación,cargo tc tienda online
5537,21999712,PAGO AUTOMATIcO CON5ULTa ESPECIALISTA,80.53,Salud,pago automatico conulta especialista
5538,29669560,PAGO AUTOMATICO ENTRETENIMIENTO PLUS,5.89,Ocio,pago automatico entretenimiento plus
5539,56452909,CARGO TC MCDONALDS WEB,28.57,Alimentación,cargo tc mcdonalds web
5540,73997379,TEF ENVIADA GASCO LIQUADO,77.5,Servicios,tef enviada gasco liquado
5541,60805186,DEBITO COPEC SANTIAGO,32.23,Transporte,debito copec santiago
5542,31594058,COMPRA TBK CURSO IDIOMAS,127.55,Educación,compra tbk curso idiomas
5543,30629122,CARGO TC PEDIDOSYA CL,5.69,Alimentación,cargo tc pedidosya cl
5544,28588579,CARGO TC MCDONALDS WEB,57.47,Alimentación,cargo tc mcdonalds web
5545,98339988,CARGO TC CLARO TELECOM,18.09,Servicios,cargo tc claro telecom
5546,78086079,PAGO WEB EXAMENES MED,149.09,Salud,pago web examenes med
5547,83895111,DEBITO NETFLIX.COM,51.36,Ocio,debito netflixcom
5548,41796388,PAGO AUTOMATICO CURSO IDIOMAS,82.86,Educación,pago automatico curso idiomas
5549,62576813,CARGO TC CONDOMINIO GGCC,125.09,Vivienda,cargo tc condominio ggcc
5550,17977764,TEF ENVIADA CARGA BIP WEB,6.51,Transporte,tef enviada carga bip web
5551,31124324,CARGO TC COLEGIO MENSUALIDAD,96.11,Educación,cargo tc colegio mensualidad
5552,47309803,COMPRA TBK SISTEMA DUOC,24.89,Educación,compra tbk sistema duoc
5553,65473837,CARGO TC PAGO CUOTAS,115.64,Educación,cargo tc pago cuotas
5554,36125671,PAGO WEB PEAJE TAG,24.76,Transporte,pago web peaje tag
5555,30830979,TEF ENVIADA PAGO CUOTAS,73.33,Educación,tef enviada pago cuotas
5556,15013701,COMPRA tBK CENTRO MEDICO,28.15,Salud,compra tbk centro medico
5557,72827018,CARGO TC CRUZ VERDE LOCAL,73.23,Salud,cargo tc cruz verde local
5558,98489099,TEF ENVIADA AGUAS ANDINAS,61.65,Servicios,tef enviada aguas andinas
5559,79334562,ABONO UDEMY COURSES,129.12,Educación,abono udemy courses
5560,65407459,COMPRA TBK PEAJE TAG,27.14,Transporte,compra tbk peaje tag
5561,34117962,ABONO TIENDA ONLINE,16.96,Alimentación,abono tienda online
5562,46965029,PAGO WEB ESTACIONAMIENTO,31.73,Transporte,pago web estacionamiento
5563,35998100,PAGO WEB UDEMY COURSES,68.28,Educación,pago web udemy courses
5564,53346833,PAGO AUTOMATICO CLINICA INDISA,126.08,Salud,pago automatico clinica indisa
5565,11988189,CARGO TC CLARO TELECOM,30.26,Servicios,cargo tc claro telecom
5566,43696985,DEBITO CLARO TELECOM,85.14,Servicios,debito claro telecom
5567,42791587,TEF ENVIADA TALLER AUTOMOTRIZ,131.56,Servicios,tef enviada taller automotriz
5568,15577065,COMPRA TBK ESTACIONAMIENTO,17.45,Transporte,compra tbk estacionamiento
5569,94731443,PAGO WEB LID3R EXPRESS,37.29,Alimentación,pago web lidr express
5570,43357989,ABONO PRONTO COPEC,41.82,Alimentación,abono pronto copec
5571,45392447,PAGO AUTOMATICO SODIMAC HOME,208.97,Vivienda,pago automatico sodimac home
5572,26661843,ABONO AGUAS ANDINAS,126.31,Servicios,abono aguas andinas
5573,26803334,ABONO TIENDA ONLINE,112.71,Servicios,abono tienda online
5574,29195091,DEBITO TALLER AUTOMOTRIZ,134.37,Servicios,debito taller automotriz
5575,99802489,PAGO AUTOMATICO EVENTO DEPORTIVO,47.74,Ocio,pago automatico evento deportivo
5576,20535013,COMPRA TBK FARMACIA AHUMADA,49.33,Salud,compra tbk farmacia ahumada
5577,85479078,PAGO WEB SHELL RUTA 5,39.84,Transporte,pago web shell ruta 
5578,41065481,CARGO TC CRUZ VERDE LOCAL,31.92,Salud,cargo tc cruz verde local
5579,99726761,PAGO AUTOMATICO SPOTIFY PREMIUM,5.12,Ocio,pago automatico spotify premium
5580,65575602,COMPRA TBK OPTICA VISION,10.19,Salud,compra tbk optica vision
5581,71575241,ABONO BAR LA E5QuINA,33.96,Ocio,abono bar la equina
5582,57471125,TEF ENVIADA JUMBO BILBAO,46.96,Alimentación,tef enviada jumbo bilbao
5583,30463665,CARGO TC PINTURAS SHERWIN,210.2,Vivienda,cargo tc pinturas sherwin
5584,17335354,PAGO WEB EVENTO DEPORTIVO,30.02,Ocio,pago web evento deportivo
5585,70362222,TEF ENVIADA CRUZ VERDE LOCAL,47.17,Salud,tef enviada cruz verde local
5586,91665930,PAGO AUtOMATICO TIENDA ONLINE,24.92,Educación,pago automatico tienda online
5587,92526538,DEBITO TAXI APP,20.89,Transporte,debito taxi app
5588,61715208,CARGO TC TAXI APP,5.93,Transporte,cargo tc taxi app
5589,57055782,ABONO TAXI APP,17.86,Transporte,abono taxi app
5590,20900384,PAGO WEB DEL1VERY COMiDA,6.47,Alimentación,pago web delvery comida
5591,64627111,DEBITO PAGO CUOTAS,120.15,Educación,debito pago cuotas
5592,62143240,TEF ENVIADA AUTOPISTA CENTRAL,56.21,Transporte,tef enviada autopista central
5593,79934637,CARGO TC JUMBO BILBAO,27.0,Alimentación,cargo tc jumbo bilbao
5594,95305783,PAGO WEB LIBRERIA UNIVERSITARIA,99.06,Educación,pago web libreria universitaria
5595,43866572,PAGO WEB PAGO CUOTAS,82.35,Servicios,pago web pago cuotas
5596,24297366,DEBITO SODIMAC HOME,58.87,Vivienda,debito sodimac home
5597,19638979,ABONO MERCADO CENTRAL,29.45,Alimentación,abono mercado central
5598,87057351,DEBITO GASCO LIQUADO,137.04,Servicios,debito gasco liquado
5599,14962333,ABONO SISTEMA DUOC,72.18,Educación,abono sistema duoc
5600,87005329,COMPRA TBK LIDER EXPRESS,43.69,Alimentación,compra tbk lider express
5601,13171035,COMPRA TBK SODIMAC HOME,109.58,Vivienda,compra tbk sodimac home
5602,57871750,CARGO TC PRONTO COPEC,23.38,Alimentación,cargo tc pronto copec
5603,41187115,PAGO AUTOMATICO PAGO CUOTAS,42.66,Educación,pago automatico pago cuotas
5604,64647700,CARGO TC MERCADO CENTRAL,59.17,Ocio,cargo tc mercado central
5605,24616039,TEF ENVIADA CONSULTA ESPECIALISTA,77.21,Salud,tef enviada consulta especialista
5606,41425510,ABONO NETFLIX.COM,24.81,Ocio,abono netflixcom
5607,88606838,CARGO TC JUMBO BILBAO,37.1,Alimentación,cargo tc jumbo bilbao
5608,61796879,CARGO TC SERVICIOS GENERALES,301.17,Vivienda,cargo tc servicios generales
5609,71251873,PAGO AUTOMATICO COMPRA EN AMAZON,17.94,Ocio,pago automatico compra en amazon
5610,67387731,PAGO WEB ARRIENDO DEPT,293.06,Vivienda,pago web arriendo dept
5611,30432836,PAGO WEB CARGA BIP WEB,56.1,Transporte,pago web carga bip web
5612,80605522,ABONO PEAJE TAG,25.69,Transporte,abono peaje tag
5613,74312089,ABONO INTEGRAMEDICA,102.24,Salud,abono integramedica
5614,45000560,PAGO AUTOMATICO HOME CENTER,295.45,Vivienda,pago automatico home center
5615,26692385,PAGO WEB CARGA BIP WEB,54.2,Transporte,pago web carga bip web
5616,67770141,PAGO AUTOMATICO SERVICIOS GENERALES,52.05,Vivienda,pago automatico servicios generales
5617,52873169,PAGO AUTOMATICO FARMACIA AHUMADA,74.75,Salud,pago automatico farmacia ahumada
5618,28286828,DEBITO SHELL RUTA 5,23.65,Transporte,debito shell ruta 
5619,59794029,PAGO WEB HOME CENTER,312.54,Vivienda,pago web home center
5620,89527979,PAGO AUTOMATICO PINTURAS SHERWIN,237.29,Vivienda,pago automatico pinturas sherwin
5621,49724506,COMPRA TBK CURSO IDIOMAS,102.77,Educación,compra tbk curso idiomas
5622,10658013,CARGO TC ENTRETENIMIENTO PLUS,51.58,Ocio,cargo tc entretenimiento plus
5623,98773215,DEBITO GASOLINERA,12.28,Transporte,debito gasolinera
5624,63032071,DEBITO SPOTIFY PREMIUM,26.86,Ocio,debito spotify premium
5625,26930651,TEF ENVIADA COMPRA EN AMAZON,38.24,Ocio,tef enviada compra en amazon
5626,93367727,COMPRA TBK BANCO DEL ESTADO,139.35,Servicios,compra tbk banco del estado
5627,99553066,COMpRA TBK SODIMAC HOME,319.75,Vivienda,compra tbk sodimac home
5628,19905212,ABONO LIDER EXPRESS,27.84,Alimentación,abono lider express
5629,44617842,PAGO AUTOMATICO TIENDA ONLINE,120.29,Servicios,pago automatico tienda online
5630,28698551,DEBITO TIENDA ONLINE,142.66,Servicios,debito tienda online
5631,81250258,COMPRA TBK GASCO 1IQuADO,129.52,Servicios,compra tbk gasco iquado
5632,16876508,ABONO TIENDA ONLINE,47.03,Ocio,abono tienda online
5633,27160637,ABONO MERCADO CENTRAL,15.82,Ocio,abono mercado central
5634,45218649,COMPRA TBK SHELL RUTA 5,34.11,Transporte,compra tbk shell ruta 
5635,65390574,DEBITO PAGO CUOTAS,349.63,Vivienda,debito pago cuotas
5636,91323650,DEBITO CONSULTA ESPECIALISTA,29.39,Salud,debito consulta especialista
5637,28751442,PAGO WEB TIENDA ONLINE,6.15,Alimentación,pago web tienda online
5638,63369699,PAGO WEB SHELL RUTA 5,50.21,Transporte,pago web shell ruta 
5639,94515978,PAGO AUTOMATICO MERCADO CENTRAL,39.51,Alimentación,pago automatico mercado central
5640,25618711,ABONO STEAM G4MES,42.97,Ocio,abono steam gmes
5641,52528787,PAGO AUTOMATICO ARRIENDO DEPT,369.57,Vivienda,pago automatico arriendo dept
5642,68323698,PAGO AUTOMATICO COLEGIO MENSUALIDAD,48.35,Educación,pago automatico colegio mensualidad
5643,87498010,TEF ENVIADA GASCO LIQUADO,103.3,Servicios,tef enviada gasco liquado
5644,34116894,DEBITO COMPRA EN AMAZON,58.76,Ocio,debito compra en amazon
5645,95236926,TEF ENVIADA PEAJE TAG,49.28,Transporte,tef enviada peaje tag
5646,90866578,COMPRA TBK SERVICIOS GENERALES,43.66,Servicios,compra tbk servicios generales
5647,86191440,PAGO WEB LIBRERIA UNIVERSITARIA,54.92,Educación,pago web libreria universitaria
5648,92530580,TEF ENVIADA VTR BANDA ANCHA,68.03,Servicios,tef enviada vtr banda ancha
5649,47369049,CARGO TC EXAMENES MED,116.42,Salud,cargo tc examenes med
5650,82763265,ABONO TAXI APP,28.93,Transporte,abono taxi app
5651,39871880,COMPRA TBK LIDER EXPRESS,17.14,Alimentación,compra tbk lider express
5652,79757952,COMPRA TBK PINTURAS SHERWIN,58.58,Vivienda,compra tbk pinturas sherwin
5653,54821162,PAGO AUTOMATICO CURSO IDIOMAS,54.42,Educación,pago automatico curso idiomas
5654,62164584,ABONO CRUZ VERDE LOCAL,107.8,Salud,abono cruz verde local
5655,91839237,PAGO WEB ESTACIONAMIENTO,7.87,Transporte,pago web estacionamiento
5656,45761862,DEBITO FARMACIA AHUMADA,143.63,Salud,debito farmacia ahumada
5657,33968273,TEF ENVIADA ESTACIONAMIENTO,53.75,Transporte,tef enviada estacionamiento
5658,53486662,DEBITO SERVICIOS GENERALES,228.05,Vivienda,debito servicios generales
5659,75727209,ABONO TIENd4 ONLIN3,30.76,Alimentación,abono tiend onlin
5660,90751332,ABONO ESTACIONAMIENTO,50.68,Transporte,abono estacionamiento
5661,85742423,ABONO REPARACIONES HOGAR,386.58,Vivienda,abono reparaciones hogar
5662,46162597,CARGO TC VTR BANDA ANCHA,105.51,Servicios,cargo tc vtr banda ancha
5663,62548059,PAGO AUTOMATICO LIDER EXPRESS,57.97,Alimentación,pago automatico lider express
5664,67136020,TEF ENVIADA SODIMAC HOME,101.95,Vivienda,tef enviada sodimac home
5665,67859742,DEBITO CENTRO MEDICO,24.57,Salud,debito centro medico
5666,31524191,PAGO WEB AUTOPISTA CENTRAL,16.29,Transporte,pago web autopista central
5667,87582745,PAGO WE8 JUMBO B1LBAO,58.02,Alimentación,pago we jumbo blbao
5668,78622351,DEBITO BAR LA ESQUINA,30.65,Ocio,debito bar la esquina
5669,73310932,ABONO VTR BANDA ANCHA,105.61,Servicios,abono vtr banda ancha
5670,95453300,TEF ENVIADA TIENDA ONLINE,71.79,Educación,tef enviada tienda online
5671,49004748,CARGO TC TIENDA ONLINE,34.96,Ocio,cargo tc tienda online
5672,10883622,COMPRA TBK UBER TRIP,8.52,Transporte,compra tbk uber trip
5673,83117789,PAGO WEB SODIMAC HOME,214.49,Vivienda,pago web sodimac home
5674,31497085,COMPRA TBK BANCO DEL ESTADO,78.61,Servicios,compra tbk banco del estado
5675,94453907,ABONO TIENDA ONLINE,26.76,Ocio,abono tienda online
5676,53921119,PAGO WEB MCDONALDS WEB,24.44,Alimentación,pago web mcdonalds web
5677,82177752,DE81TO DELIVERY COMIDA,47.27,Alimentación,deto delivery comida
5678,33208690,TEF ENVIADA CINEMARK ONLINE,16.44,Ocio,tef enviada cinemark online
5679,70639140,TEF ENVIADA JUMBO BILBAO,12.41,Alimentación,tef enviada jumbo bilbao
5680,97804396,COMPRA TBK AUTOPISTA CENTRAL,34.09,Transporte,compra tbk autopista central
5681,29105286,DEBITO ALMACEN VECINAL,53.24,Alimentación,debito almacen vecinal
5682,54411844,TEF ENVIADA BAR LA ESQUINA,49.38,Ocio,tef enviada bar la esquina
5683,28997957,PAGO AUTOMATICO COLEGIO MENSUALIDAD,128.92,Educación,pago automatico colegio mensualidad
5684,65773216,ABONO UDEMY COURSES,109.32,Educación,abono udemy courses
5685,67213325,PAGO AUTOMATICO SHELL RUTA 5,38.67,Transporte,pago automatico shell ruta 
5686,51010058,PAGO AUTOMATICO PAGO CUOTAS,11.29,Servicios,pago automatico pago cuotas
5687,43919633,CARGO TC COPEC SANTIAGO,8.54,Transporte,cargo tc copec santiago
5688,45420487,COMPRA TBK VERDULERIA DON PEPE,36.92,Alimentación,compra tbk verduleria don pepe
5689,48943255,DEBITO JUMBO BILBAO,48.38,Alimentación,debito jumbo bilbao
5690,98031820,COMPRA TBK CRUZ VERDE LOCAL,23.3,Salud,compra tbk cruz verde local
5691,65415031,TEF ENVIADA PINTURAS SHERWIN,340.55,Vivienda,tef enviada pinturas sherwin
5692,49690619,COMPRA TBK PEAJE TAG,10.27,Transporte,compra tbk peaje tag
5693,97804827,CARGO TC CRUZ VERDE LOCAL,95.38,Salud,cargo tc cruz verde local
5694,65794623,PAGO WEB TALLER AUTOMOTRIZ,23.82,Servicios,pago web taller automotriz
5695,31800801,COMPRA TBK STEAM GAMES,43.96,Ocio,compra tbk steam games
5696,31829800,DEBITO CLINICA INDISA,28.64,Salud,debito clinica indisa
5697,83584618,COMPRA TBK PAGO CUOTAS,37.03,Servicios,compra tbk pago cuotas
5698,56954925,DEBITO PAGO CUOTAS,372.43,Vivienda,debito pago cuotas
5699,51079014,DEBITO NETFLIX.COM,32.33,Ocio,debito netflixcom
5700,36639171,CARGO TC CONDOMINIO GGCC,258.54,Vivienda,cargo tc condominio ggcc
5701,54239781,COMPRA TBK LIDER EXPRESS,47.7,Alimentación,compra tbk lider express
5702,68438658,CARGO TC SERVICIO TECNICO,126.88,Servicios,cargo tc servicio tecnico
5703,82249792,DEBITO PAGO CUOTAS,112.01,Vivienda,debito pago cuotas
5704,47092461,COMPRA TBK ALMACEN VECINAL,34.23,Alimentación,compra tbk almacen vecinal
5705,58149856,COMPRA TBK ALMACEN VECINAL,49.13,Alimentación,compra tbk almacen vecinal
5706,89592307,COMPRA TBK TIENDA ONLINE,75.92,Educación,compra tbk tienda online
5707,51540154,PAGO AUTOMATICO PAGO CUOTAS,125.75,Servicios,pago automatico pago cuotas
5708,39552770,PAGO WEB UBER TRIP,25.24,Transporte,pago web uber trip
5709,98684481,DEBITO RESTAURANT FANCY,45.2,Ocio,debito restaurant fancy
5710,57328450,COMPRA TBK MATRICULA UNIV,88.89,Educación,compra tbk matricula univ
5711,91505983,PAGO AUTOMATICO REPARACIONES HOGAR,393.89,Vivienda,pago automatico reparaciones hogar
5712,70292341,DEBITO LIDER EXPRESS,59.42,Alimentación,debito lider express
5713,43569749,TEF 3NVIAD4 PAGO CUOTAS,55.52,Servicios,tef nviad pago cuotas
5714,62218027,COMPRA TBK BANCO DEL ESTADO,10.08,Servicios,compra tbk banco del estado
5715,15231254,PAGO WEB PLATAFORMA APRENDIZAJE,121.72,Educación,pago web plataforma aprendizaje
5716,32533376,DEBITO PEDIDOSYA CL,14.98,Alimentación,debito pedidosya cl
5717,80019765,TEF ENVIADA GASCO LIQUADO,93.32,Servicios,tef enviada gasco liquado
5718,36274131,COMPRA TBK SODIMAC HOME,145.3,Vivienda,compra tbk sodimac home
5719,95311448,TEF ENVIADA EASY PORTAL,252.22,Vivienda,tef enviada easy portal
5720,76550794,COMPRA TBK SISTEMA DUOC,49.31,Educación,compra tbk sistema duoc
5721,86805418,DEBITO LIDER EXPRESS,38.24,Alimentación,debito lider express
5722,89778219,PAGO WEB EVENTO DEPORTIVO,11.97,Ocio,pago web evento deportivo
5723,16528164,CARGO TC DELIVERY COMIDA,55.18,Alimentación,cargo tc delivery comida
5724,75196261,TEF ENVIADA GASCO LIQUADO,114.74,Servicios,tef enviada gasco liquado
5725,59055924,ABONO PLATAFORMA APRENDIZAJE,112.74,Educación,abono plataforma aprendizaje
5726,24081236,PAGO AUTOMATICO TIENDA ONLINE,86.45,Educación,pago automatico tienda online
5727,87226248,ABONO CLARO TELECOM,75.44,Servicios,abono claro telecom
5728,86299139,COMPRA TBK STEAM GAMES,5.47,Ocio,compra tbk steam games
5729,48193956,TEF ENVIADA MERCADO CENTRAL,38.85,Alimentación,tef enviada mercado central
5730,72083054,ABONO LIBRERIA UNIVERSITARIA,105.76,Educación,abono libreria universitaria
5731,51568151,CARGO TC ENTRETENIMIENTO PLUS,20.24,Ocio,cargo tc entretenimiento plus
5732,32864847,PAGO AUTOMATICO ENEL DISTRIBUCION,114.13,Servicios,pago automatico enel distribucion
5733,56084974,DEBITO TAXI APP,20.66,Transporte,debito taxi app
5734,57601184,ABONO CARGA BIP WEB,59.64,Transporte,abono carga bip web
5735,44777901,COMPRA TBK VERDULERIA DON PEPE,18.72,Alimentación,compra tbk verduleria don pepe
5736,79219396,TEF ENVIADA TIENDA ONLINE,56.11,Educación,tef enviada tienda online
5737,17273282,DEBITO ENTRETENIMIENTO PLUS,30.41,Ocio,debito entretenimiento plus
5738,52174665,CARGO TC PAGO CUOTAS,73.06,Educación,cargo tc pago cuotas
5739,65920436,DEBITO GASCO LIQUADO,103.24,Servicios,debito gasco liquado
5740,80631761,COMPRA TBK PAGO CUOTAS,53.32,Servicios,compra tbk pago cuotas
5741,75606391,CARGO TC GASCO LIQUADO,127.74,Servicios,cargo tc gasco liquado
5742,97530727,COMPRA TBK STEAM GAMES,41.85,Ocio,compra tbk steam games
5743,62067012,ABONO BANCO DEL ESTADO,23.15,Servicios,abono banco del estado
5744,98260093,ABONO ENTRETENIMIENTO PLUS,6.4,Ocio,abono entretenimiento plus
5745,39247654,PAGO AUTOMATICO NETFLIX.COM,26.33,Ocio,pago automatico netflixcom
5746,77249703,TEF ENVIADA UBER TRIP,22.69,Transporte,tef enviada uber trip
5747,88902387,TEF ENVIADA ALMACEN VECINAL,38.22,Alimentación,tef enviada almacen vecinal
5748,15800627,CARGO TC PEAJE TAG,45.04,Transporte,cargo tc peaje tag
5749,28554878,ABONO SHELL RUTA 5,56.13,Transporte,abono shell ruta 
5750,71552351,CARGO TC TIENDA ONLINE,18.08,Ocio,cargo tc tienda online
5751,25955956,DEBITO ENTRETENIMIENTO PLUS,20.66,Ocio,debito entretenimiento plus
5752,17198110,CARGO TC CONDOMINIO GGCC,115.93,Vivienda,cargo tc condominio ggcc
5753,20044395,CARGO TC DIDI RIDE,21.06,Transporte,cargo tc didi ride
5754,88538853,CARGO TC TIENDA ONLINE,44.02,Servicios,cargo tc tienda online
5755,70597233,CARGO TC CONSULTA ESPECIALISTA,148.14,Salud,cargo tc consulta especialista
5756,43752598,COMPRA TBK MCDOnALDS WEB,9.05,Alimentación,compra tbk mcdonalds web
5757,58378939,CARGO TC PINTURAS SHERWIN,247.26,Vivienda,cargo tc pinturas sherwin
5758,31490599,ABONO SERVICIOS GENERALES,25.09,Servicios,abono servicios generales
5759,95210492,DEBITO SISTEMA DUOC,30.65,Educación,debito sistema duoc
5760,13981397,ABONO NETFLIX.COM,29.07,Ocio,abono netflixcom
5761,30055773,TEF ENVIADA EASY PORTAL,367.22,Vivienda,tef enviada easy portal
5762,13545322,DEBITO SISTEMA DUOC,61.05,Educación,debito sistema duoc
5763,57338747,PAGO AUTOMATICO EXAMENES MED,44.77,Salud,pago automatico examenes med
5764,55648706,CARGO TC PRONTO COPEC,36.93,Alimentación,cargo tc pronto copec
5765,54671725,PAGO AUTOMATICO MCDONALDS WEB,28.58,Alimentación,pago automatico mcdonalds web
5766,91297709,PAGO AUTOMATICO PAGO CUOTAS,330.7,Vivienda,pago automatico pago cuotas
5767,75519541,TEF ENVIADA INTEGRAMEDICA,67.39,Salud,tef enviada integramedica
5768,45279525,DEBITO GASOLINERA,42.31,Transporte,debito gasolinera
5769,42775495,COMPRA TBK SODIMAC HOME,190.11,Vivienda,compra tbk sodimac home
5770,85538523,PAGO AUTOMATICO CONDOMINIO GGCC,56.08,Vivienda,pago automatico condominio ggcc
5771,69609128,TEF ENVIADA CINEMARK ONLINE,25.6,Ocio,tef enviada cinemark online
5772,91267783,PAGO AUTOMATICO CRUZ VERDE LOCAL,15.2,Salud,pago automatico cruz verde local
5773,19010715,COMPRA TBK EVENTO DEPORTIVO,57.59,Ocio,compra tbk evento deportivo
5774,38022663,TEF ENVIADA SPOTIFy PREMIUM,18.91,Ocio,tef enviada spotify premium
5775,73837078,PAGO AUTOMATICO UDEMY COURSES,135.17,Educación,pago automatico udemy courses
5776,83985243,TEF ENVIADA VERDULERIA DON PEPE,40.7,Alimentación,tef enviada verduleria don pepe
5777,41032607,ABONO STEAM GAMES,37.35,Ocio,abono steam games
5778,87576696,DEBITO SPOTIFY PREMIUM,55.59,Ocio,debito spotify premium
5779,10328089,PAGO WEB BANCO DEL ESTADO,129.01,Servicios,pago web banco del estado
5780,33264807,PAGO AUTOMATICO COPEC SANTIAGO,55.58,Transporte,pago automatico copec santiago
5781,29504200,PAGO WEB JUMBO BILBAO,33.1,Alimentación,pago web jumbo bilbao
5782,34404953,PAGO AUTOMATICO EVENTO DEPORTIVO,29.97,Ocio,pago automatico evento deportivo
5783,53506740,CARGO TC PEDIDOSYA CL,32.0,Alimentación,cargo tc pedidosya cl
5784,83484486,PAGO AUTOMATICO TIENDA ONLINE,140.69,Educación,pago automatico tienda online
5785,98615080,TEF ENVIADA VERDULERIA DON PEPE,33.52,Alimentación,tef enviada verduleria don pepe
5786,32469528,COMPRA TBK NETFLIX.COM,28.18,Ocio,compra tbk netflixcom
5787,44720281,COMPRA TBK TIENDA ONLINE,68.23,Educación,compra tbk tienda online
5788,28435369,PAGO WEB REPARACIONES HOGAR,309.23,Vivienda,pago web reparaciones hogar
5789,96802950,pAGO AUTOMATIcO OPTICA VIS1ON,69.72,Salud,pago automatico optica vison
5790,94238694,PAGO AUTOMATICO CLARO TELECOM,45.99,Servicios,pago automatico claro telecom
5791,39194894,TEF ENVIADA SERVICIO TECNICO,73.43,Servicios,tef enviada servicio tecnico
5792,81986705,PAGO AUTOMATICO PINTURAS SHERWIN,141.3,Vivienda,pago automatico pinturas sherwin
5793,91335378,ABONO SODIMAC HOME,145.4,Vivienda,abono sodimac home
5794,17094446,PAGO AUTOMATICO OPTICA VISION,149.16,Salud,pago automatico optica vision
5795,91425021,PAGO WEB MCDONALDS WEB,29.96,Alimentación,pago web mcdonalds web
5796,80122411,CARGO TC PEAJE TAG,8.37,Transporte,cargo tc peaje tag
5797,29680026,PAGO WEB MATRICULA UNIV,135.1,Educación,pago web matricula univ
5798,60688019,DEBITO SPOTIFY PREMIUM,19.14,Ocio,debito spotify premium
5799,76127947,COMPRA TBK SODIMAC HOME,76.09,Vivienda,compra tbk sodimac home
5800,63393716,COMPRA TBK PAGO CUOTAS,85.98,Educación,compra tbk pago cuotas
5801,96068914,COMPRA TBK ALMACEN VECINAL,27.08,Alimentación,compra tbk almacen vecinal
5802,59349471,ABONO OPTICA VISION,99.04,Salud,abono optica vision
5803,26537057,PAGO WEB ESTACIONAMIENTO,53.41,Transporte,pago web estacionamiento
5804,58447730,TEF ENVIADA CLARO TELECOM,43.35,Servicios,tef enviada claro telecom
5805,12416691,COMPRA TBK EXAMENES MED,21.86,Salud,compra tbk examenes med
5806,45123603,PAGO WEB COLEGIO MENSUALIDAD,87.86,Educación,pago web colegio mensualidad
5807,25904783,COMPRA TBK CURSO IDIOMAS,75.98,Educación,compra tbk curso idiomas
5808,63738922,ABONO MERCADO CENTRAL,31.72,Ocio,abono mercado central
5809,48283180,T3F ENVIADA PEDIDOSY4 CL,8.2,Alimentación,tf enviada pedidosy cl
5810,87709535,PAGO AUTOMATICO DIDI RIDE,25.51,Transporte,pago automatico didi ride
5811,96988751,PAGO AUTOMATICO SERVICIOS GENERALES,369.2,Vivienda,pago automatico servicios generales
5812,19042736,DEBITO EASY PORTAL,82.06,Vivienda,debito easy portal
5813,72945676,COMPRA TBK TIENDA ONLINE,17.14,Servicios,compra tbk tienda online
5814,13768437,PAGO WEB MERCADO CENTRAL,44.96,Alimentación,pago web mercado central
5815,99271401,COMPRA TBK PEDIDOSYA CL,20.9,Alimentación,compra tbk pedidosya cl
5816,94116630,DEBITO CONDOMINIO GGCC,130.38,Vivienda,debito condominio ggcc
5817,33105395,TEF ENVIADA COMPRA EN AMAZON,39.11,Ocio,tef enviada compra en amazon
5818,73534782,PAGO WEB REPARACIONES HOGAR,144.16,Vivienda,pago web reparaciones hogar
5819,90416028,DEBITO REPARACIONES HOGAR,197.79,Vivienda,debito reparaciones hogar
5820,32414131,DEBITO CURSO IDIOMAS,58.52,Educación,debito curso idiomas
5821,17537175,DEBITO PINTURAS SHERWIN,148.45,Vivienda,debito pinturas sherwin
5822,38345330,COMPRA TBK PINTURAS SHERWIN,204.28,Vivienda,compra tbk pinturas sherwin
5823,35186520,ABONO DELIVERY COMIDA,18.11,Alimentación,abono delivery comida
5824,69611267,ABONO TIENDA ONLINE,120.52,Servicios,abono tienda online
5825,91594291,DEBITO TALLER AUTOMOTRIZ,72.62,Servicios,debito taller automotriz
5826,60563048,DEBITO COLEGIO MENSUALIDAD,117.4,Educación,debito colegio mensualidad
5827,21865330,CARGO TC TIENDA ONLINE,49.46,Alimentación,cargo tc tienda online
5828,58743864,PAGO WEB PINTURAS SHERWIN,232.34,Vivienda,pago web pinturas sherwin
5829,46914230,PAGO WEB PAGO CUOTAS,48.2,Educación,pago web pago cuotas
5830,55286295,PAGO WEB UDEMY COURSES,80.46,Educación,pago web udemy courses
5831,13598268,DEBITO CARgA B1P WEB,36.07,Transporte,debito carga bp web
5832,44686834,PAGO AUTOMATICO TIENDA ONLINE,62.34,Educación,pago automatico tienda online
5833,89344481,TEF ENVIADA AUTOPISTA CENTRAL,11.01,Transporte,tef enviada autopista central
5834,79535276,DEBITO LIDER EXPRESS,25.46,Alimentación,debito lider express
5835,66947358,PAGO WEB SPOTIFY PREMIUM,54.34,Ocio,pago web spotify premium
5836,53151943,DEBITO TIENDA ONLINE,93.5,Educación,debito tienda online
5837,87426850,COMPRA TBK VTR BANDA ANCHA,67.69,Servicios,compra tbk vtr banda ancha
5838,70929450,COMPRA TBK SISTEMA DUOC,111.25,Educación,compra tbk sistema duoc
5839,81386830,DEBITO CARGA BIP WEB,5.46,Transporte,debito carga bip web
5840,66182346,TEF ENVIADA ENEL DISTRIBUCION,47.06,Servicios,tef enviada enel distribucion
5841,11161238,DEBITO OPTICA VISION,56.89,Salud,debito optica vision
5842,87100880,PAGO WEB EXAMENES MED,82.39,Salud,pago web examenes med
5843,91840281,ABONO HOME CENTER,99.32,Vivienda,abono home center
5844,44277166,PAGO AUTOMATICO PRONTO COPEC,38.49,Alimentación,pago automatico pronto copec
5845,10660333,PAGO AUTOMATICO LIBRERIA UNIVERSITARIA,51.26,Educación,pago automatico libreria universitaria
5846,74663278,PAGO AUTOMATICO SISTEMA DUOC,110.95,Educación,pago automatico sistema duoc
5847,20818494,ABONO OPTICA VISION,46.72,Salud,abono optica vision
5848,81851494,TEF ENVIADA MERCADO CENTRAL,7.61,Alimentación,tef enviada mercado central
5849,34283905,ABONO CONSULTA ESPECIALISTA,69.34,Salud,abono consulta especialista
5850,79587863,PAGO WEB TALLER AUTOMOTRIZ,100.87,Servicios,pago web taller automotriz
5851,73167846,PAGO WEB HOME CENTER,165.73,Vivienda,pago web home center
5852,70655552,PAGO WEB CONSULTA ESPECIALISTA,116.19,Salud,pago web consulta especialista
5853,65827709,CARGo tC ALMACEN VeCINAL,59.71,Alimentación,cargo tc almacen vecinal
5854,70891688,PAGO WEB PEDIDOSYA CL,23.31,Alimentación,pago web pedidosya cl
5855,43446484,TEF ENVIADA SUPERMERCADO DIA,33.38,Alimentación,tef enviada supermercado dia
5856,80865061,TEF ENVIADA LIDER EXPRESS,20.75,Alimentación,tef enviada lider express
5857,99802365,PAGO WEB OPTICA VISION,58.93,Salud,pago web optica vision
5858,63963968,CARGO TC LIDER EXPRESS,12.49,Alimentación,cargo tc lider express
5859,72456068,ABONO DIDI RIDE,6.55,Transporte,abono didi ride
5860,14060890,PAGO WEB REPARACIONES HOGAR,353.24,Vivienda,pago web reparaciones hogar
5861,42383040,PAGO AUTOmATIC0 SHELL RUTA 5,18.64,Transporte,pago automatic shell ruta 
5862,97317744,DEBITO ESTACIONAMIENTO,44.35,Transporte,debito estacionamiento
5863,97067062,PAGO WEB EASY PORTAL,106.68,Vivienda,pago web easy portal
5864,66152645,ABONO OPTICA VISION,36.33,Salud,abono optica vision
5865,38146386,TEF ENVIADA LIDER EXPRESS,34.9,Alimentación,tef enviada lider express
5866,84839893,PAGO WEB MERCADO CENTRAL,54.72,Alimentación,pago web mercado central
5867,52808737,PAGO AUTOMATICO UDEMY COURSES,107.57,Educación,pago automatico udemy courses
5868,54470247,PAGO WEB CONSULTA ESPECIALISTA,81.9,Salud,pago web consulta especialista
5869,49789085,CARGO TC ARRIENDO DEPT,77.97,Vivienda,cargo tc arriendo dept
5870,80095667,DEBITO MCDONALDS WEB,14.68,Alimentación,debito mcdonalds web
5871,80237690,TEF ENVIADA SHELL RUTA 5,43.77,Transporte,tef enviada shell ruta 
5872,62360117,PAGO WEB SERVICIOS GENERALeS,256.27,Vivienda,pago web servicios generales
5873,33569051,PAGO WEB COMPRA EN AMAZON,34.53,Ocio,pago web compra en amazon
5874,14832287,CARGO TC PEAJE TAG,23.06,Transporte,cargo tc peaje tag
5875,32489763,COMPRA TBK ALMACEN VECINAL,49.8,Alimentación,compra tbk almacen vecinal
5876,22236743,ABONO TIENDA ONLINE,120.97,Educación,abono tienda online
5877,12250909,TEF ENVIADA VTR BANDA ANCHA,39.12,Servicios,tef enviada vtr banda ancha
5878,49323096,PAGO WEB SERVICIOS GENERALES,94.37,Vivienda,pago web servicios generales
5879,67374828,PAGO WEB PAGO CUOTAS,380.66,Vivienda,pago web pago cuotas
5880,73243159,ABONO ENTRETENIMIENTO PLUS,12.92,Ocio,abono entretenimiento plus
5881,30071352,COMPRA TBK SERVICIOS GENERALES,52.2,Vivienda,compra tbk servicios generales
5882,46055930,PAGO WEB PAGO CUOTAS,203.17,Vivienda,pago web pago cuotas
5883,82067400,PAGO AUTOMATICO JUMBO BILBAO,17.52,Alimentación,pago automatico jumbo bilbao
5884,95444170,DEBITO CARGA BIP WEB,43.73,Transporte,debito carga bip web
5885,33284663,CARGO TC ARRIENDO DEPT,117.51,Vivienda,cargo tc arriendo dept
5886,70789372,ABONO CINEMARK ONLINE,32.48,Ocio,abono cinemark online
5887,38583750,COMPRA TBK NETFLIX.COM,23.68,Ocio,compra tbk netflixcom
5888,26888229,TEF ENVIADA OPTICA VISION,118.63,Salud,tef enviada optica vision
5889,70151314,TEF ENVIADA UBER TRIP,55.75,Transporte,tef enviada uber trip
5890,44168310,DEBITO PRONTO COPEC,7.3,Alimentación,debito pronto copec
5891,48970622,CARGO TC CINEMARK ONLINE,54.95,Ocio,cargo tc cinemark online
5892,71492303,PAGO WEB SISTEMA DUOC,100.89,Educación,pago web sistema duoc
5893,84882431,COMPRA TBK FARMACIA AHUMADA,85.24,Salud,compra tbk farmacia ahumada
5894,95581492,ABONO PEDIDOSYA CL,48.14,Alimentación,abono pedidosya cl
5895,41252151,ABONO CENTRO MEDICO,83.87,Salud,abono centro medico
5896,49865345,PAGO AUTOMATICO SERVICIO TECNICO,144.95,Servicios,pago automatico servicio tecnico
5897,77036526,DEBITO EXAMENES MED,114.46,Salud,debito examenes med
5898,19469477,DEBITO UBER TRIP,58.07,Transporte,debito uber trip
5899,57278097,PAGO WEB CARGA BIP WEB,34.41,Transporte,pago web carga bip web
5900,51981391,COMPR4 TBK EVENTO D3PORTIVO,37.05,Ocio,compr tbk evento dportivo
5901,14264600,TEF ENVIADA LIBRERIA UNIVERSITARIA,78.35,Educación,tef enviada libreria universitaria
5902,37693007,PAGO WEB DELIVERY COMIDA,8.25,Alimentación,pago web delivery comida
5903,42875162,TEF ENVIADA COPEC SANTIAGO,36.68,Transporte,tef enviada copec santiago
5904,77720164,TEF ENVIADA LIDER EXPRESS,32.43,Alimentación,tef enviada lider express
5905,43252591,TEF ENVIADA TALLER AUTOMOTRIZ,59.82,Servicios,tef enviada taller automotriz
5906,83566672,CARGO TC UDEMY COURSES,118.51,Educación,cargo tc udemy courses
5907,25699176,PAGO WEB JUMBO BILBAO,25.13,Alimentación,pago web jumbo bilbao
5908,36538490,PAGO AUTOMATICO DIDI RIDE,22.93,Transporte,pago automatico didi ride
5909,70378084,TEF ENVIADA SODIMAC HOME,221.85,Vivienda,tef enviada sodimac home
5910,61133143,COMPRA TBK CURSO IDIOMAS,61.21,Educación,compra tbk curso idiomas
5911,88029629,PAGO AUTOMATICO REPARACIONES HOGAR,283.73,Vivienda,pago automatico reparaciones hogar
5912,56071537,PAGO AUTOMATICO CONSULTA ESPECIALISTA,95.62,Salud,pago automatico consulta especialista
5913,53514748,COMPRA TBK CONSULTA ESPECIALISTA,135.52,Salud,compra tbk consulta especialista
5914,94764033,TEF ENVIADA TAXI APP,9.56,Transporte,tef enviada taxi app
5915,48416466,PAGO WEB PRONTO COPEC,54.37,Alimentación,pago web pronto copec
5916,31535727,PAGO WEB SISTEMA DUOC,106.56,Educación,pago web sistema duoc
5917,18281633,TEF ENVIADA AUTOPISTA CENTRAL,56.83,Transporte,tef enviada autopista central
5918,32015136,DEBITO MERCADO CENTRAL,47.62,Ocio,debito mercado central
5919,19006154,DEBITO VERDULERIA DON PEPE,38.56,Alimentación,debito verduleria don pepe
5920,60232443,COMPRA TBK CINEMARK ONLINE,32.03,Ocio,compra tbk cinemark online
5921,37448798,CARGO TC BAR LA ESQUINA,7.22,Ocio,cargo tc bar la esquina
5922,61770098,TEF ENVIADA BANCO DEL ESTADO,117.1,Servicios,tef enviada banco del estado
5923,58637294,T3F ENVIADA OPTIC4 VISIOn,105.65,Salud,tf enviada optic vision
5924,32619894,DEBITO UBER TRIP,45.58,Transporte,debito uber trip
5925,33202555,COMPRA TBK EXAMENES MED,91.58,Salud,compra tbk examenes med
5926,12959768,TEF ENVIADA TALLER AUTOMOTRIZ,90.62,Servicios,tef enviada taller automotriz
5927,84044876,ABONO MCDONALDS WEB,54.56,Alimentación,abono mcdonalds web
5928,52544938,CARGO TC CLINICA INDISA,91.62,Salud,cargo tc clinica indisa
5929,74216857,CARGO TC JUMBO BILBAO,38.43,Alimentación,cargo tc jumbo bilbao
5930,97967344,TEF ENVIADA FARMACIA AHUMADA,43.13,Salud,tef enviada farmacia ahumada
5931,21588880,CARGO TC AUTOPISTA CENTRAL,35.45,Transporte,cargo tc autopista central
5932,50614898,ABONO COLEGIO MENSUALIDAD,113.74,Educación,abono colegio mensualidad
5933,59243110,CARGO TC STEAM GAMES,31.01,Ocio,cargo tc steam games
5934,93673042,PAGO WEB DIDI RIDE,28.78,Transporte,pago web didi ride
5935,21701669,PAGO AUTOMATICO ESTACIONAMIENTO,15.21,Transporte,pago automatico estacionamiento
5936,25635996,ABONO CARGA BIP WEB,13.29,Transporte,abono carga bip web
5937,37355760,PAGO WEB VTR BANDA ANCHA,80.35,Servicios,pago web vtr banda ancha
5938,50978736,COMPRA TBK COPEC SANTIAGO,35.83,Transporte,compra tbk copec santiago
5939,16810112,PAGO WEB GASOLINERA,35.58,Transporte,pago web gasolinera
5940,60982086,DEBITO MERCADO CENTRAL,42.26,Ocio,debito mercado central
5941,86810005,TEF ENVIADA CONSULTA ESPECIALISTA,25.08,Salud,tef enviada consulta especialista
5942,39119632,PAGO WEB UDEMY COURSES,36.91,Educación,pago web udemy courses
5943,37769263,DEBITO HOME CENTER,82.94,Vivienda,debito home center
5944,94025036,ABONO DIDI RIDE,26.93,Transporte,abono didi ride
5945,19288498,DEBITO PRONTO COPEC,55.12,Alimentación,debito pronto copec
5946,83531963,ABONO JUMBO BILBAO,54.61,Alimentación,abono jumbo bilbao
5947,74308224,COMPRA TBK SUPERMERCADO DIA,20.98,Alimentación,compra tbk supermercado dia
5948,37641369,COMPRA TBK CRUZ VERDE LOCAL,119.44,Salud,compra tbk cruz verde local
5949,45365918,CARGO TC ALMACEN VECINAL,37.58,Alimentación,cargo tc almacen vecinal
5950,79691029,PAGO AUTOMATICO SODIMAC HOME,216.16,Vivienda,pago automatico sodimac home
5951,76562797,COMPRA TBK REPARACIONES HOGAR,208.82,Vivienda,compra tbk reparaciones hogar
5952,97646698,CARGO TC VTR BANDA ANCHA,74.29,Servicios,cargo tc vtr banda ancha
5953,38047152,ABONO SHELL RUTA 5,11.47,Transporte,abono shell ruta 
5954,96233514,DEBITO ALMACEN VECINAL,32.71,Alimentación,debito almacen vecinal
5955,17364562,DEBITO LIDER EXPRESS,22.35,Alimentación,debito lider express
5956,35228013,ABONO EVENTO DEPORTIVO,46.78,Ocio,abono evento deportivo
5957,18110368,ABONO PAGO CUOTAS,69.43,Educación,abono pago cuotas
5958,63313041,COMPRA TBK SERVICIO5 GENERaLE5,106.1,Servicios,compra tbk servicio generale
5959,71902897,ABONO UBER TRIP,8.26,Transporte,abono uber trip
5960,80184456,DEBITO EASY PORTAL,336.58,Vivienda,debito easy portal
5961,18818288,PAGO WEB ENEL DISTRIBUCION,48.41,Servicios,pago web enel distribucion
5962,34508920,PAGO AUTOMATICO TIENDA ONLINE,16.89,Alimentación,pago automatico tienda online
5963,55317976,ABONO COPEC SANTIAGO,53.93,Transporte,abono copec santiago
5964,82707266,CARGO TC SERVICIOS GENERALES,107.09,Servicios,cargo tc servicios generales
5965,32964588,PAGO WEB SISTEMA DUOC,44.08,Educación,pago web sistema duoc
5966,35032163,ABONO CRUZ VERDE LOCAL,29.9,Salud,abono cruz verde local
5967,28974799,PAGO WEB SERVICIO TECNICO,106.03,Servicios,pago web servicio tecnico
5968,52461787,DEBITO PLATAFORMA APRENDIZAJE,149.85,Educación,debito plataforma aprendizaje
5969,87323948,PAGO WEB ALMACEN VECINAL,57.51,Alimentación,pago web almacen vecinal
5970,79710035,TEF ENVIADA ENEL DISTRIBUCION,130.67,Servicios,tef enviada enel distribucion
5971,85268458,PAGO AUTOMATICO GASCO LIQUADO,137.24,Servicios,pago automatico gasco liquado
5972,85509858,TEF ENVIADA CURSO IDIOMAS,127.77,Educación,tef enviada curso idiomas
5973,14367654,TEF ENVIADA UBER TRIP,19.2,Transporte,tef enviada uber trip
5974,79643140,CARGO TC TAXI APP,22.12,Transporte,cargo tc taxi app
5975,74371900,PAGO WEB PINTURAS SHERWIN,380.31,Vivienda,pago web pinturas sherwin
5976,21856328,PAGO AUTOMATICO FARMACIA AHUMADA,28.24,Salud,pago automatico farmacia ahumada
5977,56332924,COMPRA TBK ARRIENDO DEPT,361.59,Vivienda,compra tbk arriendo dept
5978,26351514,PAGO AUTOMATICO CURSO IDIOMAS,46.42,Educación,pago automatico curso idiomas
5979,24885838,COMPRA TBK LIBRERIA UNIVERSITARIA,114.9,Educación,compra tbk libreria universitaria
5980,68976931,ABONO EXAMENES MED,34.96,Salud,abono examenes med
5981,60901352,DEBITO PRONTO COPEC,54.04,Alimentación,debito pronto copec
5982,23687185,PAGO WEB VERDULERIA DON PEPE,21.88,Alimentación,pago web verduleria don pepe
5983,79309635,PAGO AUTOMATICO ALMACEN VECINAL,38.42,Alimentación,pago automatico almacen vecinal
5984,55605194,ABONO SODIMAC HOME,298.25,Vivienda,abono sodimac home
5985,33548492,CARGO TC CENTRO MEDICO,113.81,Salud,cargo tc centro medico
5986,44291014,PAGO AUTOMATICO SISTEMA DUOC,139.49,Educación,pago automatico sistema duoc
5987,45825055,PAGO AUTOMATICO GASCO LIQUADO,122.97,Servicios,pago automatico gasco liquado
5988,94809946,ABONO CARGA BIP WEB,42.73,Transporte,abono carga bip web
5989,65065698,ABONO CONSULTA ESPECIALISTA,120.31,Salud,abono consulta especialista
5990,21574000,TEF ENVIADA JUMBO BILBAO,10.1,Alimentación,tef enviada jumbo bilbao
5991,30110622,TEF ENVIADA CONDOMINIO GGCC,384.76,Vivienda,tef enviada condominio ggcc
5992,45843604,ABONO PAGO CUOTAS,106.18,Educación,abono pago cuotas
5993,69729673,DEBITO SPOTIFY PREMIUM,45.91,Ocio,debito spotify premium
5994,41105502,PAGO AUTOMATICO GASCO LIQUADO,84.91,Servicios,pago automatico gasco liquado
5995,94688822,PAGO WEB NETFLIX.COM,29.8,Ocio,pago web netflixcom
5996,91142579,TEF ENVIADA TIENDA ONLINE,90.3,Servicios,tef enviada tienda online
5997,19346008,COMPRA TBK REPARACIONES HOGAR,116.14,Vivienda,compra tbk reparaciones hogar
5998,12585103,ABONO CLARO TELECOM,43.68,Servicios,abono claro telecom
5999,46508589,DEBITO PAGO CUOTAS,36.43,Servicios,debito pago cuotas
6000,12093223,ABONO EVENTO DEPORTIVO,43.01,Ocio,abono evento deportivo
6001,98686570,PAGO WEB ESTACIONAMIENTO,36.7,Transporte,pago web estacionamiento
6002,89714295,CARGO TC SPOTIFY PREMIUM,57.51,Ocio,cargo tc spotify premium
6003,67411199,PAGO WEB EXAMENES MED,90.65,Salud,pago web examenes med
6004,73884837,ABONO CLINICA INDISA,127.96,Salud,abono clinica indisa
6005,73706533,ABONO RESTAURANT FANCY,23.85,Ocio,abono restaurant fancy
6006,18970696,COMPRA TBK UDEMY COURSES,100.77,Educación,compra tbk udemy courses
6007,87840684,CARGO TC ARRIENDO DEPT,281.79,Vivienda,cargo tc arriendo dept
6008,52016122,PAGO WEB CONSULTA ESPECIALISTA,104.38,Salud,pago web consulta especialista
6009,40595328,DEBITO TALLER AUTOMOTRIZ,125.26,Servicios,debito taller automotriz
6010,75285294,DEBITO PINTURAS SHERWIN,301.45,Vivienda,debito pinturas sherwin
6011,84649979,ABONO ENTRETEN1MIENTO PLUS,58.13,Ocio,abono entretenmiento plus
6012,48100365,DEBITO MCDONALDS WEB,39.99,Alimentación,debito mcdonalds web
6013,42132750,PAGO AUTOMATICO OPTICA VISION,15.73,Salud,pago automatico optica vision
6014,48711031,PAGO WEB EXAMENES MED,34.32,Salud,pago web examenes med
6015,42913331,ABONO ENTRETENIMIENTO PLUS,22.24,Ocio,abono entretenimiento plus
6016,82722091,ABONO CLINICA INDISA,38.28,Salud,abono clinica indisa
6017,73333581,TEF ENVIADA ESTACIONAMIENTO,44.21,Transporte,tef enviada estacionamiento
6018,84463328,DEBITO TALLER AUTOMOTRIZ,27.46,Servicios,debito taller automotriz
6019,53716254,TEF ENVIADA COPEC SANTIAGO,25.81,Transporte,tef enviada copec santiago
6020,21111564,DEBITO EVENTO DEPORTIVO,23.79,Ocio,debito evento deportivo
6021,18690503,DEBITO MATRICULA UNIV,127.01,Educación,debito matricula univ
6022,80026835,COMPRA TBK SERVICIOS GENERALES,120.66,Servicios,compra tbk servicios generales
6023,75450100,DEBITO FARMACIA AHUMADA,111.88,Salud,debito farmacia ahumada
6024,50358836,PAGO AUTOMATICO LIDER EXPRESS,56.32,Alimentación,pago automatico lider express
6025,20969062,PAGO AUTOMATICO EXAMENES MED,145.5,Salud,pago automatico examenes med
6026,87384890,TEF ENVIADA TIENDA ONLINE,74.05,Educación,tef enviada tienda online
6027,50530217,TEF ENVIADA CLARO TELECOM,132.24,Servicios,tef enviada claro telecom
6028,99994804,DEBITO ARRIENDO DEPT,230.66,Vivienda,debito arriendo dept
6029,76711804,DEBITO PLATAFORMA APRENDIZAJE,150.0,Educación,debito plataforma aprendizaje
6030,76515217,CARGO TC EVENTO DEPORTIVO,30.22,Ocio,cargo tc evento deportivo
6031,26240296,PAGO WEB MERCADO CENTRAL,39.79,Alimentación,pago web mercado central
6032,22724752,TEF ENVIADA INTEGRAMEDICA,31.96,Salud,tef enviada integramedica
6033,14133133,DEBITO BANCO DEL ESTADO,87.08,Servicios,debito banco del estado
6034,88591987,PAGO AUTOMATICO UBER TRIP,8.32,Transporte,pago automatico uber trip
6035,29918252,PAGO AUTOMATICO SERVICIOS GENERALES,239.4,Vivienda,pago automatico servicios generales
6036,86650519,PAGO WEB INTEGRAMEDICA,100.52,Salud,pago web integramedica
6037,64024116,COMPRA TBK OPTICA VISION,116.12,Salud,compra tbk optica vision
6038,10156208,TEF ENVIADA MERCADO CENTRAL,50.6,Ocio,tef enviada mercado central
6039,89688746,COMPRA TBK ESTACIONAMIENTO,51.35,Transporte,compra tbk estacionamiento
6040,75420157,COMPRA TBK MERCADO CENTRAL,33.61,Alimentación,compra tbk mercado central
6041,65957373,DEBITO TIENDA ONLINE,55.55,Alimentación,debito tienda online
6042,87851729,ABONO TIENDA ONLINE,17.36,Ocio,abono tienda online
6043,14714118,ABONO MERCADO CENTRAL,36.39,Alimentación,abono mercado central
6044,89707590,CARGO TC SISTEMA DUOC,31.64,Educación,cargo tc sistema duoc
6045,82588295,PAGO AUTOMATICO TIENDA ONLINE,29.21,Ocio,pago automatico tienda online
6046,17954437,PAGO WEB CONDOMINIO GGCC,348.35,Vivienda,pago web condominio ggcc
6047,55676146,DEBITO CLARO TELECOM,65.3,Servicios,debito claro telecom
6048,58378863,PAGO AUTOMATICO CONDOMINIO GGCC,286.94,Vivienda,pago automatico condominio ggcc
6049,23819442,PAGO WEB SUPERMERCADO DIA,29.57,Alimentación,pago web supermercado dia
6050,56979557,PAGO AUTOMATICO LIBRERIA UNIVERSITARIA,10.49,Educación,pago automatico libreria universitaria
6051,27767325,TEF ENVIADA ENEL DISTRIBUCION,115.67,Servicios,tef enviada enel distribucion
6052,63311538,PAGO AUTOMATICO MCDONALDS WEB,38.63,Alimentación,pago automatico mcdonalds web
6053,62202645,TEF ENVIADA COPEC SANTIAGO,41.48,Transporte,tef enviada copec santiago
6054,59823902,TEF ENVIADA CONSULTA ESPECIALISTA,143.34,Salud,tef enviada consulta especialista
6055,14430199,COMPRA TBK DIDI RIDE,59.95,Transporte,compra tbk didi ride
6056,61150012,ABONO PINTURAS SHERWIN,129.49,Vivienda,abono pinturas sherwin
6057,96878614,PAGO WEB VERDULERIA DON PEPE,13.17,Alimentación,pago web verduleria don pepe
6058,26397602,DEBITO SERVICIOS GENERALES,93.8,Vivienda,debito servicios generales
6059,94943303,TEF ENVIADA MERCADO CENTRAL,36.61,Ocio,tef enviada mercado central
6060,38177866,DEBITO JUMBO BILBAO,26.97,Alimentación,debito jumbo bilbao
6061,36054686,PAGO WEB TALLER AUTOMOTRIZ,29.04,Servicios,pago web taller automotriz
6062,27383675,TEF ENVIADA ARRIENDO DEPT,102.31,Vivienda,tef enviada arriendo dept
6063,79744293,TEF ENVIADA CENTRO MEDICO,42.32,Salud,tef enviada centro medico
6064,34996513,PAGO AUTOMATICO DIDI RIDE,23.54,Transporte,pago automatico didi ride
6065,73288368,COMPRA TBK SISTEMA DUOc,125.44,Educación,compra tbk sistema duoc
6066,88392196,COMPRA TBK NETFLIX.COM,22.17,Ocio,compra tbk netflixcom
6067,14567341,CARGO TC STEAM GAMES,16.24,Ocio,cargo tc steam games
6068,41302468,CARGO TC SODIMAC HOME,360.41,Vivienda,cargo tc sodimac home
6069,79073602,DEBITO SHELL RUTA 5,16.58,Transporte,debito shell ruta 
6070,21071555,PAGO AUTOMATICO CONSULTA ESPECIALISTA,27.9,Salud,pago automatico consulta especialista
6071,11696688,PAGO WEB EVENTO DEPORTIVO,19.82,Ocio,pago web evento deportivo
6072,96129879,COMPRA TBK ESTACIONAMIENTO,39.45,Transporte,compra tbk estacionamiento
6073,66501165,DEBITO BANCO DEL ESTADO,89.99,Servicios,debito banco del estado
6074,97583530,COMPRA TBK HOME CENTER,269.74,Vivienda,compra tbk home center
6075,51226745,ABONO CONSULTA ESPECIALISTA,52.34,Salud,abono consulta especialista
6076,99347103,COMPRA TBK VTR BANDA ANCHA,107.54,Servicios,compra tbk vtr banda ancha
6077,31118080,PAGO AUTOMATICO GASCO LIQUADO,70.91,Servicios,pago automatico gasco liquado
6078,94455026,TEF ENVIADA PEDIDOSYA CL,50.31,Alimentación,tef enviada pedidosya cl
6079,58675339,PAGO AUTOMATICO GASOLINERA,38.92,Transporte,pago automatico gasolinera
6080,38640008,PAGO WEB CLINICA INDISA,98.99,Salud,pago web clinica indisa
6081,92357224,TEF ENVIADA UDEMY COURSES,137.42,Educación,tef enviada udemy courses
6082,38350393,ABONO HOME CENTER,78.11,Vivienda,abono home center
6083,89706929,TEF ENVIADA CRUZ VERDE LOCAL,81.37,Salud,tef enviada cruz verde local
6084,56364889,ABONO TIENDA ONLINE,121.7,Servicios,abono tienda online
6085,14006860,DEBITO AGUAS ANDINAS,27.89,Servicios,debito aguas andinas
6086,97154338,PAGO AUTOMATICO VERDULERIA DON PEPE,33.82,Alimentación,pago automatico verduleria don pepe
6087,66042762,ABONO ENTrETEN1mIENTO PLUS,30.91,Ocio,abono entretenmiento plus
6088,81389374,ABONO CLARO TELECOM,70.0,Servicios,abono claro telecom
6089,92629508,PAGO WEB PEAJE TAG,9.9,Transporte,pago web peaje tag
6090,34856921,TEF ENVIADA NETFLIX.COM,22.07,Ocio,tef enviada netflixcom
6091,23846353,PAGO AUTOMATICO SERVICIOS GENERALES,55.54,Servicios,pago automatico servicios generales
6092,69292856,TEF ENVIADA PAGO CUOTAS,51.29,Educación,tef enviada pago cuotas
6093,44516913,TEF ENVIADA PAGO CUOTAS,96.11,Educación,tef enviada pago cuotas
6094,85548770,COMPRA TBK LIBRERIA UNIVERSITARIA,58.7,Educación,compra tbk libreria universitaria
6095,98922266,PAGO AUTOMATICO CLARO TELECOM,101.41,Servicios,pago automatico claro telecom
6096,75847258,PAGO AUTOMATICO SHELL RUTA 5,16.95,Transporte,pago automatico shell ruta 
6097,12107242,DEBITO MCDONALDS WEB,41.42,Alimentación,debito mcdonalds web
6098,60471653,TEF ENVIADA EVENTO DEPORTIVO,17.18,Ocio,tef enviada evento deportivo
6099,98155778,CARGO TC CINEMARK ONLINE,48.71,Ocio,cargo tc cinemark online
6100,37448209,TEF ENVIADA UBER TRIP,20.68,Transporte,tef enviada uber trip
6101,90314481,CARGO TC CURSO IDIOMAS,147.16,Educación,cargo tc curso idiomas
6102,87881220,COMPRA TBK SERVICIOS GENERALES,93.34,Vivienda,compra tbk servicios generales
6103,67819841,CARGO TC UDEMY COURSES,65.49,Educación,cargo tc udemy courses
6104,30703342,DEBITO NETFLIX.COM,27.73,Ocio,debito netflixcom
6105,86640968,ABONO OPTICA VISION,97.91,Salud,abono optica vision
6106,58730067,PAGO WEB ESTACIONAMIENTO,39.66,Transporte,pago web estacionamiento
6107,17822156,PAGO AUTOMATICO FARMACIA AHUMADA,120.16,Salud,pago automatico farmacia ahumada
6108,22982543,PAGO WEB UDEMY COURSES,138.58,Educación,pago web udemy courses
6109,24420665,DEBITO CONSULTA ESPECIALISTA,12.03,Salud,debito consulta especialista
6110,46493821,ABONO OPTICA VISION,68.59,Salud,abono optica vision
6111,38643142,CARGO TC LIBRERIA UNIVERSITARIA,106.41,Educación,cargo tc libreria universitaria
6112,17644959,PAGO AUTOMATICO PEAJE TAG,45.93,Transporte,pago automatico peaje tag
6113,86853073,TEF ENVIADA SERVICIO TECNICO,14.2,Servicios,tef enviada servicio tecnico
6114,21794480,PAGO AUTOMATICO CENTRO MEDICO,87.44,Salud,pago automatico centro medico
6115,70312070,ABONO HOME CENTER,204.89,Vivienda,abono home center
6116,41727657,ABONO TIENDA ONLINE,146.73,Educación,abono tienda online
6117,15824520,ABONO INTEGRAMEDICA,94.87,Salud,abono integramedica
6118,77560361,CARGO TC HOME CENTER,64.2,Vivienda,cargo tc home center
6119,16050375,COMPRA TBK AUTOPISTA CENTRAL,33.13,Transporte,compra tbk autopista central
6120,91639259,CARGO TC PAGO CUOTAS,143.32,Educación,cargo tc pago cuotas
6121,41164601,TEF ENVIADA CARGA BIP WEB,24.71,Transporte,tef enviada carga bip web
6122,25045536,PAGO WEB PAGO CUOTAS,36.13,Educación,pago web pago cuotas
6123,41559219,CARGO TC DELIVERY COMIDA,32.74,Alimentación,cargo tc delivery comida
6124,38128942,PAGO WEB JUMBO BILBAO,23.16,Alimentación,pago web jumbo bilbao
6125,67333327,PAGO WEB CENTRO MEDICO,10.1,Salud,pago web centro medico
6126,44837154,TEF ENVIADA CRUZ VERDE LOCAL,71.78,Salud,tef enviada cruz verde local
6127,26445117,DEBITO SERVICIOS GENERALES,279.98,Vivienda,debito servicios generales
6128,25541386,COMPRA TBK VERDULERIA DON PEPE,49.69,Alimentación,compra tbk verduleria don pepe
6129,64366290,DEBITO ALMACEN VECINAL,43.43,Alimentación,debito almacen vecinal
6130,19412672,DEBITO CENTRO MEDICO,99.39,Salud,debito centro medico
6131,50627426,COMPRA TBK NETFLIX.COM,11.74,Ocio,compra tbk netflixcom
6132,27585494,TEF ENVIADA SISTEMA DUOC,128.31,Educación,tef enviada sistema duoc
6133,39987533,COMPRA TBK SERVICIOS GENERALES,230.47,Vivienda,compra tbk servicios generales
6134,32461373,ABONO CRUZ VERDE LOCAL,92.06,Salud,abono cruz verde local
6135,11551787,TEF ENVIADA SERVICIOS GENERALES,24.83,Servicios,tef enviada servicios generales
6136,57489023,TEF ENVIADA LIDER EXPRESS,52.09,Alimentación,tef enviada lider express
6137,85019197,COMPRA TBK TIENDA ONLINE,8.01,Alimentación,compra tbk tienda online
6138,49621558,ABONO ENTRETENIMIENTO PLUS,38.42,Ocio,abono entretenimiento plus
6139,63844378,COMPRA TBK TIENDA ONLINE,97.57,Servicios,compra tbk tienda online
6140,55102920,COMPRA TBK RESTAURANT FANCY,11.64,Ocio,compra tbk restaurant fancy
6141,89606631,ABONO DELIVERY COMIDA,17.24,Alimentación,abono delivery comida
6142,77332514,PAGO WEB PAGO CUOTAS,70.63,Educación,pago web pago cuotas
6143,81976665,COMPRA TBK EVENTO DEPORTIVO,5.63,Ocio,compra tbk evento deportivo
6144,31868923,PAGO WEB CLINICA INDISA,115.17,Salud,pago web clinica indisa
6145,59075413,DEBITO PAGO CUOTAS,12.42,Servicios,debito pago cuotas
6146,30629028,PAGO WEB SPOTIFY PREMIUM,57.96,Ocio,pago web spotify premium
6147,36133972,ABONO DIDI RIDE,20.37,Transporte,abono didi ride
6148,74156138,T3F ENvIADA CLINICA INDISA,132.19,Salud,tf enviada clinica indisa
6149,84580942,PAGO AUTOMATICO MERCADO CENTRAL,24.18,Alimentación,pago automatico mercado central
6150,62165042,CARGO TC ESTACIONAMIENTO,26.97,Transporte,cargo tc estacionamiento
6151,27623889,PAGO AUTOMATICO MCDONALDS WEB,44.64,Alimentación,pago automatico mcdonalds web
6152,89444680,COMPRA TBK STEAM GAMES,59.82,Ocio,compra tbk steam games
6153,22522836,PAGO AUTOMATICO FARMACIA AHUMADA,33.52,Salud,pago automatico farmacia ahumada
6154,27684484,PAg0 AUTOMATICO T1ENDA ONLINE,52.49,Alimentación,pag automatico tenda online
6155,92487685,ABONO ENTRETENIMIENTO PLUS,51.41,Ocio,abono entretenimiento plus
6156,57939516,COMPRA TBK DIDI RIDE,37.1,Transporte,compra tbk didi ride
6157,28207714,ABONO MERCADO CENTRAL,8.28,Ocio,abono mercado central
6158,48183458,TEF ENVIADA VTR BANDA ANCHA,124.24,Servicios,tef enviada vtr banda ancha
6159,77765893,PAGO WEB CENTRO MEDICO,108.16,Salud,pago web centro medico
6160,48682523,ABONO AGUAS 4NDIN4s,60.3,Servicios,abono aguas ndins
6161,16570385,COMPRA TBK CLINICA INDISA,127.96,Salud,compra tbk clinica indisa
6162,64351228,COMPRA TBK TALLER AUTOMOTRIZ,120.04,Servicios,compra tbk taller automotriz
6163,11789000,DEBITO AGUAS ANDINAS,45.44,Servicios,debito aguas andinas
6164,84062798,AB0NO TI3NDA ONlINE,51.24,Ocio,abno tinda online
6165,47646656,PAGO WEB CENTRO MEDICO,89.25,Salud,pago web centro medico
6166,89272018,ABONO CRUZ VERDE LOCAL,105.21,Salud,abono cruz verde local
6167,77310493,ABONO SERVICIO TECNICO,14.86,Servicios,abono servicio tecnico
6168,45202050,DEBITO VTR BANDA ANCHA,57.67,Servicios,debito vtr banda ancha
6169,95587711,TEF ENVIADA HOME CENTER,241.23,Vivienda,tef enviada home center
6170,75379008,PAGO WEB SERVICIO TECNICO,46.1,Servicios,pago web servicio tecnico
6171,99275671,COMPRA TBK LIBRERIA UNIVERSITARIA,96.61,Educación,compra tbk libreria universitaria
6172,97314329,PAGO WEB PRONTO COPEC,29.37,Alimentación,pago web pronto copec
6173,94168038,CARGO TC CONDOMINIO GGCC,236.78,Vivienda,cargo tc condominio ggcc
6174,21485722,ABONO SERVICIOS GENERALES,357.35,Vivienda,abono servicios generales
6175,28654109,TEF ENVIADA SERvICIO TECNICo,83.42,Servicios,tef enviada servicio tecnico
6176,49391979,COMPRA TBK TIENDA ONLINE,41.98,Ocio,compra tbk tienda online
6177,11922557,CARGO TC HOME CENTER,97.16,Vivienda,cargo tc home center
6178,69859815,PAGO AUTOMATICO BANCO DEL ESTADO,144.02,Servicios,pago automatico banco del estado
6179,28401994,ABONO LIDER EXPRESS,47.28,Alimentación,abono lider express
6180,90096323,PAGO AUTOmATICO PAGO CUOTAS,83.09,Educación,pago automatico pago cuotas
6181,94735220,PAGO WEB CENTRO MEDICO,149.71,Salud,pago web centro medico
6182,26768623,PAGO AUTOMATICO TIENDA ONLINE,26.77,Ocio,pago automatico tienda online
6183,75910491,ABONO CONDOMINIO GGCC,337.53,Vivienda,abono condominio ggcc
6184,58844907,TEF ENVIADA CRUZ VERDE LOCAL,125.06,Salud,tef enviada cruz verde local
6185,29799484,TEF ENVIADA CONDOMINIO GGCC,162.8,Vivienda,tef enviada condominio ggcc
6186,55844895,TEF ENVIADA CLINICA INDISA,125.89,Salud,tef enviada clinica indisa
6187,80126144,COMPRA TBK SODIMAC HOME,343.19,Vivienda,compra tbk sodimac home
6188,24495580,COMPRA TBK CENTRO MEDICO,60.68,Salud,compra tbk centro medico
6189,11107926,CARGO TC ENEL DISTRIBUCION,97.63,Servicios,cargo tc enel distribucion
6190,21765072,CARGO TC STEAM GAMES,15.36,Ocio,cargo tc steam games
6191,65527069,CARGO TC TIENDA ONLINE,5.92,Alimentación,cargo tc tienda online
6192,42507587,CARGO TC SISTEMA DUOC,30.92,Educación,cargo tc sistema duoc
6193,29714433,COMPRA TBK SPOTIFY PREMIUM,55.67,Ocio,compra tbk spotify premium
6194,40362840,CARGO TC LIBRERIA UNIVERSITARIA,111.58,Educación,cargo tc libreria universitaria
6195,20080400,DEBITO CLARO TELECOM,49.35,Servicios,debito claro telecom
6196,39856133,ABONO TIENDA ONLINE,19.59,Alimentación,abono tienda online
6197,72488591,DEBITO GASCO LIQUADO,132.63,Servicios,debito gasco liquado
6198,50766875,TEF ENVIADA HOME CENTER,65.8,Vivienda,tef enviada home center
6199,81256685,COMPRA TBK SHELL RUTA 5,13.1,Transporte,compra tbk shell ruta 
6200,85947039,PAGO AUTOMATICO ALMACEN VECINAL,52.6,Alimentación,pago automatico almacen vecinal
6201,97663449,COMPRA TBK MERCADO CENTRAL,5.85,Ocio,compra tbk mercado central
6202,51705779,PAGO WEB DELIVERY COMIDA,13.94,Alimentación,pago web delivery comida
6203,92752215,PAGO AUTOMATICO REPARACIONES HOGAR,314.19,Vivienda,pago automatico reparaciones hogar
6204,77636982,DEBITO ARRIENDO DEPT,215.71,Vivienda,debito arriendo dept
6205,38616150,ABONO CONSULTA ESPECIALISTA,117.41,Salud,abono consulta especialista
6206,76302269,TEF ENVIADA CLINICA INDISA,125.36,Salud,tef enviada clinica indisa
6207,34921469,CARGO TC AUTOPISTA CENTRAL,12.05,Transporte,cargo tc autopista central
6208,72537554,CARGO TC INTEGRAMEDICA,145.8,Salud,cargo tc integramedica
6209,13387960,ABONO MERCADO CENTRAL,23.21,Ocio,abono mercado central
6210,84359161,CARGO TC CARGA BIP WEB,45.49,Transporte,cargo tc carga bip web
6211,45164479,PAGO AUTOMATICO PEAJE TAG,29.28,Transporte,pago automatico peaje tag
6212,15940582,PAGO AUTOMATICO SERVICIOS GENERALES,236.3,Vivienda,pago automatico servicios generales
6213,77183214,PAGO AUTOMATICO TIENDA ONLINE,72.54,Educación,pago automatico tienda online
6214,73436403,TEF ENVIADA ENTRETENIMIENTO PLUS,22.24,Ocio,tef enviada entretenimiento plus
6215,62348398,ABONO DELIVERY COMIDA,35.55,Alimentación,abono delivery comida
6216,28289061,COMPRA TBK SISTEMA DUOC,65.46,Educación,compra tbk sistema duoc
6217,95304807,DE8ITO D3LIVERY COMIDA,50.05,Alimentación,deito dlivery comida
6218,48407192,COMPRA TBK VERDULERIA DON PEPE,24.55,Alimentación,compra tbk verduleria don pepe
6219,71922800,CARGO TC PAGO CUOTAS,53.66,Educación,cargo tc pago cuotas
6220,92185579,COMPRA TBK DIDI RIDE,51.76,Transporte,compra tbk didi ride
6221,40438117,DEBITO LIDER EXPRESS,17.49,Alimentación,debito lider express
6222,70521942,ABONO CARGA BIP WEB,14.05,Transporte,abono carga bip web
6223,16134838,COMPRA TBK PAGO CUOTAS,311.21,Vivienda,compra tbk pago cuotas
6224,50470393,CARGO TC BANCO DEL ESTADO,93.97,Servicios,cargo tc banco del estado
6225,57774108,DEBITO REPARACIONES HOGAR,334.8,Vivienda,debito reparaciones hogar
6226,81227072,DEBITO TIENDA ONLINE,33.79,Ocio,debito tienda online
6227,27560215,PAGO WEB MERCADO CENTRAL,11.36,Alimentación,pago web mercado central
6228,39172274,PAGO AUTOMATICO MATRICULA UNIV,73.89,Educación,pago automatico matricula univ
6229,48717255,TEF ENVIADA PEAJE TAG,37.09,Transporte,tef enviada peaje tag
6230,32465246,TEF ENVIADA ALMACEN VECINAL,15.24,Alimentación,tef enviada almacen vecinal
6231,15497186,CARGO TC TIENDA ONLINE,140.11,Servicios,cargo tc tienda online
6232,25791975,CARGO TC SODIMAC HOME,393.2,Vivienda,cargo tc sodimac home
6233,84568088,TEF ENVIADA MERCADO CENTRAL,30.48,Ocio,tef enviada mercado central
6234,44338038,DEBITO PAGO CUOTAS,52.23,Vivienda,debito pago cuotas
6235,57412713,PAGO AUTOMATICO ALMACEN VECINAL,27.12,Alimentación,pago automatico almacen vecinal
6236,28689791,PAGO AUTOMATICO DELIVERY COMIDA,13.91,Alimentación,pago automatico delivery comida
6237,34291448,COMPRA TBK MATRICULA UNIV,120.24,Educación,compra tbk matricula univ
6238,38524843,TEF ENVIADA MERCADO CENTRAL,52.23,Ocio,tef enviada mercado central
6239,32150359,ABONO PAGO CUOTAS,77.31,Educación,abono pago cuotas
6240,67265561,ABONO CLARO TELECOM,46.6,Servicios,abono claro telecom
6241,11488932,PAGO WEB GASCO LIQUADO,136.88,Servicios,pago web gasco liquado
6242,67832898,DEBITO RESTAURANT FANCY,36.35,Ocio,debito restaurant fancy
6243,63296865,PAGO AUTOMATICO NETFLIX.COM,6.79,Ocio,pago automatico netflixcom
6244,37163597,TEF ENVIADA CONSULTA ESPECIALISTA,45.33,Salud,tef enviada consulta especialista
6245,47194050,CARGO TC INTEGRAMEDICA,90.96,Salud,cargo tc integramedica
6246,98291620,COMPRA TBK COLEGIO MENSUALIDAD,53.3,Educación,compra tbk colegio mensualidad
6247,45082941,CARGO TC TALLER AUTOMOTRIZ,35.38,Servicios,cargo tc taller automotriz
6248,84803602,DEBITO VERDULERIA DON PEPE,42.52,Alimentación,debito verduleria don pepe
6249,40269419,CARGO TC SODIMAC HOME,326.25,Vivienda,cargo tc sodimac home
6250,55372379,COMPRA TBK FARMACIA AHUMADA,91.11,Salud,compra tbk farmacia ahumada
6251,32403611,PAGO WEB CONSULTA ESPECIALISTA,20.26,Salud,pago web consulta especialista
6252,24012503,PAGO WEB ESTACIONAMIENTO,16.47,Transporte,pago web estacionamiento
6253,62865282,TEF ENVIADA TALLER AUTOMOTRIZ,57.1,Servicios,tef enviada taller automotriz
6254,67400859,PAGO AUTOMATICO CONDOMINIO GGCC,231.88,Vivienda,pago automatico condominio ggcc
6255,58436498,CARGO TC PAGO CUOTAS,325.91,Vivienda,cargo tc pago cuotas
6256,51419377,TEF ENVIADA EASY PORTAL,81.25,Vivienda,tef enviada easy portal
6257,84544238,PAGO WEB FARMACIA AHUMADA,13.29,Salud,pago web farmacia ahumada
6258,68029440,ABONO TIENDA ONLINE,120.13,Educación,abono tienda online
6259,91461049,TEF ENVIADA VTR BANDA ANCHA,11.82,Servicios,tef enviada vtr banda ancha
6260,58763910,ABONO SERVICIOS GENERALES,131.22,Servicios,abono servicios generales
6261,91844569,COMPRA TBK LIDER EXPRESS,10.84,Alimentación,compra tbk lider express
6262,36683779,CARGO TC CRUZ VERDE LOCAL,67.78,Salud,cargo tc cruz verde local
6263,20010731,PAGO WEB OPTICA VISION,46.62,Salud,pago web optica vision
6264,61603147,COMpRA TBK UdEMY COURSES,118.83,Educación,compra tbk udemy courses
6265,91282269,ABONO CLARO TELECOM,12.6,Servicios,abono claro telecom
6266,86596285,ABONO BANCO DEL ESTADO,143.8,Servicios,abono banco del estado
6267,13591830,TEF ENVIADA OPTICA VISION,63.4,Salud,tef enviada optica vision
6268,61956285,PAGO AUTOMATICO PAGO CUOTAS,73.29,Educación,pago automatico pago cuotas
6269,16047114,DEBITO SUPERMERCADO DIA,49.05,Alimentación,debito supermercado dia
6270,51010582,PAGO AUTOMATICO GASCO LIQUADO,41.32,Servicios,pago automatico gasco liquado
6271,61936075,CARGO TC COPEC SANTIAGO,36.22,Transporte,cargo tc copec santiago
6272,93275373,CARGO TC CONDOMINIO GGCC,394.46,Vivienda,cargo tc condominio ggcc
6273,58860094,ABONO DELIVERY COMIDA,24.91,Alimentación,abono delivery comida
6274,75618063,PAGO WEB EVENTO DEPORTIVO,30.68,Ocio,pago web evento deportivo
6275,93023930,DEBITO LIDER EXPRESS,10.27,Alimentación,debito lider express
6276,34546715,TEF ENVIADA PAGO CUOTAS,305.56,Vivienda,tef enviada pago cuotas
6277,88683611,COMPRA TBK TALLER AUTOMOTRIZ,69.36,Servicios,compra tbk taller automotriz
6278,81946170,PAGO WEB CENTRO MEDICO,131.45,Salud,pago web centro medico
6279,14688680,PAGO AUTOMATICO MERCADO CENTRAL,56.03,Ocio,pago automatico mercado central
6280,36906165,DEBITO PLATAFORMA APRENDIZAJE,141.85,Educación,debito plataforma aprendizaje
6281,89344365,PAGO AUTOMATICO PAGO CUOTAS,51.07,Educación,pago automatico pago cuotas
6282,46445736,ABONO DIDI RIDE,53.6,Transporte,abono didi ride
6283,75766986,PAGO AUTOMATICO MCDONALDS WEB,26.76,Alimentación,pago automatico mcdonalds web
6284,57063469,ABONO SERVICIOS GENERALES,258.08,Vivienda,abono servicios generales
6285,69653046,DEBITO CLARO TELECOM,101.82,Servicios,debito claro telecom
6286,88298255,PAGO WEB SERVICIOS GENERALES,271.55,Vivienda,pago web servicios generales
6287,94336667,CARGO TC EASY PORTAL,333.2,Vivienda,cargo tc easy portal
6288,43922400,ABONO CARGA BIP WEB,52.49,Transporte,abono carga bip web
6289,43982285,DEBITO NETFLIX.COM,6.29,Ocio,debito netflixcom
6290,90599864,PAGO AUTOMATICO INTEGRAMEDICA,100.64,Salud,pago automatico integramedica
6291,80359390,DEBITO LIBRERIA UNIVERSITARIA,95.56,Educación,debito libreria universitaria
6292,54663117,DEBITO INTEGRAMEDICA,132.85,Salud,debito integramedica
6293,47535023,ABONO ESTACIONAMIENTO,35.47,Transporte,abono estacionamiento
6294,38979243,PAGO WEB MERCADO cENTRAL,15.93,Alimentación,pago web mercado central
6295,35035590,PAGO AUTOMATICO PLATAFORMA APRENDIZAJE,111.03,Educación,pago automatico plataforma aprendizaje
6296,50660436,PAGO AUTOMATICO ALMACEN VECINAL,58.68,Alimentación,pago automatico almacen vecinal
6297,13915876,DEBITO UDEMY COURSES,76.46,Educación,debito udemy courses
6298,46887920,COMPRA TBK ARRIENDO DEPT,80.58,Vivienda,compra tbk arriendo dept
6299,44570168,TEF ENVIADA VERDULERIA DON PEPE,51.11,Alimentación,tef enviada verduleria don pepe
6300,28945147,COMPRA TBK FARMACIA AHUMADA,67.07,Salud,compra tbk farmacia ahumada
6301,94777249,ABONO SISTEMA DUOC,91.4,Educación,abono sistema duoc
6302,72717139,CARGO TC DIDI RIDE,20.46,Transporte,cargo tc didi ride
6303,62894626,DEBITO PINTURAS SHERWIN,352.32,Vivienda,debito pinturas sherwin
6304,28319454,TEF ENVIADA NETFLIX.COM,54.69,Ocio,tef enviada netflixcom
6305,24959821,PAGO WEB GASOLINERA,23.46,Transporte,pago web gasolinera
6306,87251169,DEBITO COPEC SANTIAGO,20.6,Transporte,debito copec santiago
6307,12838477,COMPRA TBK AGUAS ANDINAS,35.07,Servicios,compra tbk aguas andinas
6308,81580988,COMPRA TBK SERVICIOS GENERALES,88.56,Vivienda,compra tbk servicios generales
6309,50135086,CARGO TC TIENDA ONLINE,146.75,Servicios,cargo tc tienda online
6310,72992763,PAGO AUTOMATICO OPTICA VISION,38.31,Salud,pago automatico optica vision
6311,67326566,ABONO DIDI RIDE,9.8,Transporte,abono didi ride
6312,97952978,CARGO TC INTEGRAMEDICA,61.97,Salud,cargo tc integramedica
6313,55821057,PAGO WEB EVENTO DEPORTIVO,6.26,Ocio,pago web evento deportivo
6314,96077458,DEBITO SERVICIO TECNICO,106.08,Servicios,debito servicio tecnico
6315,13891417,TEF ENVIADA SODIMAC HOME,304.17,Vivienda,tef enviada sodimac home
6316,73142096,PAGO AUTOMATICO PAGO CUOTAS,18.46,Servicios,pago automatico pago cuotas
6317,82712656,ABONO DELIVERY COMIDA,42.41,Alimentación,abono delivery comida
6318,63569894,PAGO WEB MCDONALDS WEB,55.73,Alimentación,pago web mcdonalds web
6319,35179681,PAGO WEB GASCO LIQUADO,78.88,Servicios,pago web gasco liquado
6320,79916334,PAGO WEB CONSULTA ESPECIALISTA,145.15,Salud,pago web consulta especialista
6321,37796680,DEBITO SPOTIFY PREMIUM,55.01,Ocio,debito spotify premium
6322,69846915,PAGO AUTOMATICO ESTACIONAMIENTO,5.49,Transporte,pago automatico estacionamiento
6323,75669891,ABONO MERCADO CENTRAL,36.83,Ocio,abono mercado central
6324,64286033,DEBITO ENEL DISTRIBUCION,128.3,Servicios,debito enel distribucion
6325,45880174,COMPRA TBK FARMACIA AHUMADA,15.72,Salud,compra tbk farmacia ahumada
6326,82187923,PAGO WEB MERCADO CENTRAL,42.44,Alimentación,pago web mercado central
6327,78758442,PAGO WEB OPTICA VISION,145.66,Salud,pago web optica vision
6328,57146553,TEF ENVIADA ENEL DISTRIBUCION,74.74,Servicios,tef enviada enel distribucion
6329,10971584,DEBITO REPARACIONES HOGAR,353.79,Vivienda,debito reparaciones hogar
6330,17751842,PAGO AUTOMATICO CLINICA INDISA,96.01,Salud,pago automatico clinica indisa
6331,77920891,ABONO SHELL RUTA 5,18.47,Transporte,abono shell ruta 
6332,42977898,ABONO TIENDA ONLINE,45.66,Ocio,abono tienda online
6333,53704248,PAGO AUTOMATICO VERDULERIA DON PEPE,46.04,Alimentación,pago automatico verduleria don pepe
6334,15589634,CARGO TC LIBRERIA UNIVERSITARIA,87.12,Educación,cargo tc libreria universitaria
6335,88869512,CARGO TC COMPRA EN AMAZON,16.86,Ocio,cargo tc compra en amazon
6336,55939770,dEBITO UBER TrIP,13.5,Transporte,debito uber trip
6337,31334398,COMPRA TBK UDEMY COURSES,38.94,Educación,compra tbk udemy courses
6338,90277853,TEF ENVIADA NETFLIX.COM,41.21,Ocio,tef enviada netflixcom
6339,90583948,TEF ENVIADA SERVICIOS GENERALES,337.88,Vivienda,tef enviada servicios generales
6340,63626772,CARGO TC DIDI RIDE,24.39,Transporte,cargo tc didi ride
6341,96257313,COMPRA TBK ALMACEN VECINAL,37.62,Alimentación,compra tbk almacen vecinal
6342,18069355,CARGO TC SERVICIO TECNICO,122.6,Servicios,cargo tc servicio tecnico
6343,13456913,TEF ENVIADA EVENTO DEPORTIVO,11.46,Ocio,tef enviada evento deportivo
6344,22538351,PAGO WEB BANCO DEL ESTADO,88.18,Servicios,pago web banco del estado
6345,36907690,COMPRA TBK CRUZ VERDE LOCAL,20.97,Salud,compra tbk cruz verde local
6346,17444588,DEBItO MATRIcULA UNIV,52.13,Educación,debito matricula univ
6347,86049839,ABONO AGUAS ANDINAS,43.25,Servicios,abono aguas andinas
6348,70168124,CARGO TC PEDIDOSYA CL,16.96,Alimentación,cargo tc pedidosya cl
6349,75151093,PAGO AUTOMATICO PLATAFORMA APRENDIZAJE,94.0,Educación,pago automatico plataforma aprendizaje
6350,30181102,ABONO GASOLINERA,19.9,Transporte,abono gasolinera
6351,41769627,DEBITO RESTAURANT FANCY,33.94,Ocio,debito restaurant fancy
6352,31047224,ABONO PEDIDOSYA CL,31.73,Alimentación,abono pedidosya cl
6353,28533215,TEF ENVIADA BANCO DEL ESTADO,71.12,Servicios,tef enviada banco del estado
6354,23215963,PAGO WEB CLINICA INDISA,80.62,Salud,pago web clinica indisa
6355,66210748,CARGO TC AUTOPISTA CENTRAL,47.57,Transporte,cargo tc autopista central
6356,55170101,DEBITO PAGO CUOTAS,136.74,Servicios,debito pago cuotas
6357,78894230,TEF ENVIADA UDEMY COURSES,27.35,Educación,tef enviada udemy courses
6358,77351525,ABONO REPARACIONES HOGAR,208.72,Vivienda,abono reparaciones hogar
6359,49482988,ABONO DELIVERY COMIDA,33.19,Alimentación,abono delivery comida
6360,14086791,DEBITO FARMACIA AHUMADA,81.46,Salud,debito farmacia ahumada
6361,48987676,CARGO TC CARGA BIP WEB,7.26,Transporte,cargo tc carga bip web
6362,65428338,PAGO AUTOMATICO CRUZ VERDE LOCAL,93.39,Salud,pago automatico cruz verde local
6363,38230024,ABONO CONSULTA ESPECIALISTA,61.56,Salud,abono consulta especialista
6364,27999177,ABONO FARMACIA AHUMADA,102.97,Salud,abono farmacia ahumada
6365,69999099,ABONO PAGO CUOTAS,318.67,Vivienda,abono pago cuotas
6366,87097872,PAGO AUTOMATICO PAGO CUOTAS,355.86,Vivienda,pago automatico pago cuotas
6367,39101773,DEBITO EXAMENES MED,82.0,Salud,debito examenes med
6368,43328870,DEBITO CARGA BIP WEB,31.54,Transporte,debito carga bip web
6369,48255107,COMPRA TBK SODIMAC HOME,355.96,Vivienda,compra tbk sodimac home
6370,86395473,PAGO WEB EXAMENES MED,106.32,Salud,pago web examenes med
6371,24163029,CARGO TC PAGO CUOTAS,202.73,Vivienda,cargo tc pago cuotas
6372,66609483,DEBITO DIDI RIDE,41.24,Transporte,debito didi ride
6373,88668146,TEF ENVIADA EASY PORTAL,127.35,Vivienda,tef enviada easy portal
6374,69961970,ABONO MCDONALDS WEB,19.49,Alimentación,abono mcdonalds web
6375,30785579,PAGO AUTOMATICO NETFLIX.COM,55.12,Ocio,pago automatico netflixcom
6376,63324810,TEF ENVIADA ESTACIONAMIENTO,24.82,Transporte,tef enviada estacionamiento
6377,25190188,CARGO TC AGUAS ANDINAS,107.08,Servicios,cargo tc aguas andinas
6378,95492598,COMPRA TBK CARGA BIP WEB,50.05,Transporte,compra tbk carga bip web
6379,55149499,CARGO TC PEDIDOSYA CL,35.56,Alimentación,cargo tc pedidosya cl
6380,55125593,CARGO TC CLARO TELECOM,134.28,Servicios,cargo tc claro telecom
6381,26512272,ABONO CENTRO MEDICO,69.35,Salud,abono centro medico
6382,98318907,TEF ENVIADA SISTEMA DUOC,77.71,Educación,tef enviada sistema duoc
6383,85227790,PAGO AUTOMATICO TALLER AUTOMOTRIZ,124.85,Servicios,pago automatico taller automotriz
6384,16820288,AB0NO PLATAFOrMA ApRENDIZAJE,51.12,Educación,abno plataforma aprendizaje
6385,54242051,COMPRA TBK MERCADO CENTRAL,42.43,Alimentación,compra tbk mercado central
6386,93986371,ABONO PLATAFORMA APRENDIZAJE,110.55,Educación,abono plataforma aprendizaje
6387,61501427,TEF ENVIADA ARRIENDO DEPT,360.51,Vivienda,tef enviada arriendo dept
6388,19202924,DEBITO TIENDA ONLINE,103.55,Servicios,debito tienda online
6389,79478250,PAGO WEB SODIMAC HOME,394.16,Vivienda,pago web sodimac home
6390,21810502,DEBITO PLATAFORMA APRENDIZAJE,14.68,Educación,debito plataforma aprendizaje
6391,24499120,PAGO WEB INTEGRAMEDICA,61.72,Salud,pago web integramedica
6392,48256813,COMPRA TBK UBER TRIP,7.67,Transporte,compra tbk uber trip
6393,41858513,DEBITO SISTEMA DUOC,109.07,Educación,debito sistema duoc
6394,15712965,TEF ENVIADA PAGO CUOTAS,35.89,Educación,tef enviada pago cuotas
6395,82926289,DEBITO DELIVERY COMIDA,35.83,Alimentación,debito delivery comida
6396,18426714,TEF ENVIADA HOME CENTER,245.86,Vivienda,tef enviada home center
6397,70370420,PAGO WEB SISTEMA DUOC,82.76,Educación,pago web sistema duoc
6398,64248213,ABONO TALLER AUTOMOTRIZ,44.79,Servicios,abono taller automotriz
6399,22442660,DEBITO CL1NICA INDISA,35.98,Salud,debito clnica indisa
6400,47325155,PAGO AUTOMATICO TAXI APP,13.19,Transporte,pago automatico taxi app
6401,14024663,CARGO TC TALLER AUTOMOTRIZ,46.07,Servicios,cargo tc taller automotriz
6402,32341047,TEF ENVIADA MERCADO CENTRAL,46.89,Ocio,tef enviada mercado central
6403,89709660,PAGO AUTOMATICO PAGO CUOTAS,119.89,Educación,pago automatico pago cuotas
6404,73669065,DEBITO FARMACIA AHUMADA,72.11,Salud,debito farmacia ahumada
6405,32651219,CARGO TC CLARO TELECOM,53.55,Servicios,cargo tc claro telecom
6406,44526686,DEBITO CURSO IDIOMAS,63.76,Educación,debito curso idiomas
6407,54957494,ABONO SISTEMA DUOC,44.9,Educación,abono sistema duoc
6408,64140124,CARGO TC SERVICIO TECNICO,53.53,Servicios,cargo tc servicio tecnico
6409,30481130,PAGO WEB DIDI RIDE,39.46,Transporte,pago web didi ride
6410,66143204,ABONO TIeNDA ONLIN3,103.47,Servicios,abono tienda onlin
6411,26339021,COMPRA TBK PAGO CUOTAS,102.58,Servicios,compra tbk pago cuotas
6412,29581571,ABONO MATRICULA UNIV,44.02,Educación,abono matricula univ
6413,96651247,DEBITO BANCO DEL ESTADO,29.1,Servicios,debito banco del estado
6414,17040058,PAGO AUTOMATICO HOME CENTER,129.29,Vivienda,pago automatico home center
6415,46217502,PAGO AUTOMATICO DIDI RIDE,7.93,Transporte,pago automatico didi ride
6416,76027043,TEF ENVIADA EASY PORTAL,371.97,Vivienda,tef enviada easy portal
6417,42830668,CARGO TC MERCADO CENTRAL,7.83,Ocio,cargo tc mercado central
6418,53694820,CARGO TC CONSULTA ESPECIALISTA,104.61,Salud,cargo tc consulta especialista
6419,59907517,DEBITO SERVICIOS GENERALES,338.99,Vivienda,debito servicios generales
6420,10285745,PAGO AUTOMATICO HOME CENTER,68.94,Vivienda,pago automatico home center
6421,27685156,COMPRA TBK CONSULTA ESPECIALISTA,138.32,Salud,compra tbk consulta especialista
6422,95784940,DEBITO EVENTO DEPORTIVO,19.05,Ocio,debito evento deportivo
6423,40090457,TEF ENVIADA LIBRERIA UNIVERSITARIA,33.19,Educación,tef enviada libreria universitaria
6424,68303249,PAGO AUTOMATICO PEDIDOSYA CL,24.53,Alimentación,pago automatico pedidosya cl
6425,78464673,TEF 3NVIADA EXAMENES mED,70.38,Salud,tef nviada examenes med
6426,59480527,DEBITO OPTICA VISION,29.22,Salud,debito optica vision
6427,22440409,COMPRA TBK AUTOPISTA CENTRAL,36.44,Transporte,compra tbk autopista central
6428,12912803,DEBITO PLATAFORMA APRENDIZAJE,122.63,Educación,debito plataforma aprendizaje
6429,40037673,DEBITO REPARACIONES HOGAR,160.81,Vivienda,debito reparaciones hogar
6430,35170784,CARGO TC PAGO CUOTAS,137.74,Servicios,cargo tc pago cuotas
6431,73859894,DEBITO VTR BANDA ANCHA,135.87,Servicios,debito vtr banda ancha
6432,89328563,TEF ENVIADA ARRIENDO DEPT,292.14,Vivienda,tef enviada arriendo dept
6433,83546925,TEF ENVIADA PRONTO COPEC,10.27,Alimentación,tef enviada pronto copec
6434,92624794,DEBITO SODIMAC HOME,389.69,Vivienda,debito sodimac home
6435,90951928,COMPrA TBK EVENTO DEPORTIVO,9.48,Ocio,compra tbk evento deportivo
6436,97820518,PAGO AUTOMATICO CONSULTA ESPECIALISTA,118.99,Salud,pago automatico consulta especialista
6437,12809123,CARGO TC CENTRO MEDICO,56.73,Salud,cargo tc centro medico
6438,57157019,COMPRA TBK ESTACIONAMIENTO,38.9,Transporte,compra tbk estacionamiento
6439,38933153,COMPRA TBK EASY PORTAL,160.79,Vivienda,compra tbk easy portal
6440,10837395,COMPRA TBK SISTEMA DUOC,97.85,Educación,compra tbk sistema duoc
6441,67459510,COMPRA TBK REPARACIONES HOGAR,76.88,Vivienda,compra tbk reparaciones hogar
6442,83787492,TEF ENVIADA MATRICULA UNIV,92.27,Educación,tef enviada matricula univ
6443,71726937,ABONO CONSULTA ESPECIALISTA,25.43,Salud,abono consulta especialista
6444,48039789,ABONO ARRIENDO DEPT,136.04,Vivienda,abono arriendo dept
6445,21675412,PAGO AUTOMATICO MATRICULA UNIV,35.15,Educación,pago automatico matricula univ
6446,15803003,CARGO TC SERVICIOS GENERALES,111.44,Vivienda,cargo tc servicios generales
6447,57755049,COMPRA TBK TAXI APP,23.69,Transporte,compra tbk taxi app
6448,70893128,ABONO VERDULERIA DON PEPE,22.92,Alimentación,abono verduleria don pepe
6449,28635581,PAGO AUTOMATICO CLINICA INDISA,135.19,Salud,pago automatico clinica indisa
6450,73494290,PAGO AUTOMATICO STEAM GAMES,46.11,Ocio,pago automatico steam games
6451,11035664,DEBITO ESTACIONAMIENTO,5.42,Transporte,debito estacionamiento
6452,67212446,PAGO WEB CENTRO MEDICO,91.07,Salud,pago web centro medico
6453,33868034,COMPRA TBK OPTICA VISION,21.65,Salud,compra tbk optica vision
6454,90373373,ABONO COLEGIO MENSUALIDAD,38.37,Educación,abono colegio mensualidad
6455,35182374,CARGO TC DIDI RIDE,36.59,Transporte,cargo tc didi ride
6456,59737790,COMPRA TBK DIDI RIDE,20.0,Transporte,compra tbk didi ride
6457,66184000,COMPRA TBK CONSULTA ESPECIALISTA,56.32,Salud,compra tbk consulta especialista
6458,35279301,PAGO AUTOMATICO ENEL DISTRIBUCION,30.34,Servicios,pago automatico enel distribucion
6459,45576654,TEF EnVIADA tIENDA ONLINE,27.67,Alimentación,tef enviada tienda online
6460,54415010,DEBITO PLATAFORMA APRENDIZAJE,113.49,Educación,debito plataforma aprendizaje
6461,50880997,TEF ENVIADA UDEMY COURSES,19.64,Educación,tef enviada udemy courses
6462,50907084,COMPRA TBK BANCO DEL ESTADO,86.21,Servicios,compra tbk banco del estado
6463,48175976,COMPRA TBK PEDIDOSYA CL,26.52,Alimentación,compra tbk pedidosya cl
6464,37257300,TEF ENVIADA INTEGRAMEDICA,116.95,Salud,tef enviada integramedica
6465,59432993,PAGO AUTOMATICO PEDIDOSYA CL,43.49,Alimentación,pago automatico pedidosya cl
6466,10388983,DEBITO ESTACIONAMIENTO,36.77,Transporte,debito estacionamiento
6467,45372671,COMPRA TBK LIBRERIA UNIVERSITARIA,42.66,Educación,compra tbk libreria universitaria
6468,22870422,DEBITO SODIMAC HOME,325.2,Vivienda,debito sodimac home
6469,34687494,PAGO AUTOMATICO PRONTO COPEC,23.76,Alimentación,pago automatico pronto copec
6470,40061384,TEF ENVIADA COMPRA EN AMAZON,52.44,Ocio,tef enviada compra en amazon
6471,70274604,DEBITO COMPRA EN AMAZON,40.31,Ocio,debito compra en amazon
6472,24554667,CARGO TC PAGO CUOTAS,73.56,Servicios,cargo tc pago cuotas
6473,85538332,CARgO Tc CURSO iDIOMAS,43.46,Educación,cargo tc curso idiomas
6474,58732264,COMPRA TBK AGUAS ANDINAS,134.95,Servicios,compra tbk aguas andinas
6475,83577652,ABONO COLEGIO MENSUALIDAD,36.49,Educación,abono colegio mensualidad
6476,38438367,COMPRA TBK ENTRETENIMIENTO PLUS,59.73,Ocio,compra tbk entretenimiento plus
6477,79676741,DEBITO PINTURAS SHERWIN,260.76,Vivienda,debito pinturas sherwin
6478,61768729,DEBITO CLARO TELECOM,59.05,Servicios,debito claro telecom
6479,57639677,CARGO TC ENTRETENIMIENTO PLUS,50.54,Ocio,cargo tc entretenimiento plus
6480,59473772,PAGO WEB RESTAURANT FANCY,30.69,Ocio,pago web restaurant fancy
6481,61297687,ABONO EVENTO DEPORTIVO,52.58,Ocio,abono evento deportivo
6482,11657584,CARGO TC SUPERMERCADO DIA,30.79,Alimentación,cargo tc supermercado dia
6483,34466254,PAGO AUTOMATICO RESTAURANT FANCY,29.76,Ocio,pago automatico restaurant fancy
6484,94769226,PAGO AUTOMATICO MATRICULA UNIv,102.07,Educación,pago automatico matricula univ
6485,78790977,COMPRA TBK AGUAS ANDINAS,130.5,Servicios,compra tbk aguas andinas
6486,39565470,COMPRA TBK LIDER EXPRESS,28.98,Alimentación,compra tbk lider express
6487,47357912,DEBITO SUPERMERCADO DIA,51.44,Alimentación,debito supermercado dia
6488,16571117,COMPRA TBK TIENDA ONLINE,7.69,Alimentación,compra tbk tienda online
6489,99492594,PAGO AUTOMATICO UBER TRIP,14.24,Transporte,pago automatico uber trip
6490,99520328,ABONO PEDIDOSYA CL,42.97,Alimentación,abono pedidosya cl
6491,76540309,ABONO PAGO CUOTAS,324.71,Vivienda,abono pago cuotas
6492,28002846,DEBITO PRONTO COPEC,43.37,Alimentación,debito pronto copec
6493,55077232,COMPRA TBK MATRICULA UNIV,69.75,Educación,compra tbk matricula univ
6494,13781100,PAGO AUTOMATICO COMPRA EN AMAZON,58.03,Ocio,pago automatico compra en amazon
6495,89809367,DEBITO ARRIENDO DEPT,176.71,Vivienda,debito arriendo dept
6496,89569937,DEBITO COMPRA EN AMAZON,49.96,Ocio,debito compra en amazon
6497,26123098,CARGO TC COPEC SANTIAGO,58.4,Transporte,cargo tc copec santiago
6498,86360986,TEF ENVIADA CENTRO MEDICO,140.73,Salud,tef enviada centro medico
6499,81222211,ABONO EVENTO DEPORTIVO,48.03,Ocio,abono evento deportivo
6500,66964115,CARgO TC MAtRICULA UNIV,75.38,Educación,cargo tc matricula univ
6501,58735279,DEBITO CENTRO MEDICO,85.79,Salud,debito centro medico
6502,76657561,DEBITO MATRICULA UNIV,46.7,Educación,debito matricula univ
6503,42045565,PAGO AUTOMATICO PINTURAS SHERWIN,180.84,Vivienda,pago automatico pinturas sherwin
6504,39012524,DEBITO PLATAFORMA APRENDIZAJE,85.19,Educación,debito plataforma aprendizaje
6505,73038815,PAGO WEB CENTRO MEDICO,115.24,Salud,pago web centro medico
6506,20771474,TEF ENVIADA AUTOPISTA CENTRAL,38.64,Transporte,tef enviada autopista central
6507,87568436,CARGO TC VERDULERIA DON PEPE,11.77,Alimentación,cargo tc verduleria don pepe
6508,86315836,COMPRA TBK PAGO CUOTAS,197.08,Vivienda,compra tbk pago cuotas
6509,15042790,TEF ENVIADA SISTEMA DUOC,39.8,Educación,tef enviada sistema duoc
6510,84733958,ABONO ALMACEN VECINAL,16.92,Alimentación,abono almacen vecinal
6511,74081087,PAGO WEB CENTRO MEDICO,62.35,Salud,pago web centro medico
6512,66844655,ABONO AUTOPISTA CENTRAL,42.93,Transporte,abono autopista central
6513,83666820,PAGO WEB MCDONALDS WEB,57.59,Alimentación,pago web mcdonalds web
6514,35004300,PAGO WEB OPTICA VISION,88.19,Salud,pago web optica vision
6515,26404158,CARGO TC ARRIENDO DEPT,208.22,Vivienda,cargo tc arriendo dept
6516,87713290,ABONO MATRICULA UNIV,40.94,Educación,abono matricula univ
6517,11083792,PAGO WEB PAGO CUOTAS,327.63,Vivienda,pago web pago cuotas
6518,68972193,DEBITO LIBRERIA UNIVERSITARIA,62.29,Educación,debito libreria universitaria
6519,53708911,DEBITO BANCO DEL ESTADO,145.16,Servicios,debito banco del estado
6520,85503366,PAGO AUTOMATICO ENTRETENIMIENTO PLUS,9.34,Ocio,pago automatico entretenimiento plus
6521,99834251,COMPRA TBK INTEGRAMEDICA,52.18,Salud,compra tbk integramedica
6522,77498672,TEF ENVIADA CONSULTA ESPECIALISTA,139.5,Salud,tef enviada consulta especialista
6523,57206844,DEBITO LIDER EXPRESS,6.74,Alimentación,debito lider express
6524,93067471,PAGO AUTOMATICO MATRICULA UNIV,48.03,Educación,pago automatico matricula univ
6525,60084669,PAGO AUTOMATICO ALMACEN VECINAL,29.79,Alimentación,pago automatico almacen vecinal
6526,44437861,TEF ENVIADA CENTRO MEDICO,37.59,Salud,tef enviada centro medico
6527,71822279,PAGO AUTOMATICO COLEGIO MENSUALIDAD,146.71,Educación,pago automatico colegio mensualidad
6528,12224351,PAGO WEB PAGO CUOTAS,65.96,Servicios,pago web pago cuotas
6529,87740212,TEF ENVIADA CLARO TELECOM,100.05,Servicios,tef enviada claro telecom
6530,19054179,ABONO EXAMENES MED,12.19,Salud,abono examenes med
6531,73611589,ABONO ESTACIONAMIENTO,19.32,Transporte,abono estacionamiento
6532,30166709,CARGO TC AUTOPISTA CENTRAL,11.31,Transporte,cargo tc autopista central
6533,19529942,ABONO LIDER EXPRESS,32.77,Alimentación,abono lider express
6534,93544060,PAGO AUTOMATICO COMPRA EN AMAZON,40.28,Ocio,pago automatico compra en amazon
6535,94242570,ABONO UBER TRIP,37.24,Transporte,abono uber trip
6536,51162730,CARGO TC OPTICA VISION,121.52,Salud,cargo tc optica vision
6537,77039675,COMPRA TBK SPOTIFY PREMIUM,7.07,Ocio,compra tbk spotify premium
6538,17141809,PAGO AUTOMATICO CARGA BIP WEB,40.37,Transporte,pago automatico carga bip web
6539,31658922,CARGO TC TALLER AUTOMOTRIZ,63.81,Servicios,cargo tc taller automotriz
6540,31832713,CARGO TC CONSULTA ESPECIALISTA,10.45,Salud,cargo tc consulta especialista
6541,43643075,ABONO SHELL RUTA 5,48.62,Transporte,abono shell ruta 
6542,86452557,TEF ENVIADA MATRICULA UNIV,49.83,Educación,tef enviada matricula univ
6543,99443765,ABONO EASY PORTAL,153.29,Vivienda,abono easy portal
6544,93781726,PAGO AUTOMATICO CENTRO MEDICO,139.63,Salud,pago automatico centro medico
6545,98850945,PAGO AUTOMATICO CLARO TELECOM,17.09,Servicios,pago automatico claro telecom
6546,20333657,PAGO WEB ALMACEN VECINAL,7.83,Alimentación,pago web almacen vecinal
6547,55271240,COMPRA TBK PLATAFORMA APRENDIZAJE,28.68,Educación,compra tbk plataforma aprendizaje
6548,32878349,DEBITO FARMACIA AHUMADA,33.16,Salud,debito farmacia ahumada
6549,19042921,PAGO AUTOMATICO SPOTIFY PREMIUM,26.06,Ocio,pago automatico spotify premium
6550,99181984,CARGO TC SUPERMERCADO DIA,50.65,Alimentación,cargo tc supermercado dia
6551,39304014,CARGO TC PLATAFORMA APRENDIZAJE,104.38,Educación,cargo tc plataforma aprendizaje
6552,11655312,CARGO TC SERVICIOS GENERALES,99.17,Vivienda,cargo tc servicios generales
6553,52881821,CARGO TC FARMACIA AHUMADA,87.27,Salud,cargo tc farmacia ahumada
6554,73544573,DEBITO EASY PORTAL,242.08,Vivienda,debito easy portal
6555,50804570,DEBITO UDEMY COURSES,92.97,Educación,debito udemy courses
6556,25588479,ABONO SHELL RUTA 5,40.37,Transporte,abono shell ruta 
6557,88235087,CARGO TC DELIVERY COMIDA,55.08,Alimentación,cargo tc delivery comida
6558,10918028,CARGO TC FARMACIA AHUMADA,115.15,Salud,cargo tc farmacia ahumada
6559,63253760,CARGO TC PEAJE TAG,54.57,Transporte,cargo tc peaje tag
6560,32603398,PAGO WEB SISTEMA DUOC,67.71,Educación,pago web sistema duoc
6561,14097493,COMPRA TBK COPEC SANTIAGO,10.94,Transporte,compra tbk copec santiago
6562,77926084,TEF ENVIADA CRUZ VERDE LOCAL,100.52,Salud,tef enviada cruz verde local
6563,77537883,PAGO AUTOMATICO BAR LA ESQUINA,33.24,Ocio,pago automatico bar la esquina
6564,49902259,PAGO AUTOMATICO PAGO CUOTAS,86.13,Educación,pago automatico pago cuotas
6565,90511561,TEF ENVIADA MERCADO CENTRAL,11.85,Ocio,tef enviada mercado central
6566,53882319,PAGO AUTOMATICO TIENDA ONLINE,57.22,Ocio,pago automatico tienda online
6567,95800609,CARGO TC VERDULERIA DON PEPE,36.72,Alimentación,cargo tc verduleria don pepe
6568,25257745,ABONO INTEGRAMEDICA,88.36,Salud,abono integramedica
6569,79441887,COMPRA TBK LIDER EXPRESS,22.31,Alimentación,compra tbk lider express
6570,81621296,COMPRA TBK DIDI RIDE,47.21,Transporte,compra tbk didi ride
6571,11660253,TEF ENVIADA CARGA BIP WEB,45.0,Transporte,tef enviada carga bip web
6572,62756380,PAGO AUTOMATICO CARGA BIP WEB,31.21,Transporte,pago automatico carga bip web
6573,31219607,TEF ENVIADA DELIVERY COMIDA,5.55,Alimentación,tef enviada delivery comida
6574,43975606,TEF ENVIADA AUTOPISTA CENTRAL,13.74,Transporte,tef enviada autopista central
6575,70154848,PAGO AUTOMATICO PAGO CUOTAS,76.37,Educación,pago automatico pago cuotas
6576,36562095,ABONO PRONTO COPEC,40.85,Alimentación,abono pronto copec
6577,81841782,DEBITO ENTRETENIMIENTO PLUS,32.14,Ocio,debito entretenimiento plus
6578,73050907,DEBITO TIENDA ONLINE,21.63,Ocio,debito tienda online
6579,20071532,PAGO AUTOMATICO CURSO IDIOMAS,15.56,Educación,pago automatico curso idiomas
6580,16946980,TEF ENVIADA RESTAURANT FANCY,6.13,Ocio,tef enviada restaurant fancy
6581,76175581,DE8ITO GASCO LIQUADo,145.31,Servicios,deito gasco liquado
6582,28464221,ABONO CARGA BIP WEB,23.96,Transporte,abono carga bip web
6583,18688111,CARGO TC TAXI APP,29.03,Transporte,cargo tc taxi app
6584,37832419,PAGO WEB BANCO DEL ESTADO,93.09,Servicios,pago web banco del estado
6585,41398029,ABONO SERVICIOS GENERALES,253.33,Vivienda,abono servicios generales
6586,23877852,TEF ENVIADA CLINICA INDISA,122.69,Salud,tef enviada clinica indisa
6587,61180814,PAGO WEB PEAJE TAG,40.65,Transporte,pago web peaje tag
6588,71662308,TEF ENVIADA ENTRETENIMIENTO PLUS,35.21,Ocio,tef enviada entretenimiento plus
6589,15332684,COMPRA TBK HOME CENTER,145.97,Vivienda,compra tbk home center
6590,71284923,CARGO TC STEAM GAMES,47.53,Ocio,cargo tc steam games
6591,59286860,PAGO WEB SHELL RUTA 5,36.83,Transporte,pago web shell ruta 
6592,87658064,DEBITO LIDER EXPRESS,37.62,Alimentación,debito lider express
6593,43480128,DEBITO SPOTIFY PREMIUM,22.19,Ocio,debito spotify premium
6594,60325776,CARGO TC SODIMAc HOM3,52.15,Vivienda,cargo tc sodimac hom
6595,86013187,ABONO TIENDA ONLINE,49.56,Educación,abono tienda online
6596,71212493,TEF ENVIADA PAGO CUOTAS,62.9,Educación,tef enviada pago cuotas
6597,41900887,TEF ENVIADA SERVICIOS GENERALES,241.39,Vivienda,tef enviada servicios generales
6598,91991922,PAGO WEB PEDIDOSYA CL,47.96,Alimentación,pago web pedidosya cl
6599,32993497,DEBITO EXAMENES MED,32.8,Salud,debito examenes med
6600,35357521,CARGO TC CONSULTA ESPECIALISTA,109.12,Salud,cargo tc consulta especialista
6601,49479509,PAGO WEB RESTAURANT FANCY,10.29,Ocio,pago web restaurant fancy
6602,24728229,DEBITO ARRIENDO DEPT,372.25,Vivienda,debito arriendo dept
6603,76824887,COMPRA TBK SPOTIFY PREMIUM,21.97,Ocio,compra tbk spotify premium
6604,67564383,TEF ENVIADA DELIVERY COMIDA,17.62,Alimentación,tef enviada delivery comida
6605,54986376,DEBITO SERVICIO TECNICO,112.76,Servicios,debito servicio tecnico
6606,29107575,PAGO AUTOMATICO FARMACIA AHUMADA,29.69,Salud,pago automatico farmacia ahumada
6607,75345837,PAGO AUTOMATICO CLINICA INDISA,128.06,Salud,pago automatico clinica indisa
6608,15306750,ABONO SERVICIOS GENERALES,149.03,Servicios,abono servicios generales
6609,83147659,TEF ENVIADA UBER TRIP,11.16,Transporte,tef enviada uber trip
6610,80642553,PAGO AUTOMATICO COLEGIO MENSUALIDAD,124.24,Educación,pago automatico colegio mensualidad
6611,51232684,ABONO COMPRA EN AMAZON,42.11,Ocio,abono compra en amazon
6612,28660016,ABONO ENTRETENIMIENTO PLUS,57.48,Ocio,abono entretenimiento plus
6613,52570341,TEF ENVIADA LIDER EXPRESS,57.14,Alimentación,tef enviada lider express
6614,39186650,ABONO ARRIENDO DEPT,74.62,Vivienda,abono arriendo dept
6615,24113692,TEF ENVIADA INTEGRAMEDICA,135.67,Salud,tef enviada integramedica
6616,42311282,PAGO AUTOMATICO TIENDA ONLINE,17.54,Educación,pago automatico tienda online
6617,44818205,ABONO REPARACIONES HOGAR,285.67,Vivienda,abono reparaciones hogar
6618,81477265,TEF ENVIADA JUMBO BILBAO,10.25,Alimentación,tef enviada jumbo bilbao
6619,49975447,TEF ENVIADA ENEL DISTRIBUCION,86.6,Servicios,tef enviada enel distribucion
6620,19089530,DEBItO FARMACIA AHUMADA,80.11,Salud,debito farmacia ahumada
6621,83010869,DEBITO FARMACIA AHUMADA,22.21,Salud,debito farmacia ahumada
6622,66728023,PAGO WEB MCDONALDS WEB,8.45,Alimentación,pago web mcdonalds web
6623,96104629,PAGO AUTOMATICO MERCADO CENTRAL,48.59,Ocio,pago automatico mercado central
6624,86218490,ABONO UBER TRIP,38.36,Transporte,abono uber trip
6625,12764866,TEF ENVIADA SODIMAC HOME,148.04,Vivienda,tef enviada sodimac home
6626,38594436,DEBITO BAR LA ESQUINA,44.83,Ocio,debito bar la esquina
6627,65211598,TEF ENVIADA EXAMENES MED,60.57,Salud,tef enviada examenes med
6628,36746598,4BONO ENEL DISTRIBUC1ON,27.07,Servicios,bono enel distribucon
6629,71097922,CARGO TC CONSULTA ESPECIALISTA,89.97,Salud,cargo tc consulta especialista
6630,29695271,DEBITO COPEC SANTIAGO,42.65,Transporte,debito copec santiago
6631,66809428,PAGO WEB DIDI RIDE,46.53,Transporte,pago web didi ride
6632,75648753,TEF ENVIADA EVENTO DEPORTIVO,25.78,Ocio,tef enviada evento deportivo
6633,90518543,DEBITO AGUAS ANDINAS,134.77,Servicios,debito aguas andinas
6634,70928840,PAGO AUTOMATICO TIENDA ONLINE,78.75,Educación,pago automatico tienda online
6635,39224242,CARGO TC PAGO CUOTAS,225.04,Vivienda,cargo tc pago cuotas
6636,91399222,TEF ENVIADA EASY PORTAL,237.97,Vivienda,tef enviada easy portal
6637,95343826,PAGO WEB SISTEMA DUOC,121.98,Educación,pago web sistema duoc
6638,15212326,PAGO WEB PRONTO COPEC,20.12,Alimentación,pago web pronto copec
6639,77282190,CARGO TC SUPERMERCADO DIA,27.54,Alimentación,cargo tc supermercado dia
6640,71236164,DEBITO COLEGIO MENSUALIDAD,125.96,Educación,debito colegio mensualidad
6641,14109890,COMPRA TBK CARGA BIP WEB,32.42,Transporte,compra tbk carga bip web
6642,15375433,ABONO PAGO CUOTAS,44.72,Educación,abono pago cuotas
6643,52815231,CARGO TC SPOTIFY PREMIUM,33.05,Ocio,cargo tc spotify premium
6644,82388053,PAGO WEB SISTEMA DUOC,99.26,Educación,pago web sistema duoc
6645,58546163,DEBITO TAXI APP,54.53,Transporte,debito taxi app
6646,41613410,PAGO WEB CLARO TELECOM,91.69,Servicios,pago web claro telecom
6647,43777572,DEBITO EASY PORTAL,60.88,Vivienda,debito easy portal
6648,66435409,PAGO WEB ARRIENDO DEPT,363.74,Vivienda,pago web arriendo dept
6649,95213155,COMPRA TBK MCDONALDS WEB,9.11,Alimentación,compra tbk mcdonalds web
6650,47460837,PAGO AUTOMATICO INTEGRAMEDICA,36.03,Salud,pago automatico integramedica
6651,56740305,CARGO TC RESTAURANT FANCY,44.54,Ocio,cargo tc restaurant fancy
6652,47905171,DEBITO GASCO LIQUADO,141.18,Servicios,debito gasco liquado
6653,79276290,PAGO AUTOMATICO ENEL DISTRIBUCION,109.15,Servicios,pago automatico enel distribucion
6654,77556543,PAGO AUTOMATICO TIENDA ONLINE,53.1,Ocio,pago automatico tienda online
6655,28176332,DEBITO MATRICULA UNIV,146.49,Educación,debito matricula univ
6656,15194115,ABONO AGUAS ANDINAS,73.77,Servicios,abono aguas andinas
6657,26749735,CArGO TC cOPEC sANTIAGO,48.03,Transporte,cargo tc copec santiago
6658,59266095,COMPRA TBK CENTRO MEDICO,103.61,Salud,compra tbk centro medico
6659,13085086,CARGO TC UDEMY COURSES,143.36,Educación,cargo tc udemy courses
6660,80037046,PAGO AUTOMATICO CENTRO MEDICO,68.58,Salud,pago automatico centro medico
6661,49237816,PAGO AUTOMATICO CLINICA INDISA,52.09,Salud,pago automatico clinica indisa
6662,83633726,DEBITO SODIMAC HOME,195.05,Vivienda,debito sodimac home
6663,11849485,ABONO LIDER EXPR3SS,17.7,Alimentación,abono lider exprss
6664,48287696,PAGO AUTOMATICO AUTOPISTA CENTRAL,41.28,Transporte,pago automatico autopista central
6665,51333387,PAGO AUTOMATICO COPEC SANTIAGO,51.21,Transporte,pago automatico copec santiago
6666,92351218,ABONO TIENDA ONLINE,53.12,Ocio,abono tienda online
6667,18031842,PAGO WEB BAR LA ESQUINA,46.51,Ocio,pago web bar la esquina
6668,40545229,CARGO TC NETFLIX.COM,33.24,Ocio,cargo tc netflixcom
6669,77137203,PAGO AUTOMATICO MERCADO CENTRAL,56.34,Alimentación,pago automatico mercado central
6670,86988681,CARGO TC MATRICULA UNIV,32.52,Educación,cargo tc matricula univ
6671,26268796,CARGO TC SODIMAC HOME,86.85,Vivienda,cargo tc sodimac home
6672,67177425,COMPRA TBK STEAM GAMES,47.23,Ocio,compra tbk steam games
6673,45472122,TEF ENVIADA INTEGRAMEDICA,139.13,Salud,tef enviada integramedica
6674,78465074,ABONO TIENDA ONLINE,48.29,Ocio,abono tienda online
6675,73703699,CARGO TC ESTACIONAMIENTO,8.13,Transporte,cargo tc estacionamiento
6676,71779636,TEF ENVIADA CARGA BIP WEB,19.89,Transporte,tef enviada carga bip web
6677,72947597,CARGO TC CINEMARK ONLINE,21.28,Ocio,cargo tc cinemark online
6678,52305753,TEF ENVIADA SERVICIO TECNICO,22.8,Servicios,tef enviada servicio tecnico
6679,19803194,TEF ENVIADA ENTRETENIMIENTO PLUS,50.19,Ocio,tef enviada entretenimiento plus
6680,89439799,DEBITO FARMACIA AHUMADA,127.04,Salud,debito farmacia ahumada
6681,63957036,TEF ENVIADA DEL1VERY COMIDA,40.73,Alimentación,tef enviada delvery comida
6682,20118322,ABONO COPEC SANTIAGO,58.78,Transporte,abono copec santiago
6683,66885714,TEF ENVIADA EXAMENES MED,119.78,Salud,tef enviada examenes med
6684,36865874,DEBITO ARRIENDO DEPT,246.19,Vivienda,debito arriendo dept
6685,26095270,CARGO TC CINEMARK ONLINE,11.8,Ocio,cargo tc cinemark online
6686,93372541,DEBITO EASY PORTAL,249.81,Vivienda,debito easy portal
6687,65443611,CARGO TC LIBRERIA UNIVERSITARIA,120.89,Educación,cargo tc libreria universitaria
6688,54218086,CARGO TC TIENDA ONLINE,22.3,Alimentación,cargo tc tienda online
6689,63885207,PAGO WEB REPARACIONES HOGAR,235.49,Vivienda,pago web reparaciones hogar
6690,81653148,PAGO WEB ENTRETENIMIENTO PLUS,10.86,Ocio,pago web entretenimiento plus
6691,98168783,PAGO WEB TIENDA ONLINE,53.53,Servicios,pago web tienda online
6692,36152810,ABONO MCDONALDS WEB,24.1,Alimentación,abono mcdonalds web
6693,17511289,ABONO INTEGRAMEDICA,107.11,Salud,abono integramedica
6694,33004224,CARGO TC ENTRETENIMIENTO PLUS,32.94,Ocio,cargo tc entretenimiento plus
6695,76550163,COMPRA TBK PEDIDOSYA CL,22.39,Alimentación,compra tbk pedidosya cl
6696,21815179,DEBITO SERVICIOS GENERALES,92.03,Servicios,debito servicios generales
6697,44795549,ABONO EVENTO DEPORTIVO,48.36,Ocio,abono evento deportivo
6698,47647905,TEF ENVIADA CLARO TELECOM,108.52,Servicios,tef enviada claro telecom
6699,48288858,PAGO AUTOMATICO PAGO CUOTAS,322.51,Vivienda,pago automatico pago cuotas
6700,42921197,CARGO TC CENTRO MEDICO,14.75,Salud,cargo tc centro medico
6701,68352639,ABONO PINTURAS SHERWIN,53.05,Vivienda,abono pinturas sherwin
6702,28215592,ABONO TIENDA ONLINE,64.62,Educación,abono tienda online
6703,71401183,TEF ENVIADA PAGO CUOTAS,60.98,Educación,tef enviada pago cuotas
6704,40584185,PAGO AUTOMATICO INTEGRAMEDICA,119.92,Salud,pago automatico integramedica
6705,48957167,CARGO TC PAGO CUOTAS,101.45,Servicios,cargo tc pago cuotas
6706,26278384,PAGO WEB SODIMAC HOME,57.75,Vivienda,pago web sodimac home
6707,58380316,COMPRA TBK CLARO TELECOM,45.46,Servicios,compra tbk claro telecom
6708,22425857,PAGO WEB INTEGRAMEDICA,115.79,Salud,pago web integramedica
6709,39870525,ABONO SUPERMERCADO DIA,12.77,Alimentación,abono supermercado dia
6710,99714997,PAGO AUTOMAtiCO BAR LA ESQUINA,56.59,Ocio,pago automatico bar la esquina
6711,37016931,DEBITO AGUAS ANDINAS,27.41,Servicios,debito aguas andinas
6712,17880918,TEF ENVIADA SODIMAC HOME,277.18,Vivienda,tef enviada sodimac home
6713,95177444,CARGO TC GASOLINERA,37.86,Transporte,cargo tc gasolinera
6714,71730649,CARGO TC LIBRERIA UNIVERSITARIA,87.95,Educación,cargo tc libreria universitaria
6715,67361937,DEBITO CLINICA INDISA,22.71,Salud,debito clinica indisa
6716,86491866,PAGO WEB SERVICIOS GENERALES,67.98,Servicios,pago web servicios generales
6717,57559274,ABONO CONSULTA ESPECIALISTA,109.58,Salud,abono consulta especialista
6718,25565853,DEBITO OPTICA VISION,34.26,Salud,debito optica vision
6719,48640863,DEBITO STEAM GAMES,42.46,Ocio,debito steam games
6720,24290214,ABONO BANCO DEL ESTADO,84.07,Servicios,abono banco del estado
6721,13176727,DEBITO UBER TRIP,13.88,Transporte,debito uber trip
6722,27359956,PAGO AUTOMATICO SISTEMA DUOC,76.61,Educación,pago automatico sistema duoc
6723,46322502,PAGO AUTOMATICO MERCADO CENTRAL,44.08,Alimentación,pago automatico mercado central
6724,47334666,CARGO TC BANCO DEL ESTADO,111.98,Servicios,cargo tc banco del estado
6725,20840616,DEBITO REPARACIONES HOGAR,107.18,Vivienda,debito reparaciones hogar
6726,26477859,PAGO WEB ARRIENDO DEPT,387.69,Vivienda,pago web arriendo dept
6727,27617011,TEF ENVIADA CRUZ VERDE LOCAL,84.47,Salud,tef enviada cruz verde local
6728,97221310,COMPRA TBK MATRICULA UNIV,50.87,Educación,compra tbk matricula univ
6729,80583596,PAGO WEB RESTAURANT FANCY,58.75,Ocio,pago web restaurant fancy
6730,66371308,ABONO ESTACIONAMIENTO,31.97,Transporte,abono estacionamiento
6731,38211997,TEF ENVIADA CLARO TELECOM,54.57,Servicios,tef enviada claro telecom
6732,95731725,ABONO INTEGRAMEDICA,149.27,Salud,abono integramedica
6733,69118335,DEBITO ARRIENDO DEPT,232.01,Vivienda,debito arriendo dept
6734,87640642,PAGO AUTOMATICO GASOLINERA,15.29,Transporte,pago automatico gasolinera
6735,69193052,COMPRA TBK S3RVICIO TECNICO,115.92,Servicios,compra tbk srvicio tecnico
6736,94106245,TEF ENVIADA PRONTO COPEC,18.83,Alimentación,tef enviada pronto copec
6737,86403553,PAGO AUTOMATICO MERCADO CENTRAL,41.66,Ocio,pago automatico mercado central
6738,19164814,TEF ENVIADA REPARACIONES HOGAR,176.42,Vivienda,tef enviada reparaciones hogar
6739,13536043,TEF ENVIADA OPTICA VISION,59.85,Salud,tef enviada optica vision
6740,18790367,PAGO WEB TIENDA ONLINE,35.59,Alimentación,pago web tienda online
6741,58499748,DEBITO COPEC SANTIAGO,7.85,Transporte,debito copec santiago
6742,70302971,ABONO SISTEMA DUOC,129.0,Educación,abono sistema duoc
6743,35873158,TEF ENVIADA SHELL RUTA 5,53.9,Transporte,tef enviada shell ruta 
6744,55618660,DEBITO FARMACIA AHUMADA,17.23,Salud,debito farmacia ahumada
6745,99904623,DEBITO VTR BANDA ANCHA,137.74,Servicios,debito vtr banda ancha
6746,83029297,PAGO WEB CRUZ VERDE LOCAL,110.27,Salud,pago web cruz verde local
6747,33195712,COMPRA TBK SUPERMERCADO DIA,6.51,Alimentación,compra tbk supermercado dia
6748,31021461,PAGO AUTOMATICO ENTRETENIMIENTO PLUS,56.91,Ocio,pago automatico entretenimiento plus
6749,47483872,PAGO WEB TIENDA ONLINE,24.09,Alimentación,pago web tienda online
6750,86535615,DEBITO GASOLINERA,27.74,Transporte,debito gasolinera
6751,54003619,TEF ENVIADA MCDONALDS WEB,49.59,Alimentación,tef enviada mcdonalds web
6752,57080846,PAGO WEB TIENDA ONLINE,26.1,Servicios,pago web tienda online
6753,36534946,ABONO OPTICA VISION,33.43,Salud,abono optica vision
6754,68243617,PAGO WEB TIENDA ONLINE,52.5,Alimentación,pago web tienda online
6755,11582056,COMPRA TBK LIBRERIA UNIVERSITARIA,33.7,Educación,compra tbk libreria universitaria
6756,13223739,COMPRA TBK CLARO TELECOM,16.59,Servicios,compra tbk claro telecom
6757,56915616,PAGO AUTOMATICO TIENDA ONLINE,82.19,Educación,pago automatico tienda online
6758,82639943,CARGO TC SERVICIOS GENERALES,57.33,Servicios,cargo tc servicios generales
6759,23014556,CARGO TC SUPERMERCADO DIA,21.7,Alimentación,cargo tc supermercado dia
6760,68752214,PAGO WEB PRONTO COPEC,14.68,Alimentación,pago web pronto copec
6761,62794020,PAGO AUTOMATICO TAXI APP,12.04,Transporte,pago automatico taxi app
6762,24010182,PAGO AUTOMATICO PEAJE TAG,34.71,Transporte,pago automatico peaje tag
6763,15282825,ABONO PRONTO COPEC,21.97,Alimentación,abono pronto copec
6764,53480195,CARGO TC PEAJE TAG,55.23,Transporte,cargo tc peaje tag
6765,75363219,PAGO AUTOMATICO BAR LA ESQUINA,53.22,Ocio,pago automatico bar la esquina
6766,37003272,CARGO TC INTEGRAMEDICA,130.16,Salud,cargo tc integramedica
6767,60688574,PAGO AUTOMATICO FARMACIA AHUMADA,72.88,Salud,pago automatico farmacia ahumada
6768,85127595,PAGO WEB MERCADO CENTRAL,41.96,Alimentación,pago web mercado central
6769,58305245,PAGO WEB TIENDA ONLINE,34.31,Ocio,pago web tienda online
6770,21548508,PAGO WEB PINTURAS SHERWIN,69.11,Vivienda,pago web pinturas sherwin
6771,67551416,PAGO AUTOMATICO TIENDA ONLINE,20.93,Ocio,pago automatico tienda online
6772,97660116,PAGO AUTOMATICO TIENDA ONLINE,36.85,Alimentación,pago automatico tienda online
6773,17030982,TEF ENVIADA PLATAFORMA APRENDIZAJE,20.15,Educación,tef enviada plataforma aprendizaje
6774,24698809,PAGO WEB CARGA BIP WEB,28.71,Transporte,pago web carga bip web
6775,79999514,DEBITO CONSULTA ESPECIALISTA,149.77,Salud,debito consulta especialista
6776,46293441,PAGO AUTOMATICO INTEGRAMEDICA,71.66,Salud,pago automatico integramedica
6777,36965153,PAGO AUTOMATICO CRUZ VERDE LOCAL,64.46,Salud,pago automatico cruz verde local
6778,62870006,ABONO TIENDA ONLINE,48.25,Alimentación,abono tienda online
6779,28731663,DEBITO TAXI APP,46.63,Transporte,debito taxi app
6780,31345375,DEBITO GASCO LIQUADO,75.75,Servicios,debito gasco liquado
6781,28922464,ABONO AUTOPISTA CENTRAL,25.03,Transporte,abono autopista central
6782,43442775,COMPRA TBK CONDOMINIO GGCC,51.7,Vivienda,compra tbk condominio ggcc
6783,87323806,PAGO AUTOMATICO PLATAFORMA APRENDIZAJE,58.85,Educación,pago automatico plataforma aprendizaje
6784,50927633,CARGO TC COLEGIO MENSUALIDAD,35.43,Educación,cargo tc colegio mensualidad
6785,38569236,pAGO AUTOMATICO TALLEr AUTOMOTRiZ,67.02,Servicios,pago automatico taller automotriz
6786,14137416,DEBITO UDEMY COURSES,38.31,Educación,debito udemy courses
6787,43002771,ABONO FARMACIA AHUMADA,125.05,Salud,abono farmacia ahumada
6788,88961202,DEBITO REPARACIONES HOGAR,230.45,Vivienda,debito reparaciones hogar
6789,90807597,CARGO TC HOME CENTER,399.29,Vivienda,cargo tc home center
6790,76885393,ABONO PAGO CUOTAS,330.44,Vivienda,abono pago cuotas
6791,60644002,COMPRA TBK SODIMAC HOME,84.76,Vivienda,compra tbk sodimac home
6792,14212666,TEF ENVIADA INTEGRAMEDICA,149.0,Salud,tef enviada integramedica
6793,98647615,DEBITO CLARO TELECOM,78.35,Servicios,debito claro telecom
6794,68744804,TEF ENVIADA EXAMENES MED,21.54,Salud,tef enviada examenes med
6795,61214343,ABONO ENTRETENIMIENTO PLUS,18.11,Ocio,abono entretenimiento plus
6796,20648266,PAGO AUTOMATICO EVENTO DEPORTIVO,54.86,Ocio,pago automatico evento deportivo
6797,10833667,ABONO PAGO CUOTAS,308.67,Vivienda,abono pago cuotas
6798,67590483,ABONO CONSULTA ESPECIALISTA,27.07,Salud,abono consulta especialista
6799,77038045,ABONO CARGA BIP WEB,21.92,Transporte,abono carga bip web
6800,41389041,PAGO AUTOMATICO CLINICA INDISA,97.89,Salud,pago automatico clinica indisa
6801,77526710,DEBITO FARMACIA AHUMADA,80.08,Salud,debito farmacia ahumada
6802,86766291,TEF ENVIADA TAXI APP,14.46,Transporte,tef enviada taxi app
6803,39367209,TEF ENVIADA CINEMARK ONLINE,36.69,Ocio,tef enviada cinemark online
6804,31369484,ABONO TIENDA ONLINE,27.17,Educación,abono tienda online
6805,26498529,COMPRA TBK UDEMY COURSES,39.63,Educación,compra tbk udemy courses
6806,78646505,CARGO TC COPEC SANTIAGO,19.22,Transporte,cargo tc copec santiago
6807,74824154,PAGO AUTOMATICO SERVICIO TECNICO,19.95,Servicios,pago automatico servicio tecnico
6808,72365525,CARGO TC BANCO DEL ESTADO,100.99,Servicios,cargo tc banco del estado
6809,66061370,COMPRA TBK SERVICIOS GENERALES,241.82,Vivienda,compra tbk servicios generales
6810,23251392,PAGO WEB GASCO LIQUADO,66.26,Servicios,pago web gasco liquado
6811,63777234,CARGO TC CLARO TELECOM,78.82,Servicios,cargo tc claro telecom
6812,63619787,PAGO AUTOMATICO BANCO DEL ESTADO,140.51,Servicios,pago automatico banco del estado
6813,63803955,DEBITO SERVICIOS GENERALES,130.59,Servicios,debito servicios generales
6814,26874157,COMPRA TBK SERVICIOS GENERALES,52.95,Vivienda,compra tbk servicios generales
6815,88667093,ABONO RESTAURANT FANCY,28.97,Ocio,abono restaurant fancy
6816,58822608,TEF ENVIADA CONSULTA ESPECIALISTA,18.68,Salud,tef enviada consulta especialista
6817,28033466,PAGO WEB TIENDA ONLINE,93.06,Educación,pago web tienda online
6818,50142677,TEF ENVIADA CURSO IDIOMAS,113.66,Educación,tef enviada curso idiomas
6819,84358037,COMPRA TBK UBER TRIP,24.9,Transporte,compra tbk uber trip
6820,81968855,PAGO WEB VERDULERIA DON PEPE,30.71,Alimentación,pago web verduleria don pepe
6821,46994334,DEBITO STEAM GAMES,6.91,Ocio,debito steam games
6822,67954180,TEF ENVIADA PAGO CUOTAS,120.76,Vivienda,tef enviada pago cuotas
6823,21773592,TEF ENVIADA ALMACEN VECINAL,19.13,Alimentación,tef enviada almacen vecinal
6824,35490427,COMPRA TBK ALMACEN VECINAL,59.99,Alimentación,compra tbk almacen vecinal
6825,20600510,TEF ENVIADA GASCO LIQUADO,25.19,Servicios,tef enviada gasco liquado
6826,63752009,CARGO TC TIENDA ONLINE,24.45,Alimentación,cargo tc tienda online
6827,76860919,CARGO TC TIENDA ONLINE,54.77,Educación,cargo tc tienda online
6828,62706682,CARGO TC CARGA BIP WEB,10.74,Transporte,cargo tc carga bip web
6829,71399117,TEF ENVIADA PRONTO COPEC,56.5,Alimentación,tef enviada pronto copec
6830,38336171,DEBITO OPTICA VISION,54.43,Salud,debito optica vision
6831,71240406,TEF ENVIADA HOME CENTER,299.42,Vivienda,tef enviada home center
6832,63340366,TEF ENVIADA DELIVERY COMIDA,57.54,Alimentación,tef enviada delivery comida
6833,37290989,TEF ENVIADA PAGO CUOTAS,123.1,Educación,tef enviada pago cuotas
6834,82101523,DEBITO PLATAFORMA APRENDIZAJE,71.23,Educación,debito plataforma aprendizaje
6835,28906776,PAGO AUTOMATICO FARMACIA AHUMADA,55.78,Salud,pago automatico farmacia ahumada
6836,90531418,COMPRA TBK TIENDA ONLINE,38.81,Ocio,compra tbk tienda online
6837,68004202,ABONO COLEGIO MENSUALIDAD,28.05,Educación,abono colegio mensualidad
6838,73153056,PAGO WEB TALLER AUTOMOTRIZ,68.93,Servicios,pago web taller automotriz
6839,82032003,TEF ENVIADA GASOLINERA,20.62,Transporte,tef enviada gasolinera
6840,25693088,ABONO HOME CENTER,219.84,Vivienda,abono home center
6841,85777907,TEF ENVIADA CURSO IDIOMAS,111.76,Educación,tef enviada curso idiomas
6842,10526751,COMPRA TBK UDEMY COURSES,28.36,Educación,compra tbk udemy courses
6843,17801838,ABONO SERVICIOS GENERALES,105.15,Servicios,abono servicios generales
6844,27073410,ABONO PLATAFORMA APRENDIZAJE,127.14,Educación,abono plataforma aprendizaje
6845,23537098,DEBITO PEAJE TAG,55.33,Transporte,debito peaje tag
6846,15565428,DEBITO PEDIDOSYA CL,39.87,Alimentación,debito pedidosya cl
6847,46327630,TEF ENVIADA CENTRO MEDICO,68.39,Salud,tef enviada centro medico
6848,55175231,COMPRA TBK UBER TRIP,28.38,Transporte,compra tbk uber trip
6849,57352968,PAGO WEB DIDI RIDE,7.01,Transporte,pago web didi ride
6850,61440401,TEF ENVIADA CARGA BIP WEB,12.05,Transporte,tef enviada carga bip web
6851,11945284,COMPRA TBK PEAJE TAG,17.93,Transporte,compra tbk peaje tag
6852,89899841,CARGO TC EVENTO DEPORTIVO,46.62,Ocio,cargo tc evento deportivo
6853,31424500,COMPRA TBK CLARO TELECOM,18.58,Servicios,compra tbk claro telecom
6854,56509823,TEF ENVIADA EXAMENES MED,16.9,Salud,tef enviada examenes med
6855,90564046,COMPRA TBK CONSULTA ESPECIALISTA,39.73,Salud,compra tbk consulta especialista
6856,88417702,TEF ENVIADA GASCO LIQUADO,99.55,Servicios,tef enviada gasco liquado
6857,46215937,COMPRA TBK CURSO IDIOMAS,10.55,Educación,compra tbk curso idiomas
6858,84794468,cOMPRA TBK GASc0 LIQUADO,34.34,Servicios,compra tbk gasc liquado
6859,27343433,DEBITO RESTAURANT FANCY,46.61,Ocio,debito restaurant fancy
6860,75702105,DEBITO PAGO CUOTAS,202.66,Vivienda,debito pago cuotas
6861,68729793,PAGO AUTOMATICO EXAMENES MED,27.82,Salud,pago automatico examenes med
6862,51605434,TEF ENVIADA OPTICA VISION,88.04,Salud,tef enviada optica vision
6863,34122210,PAGO AUTOMATICO PRONTO COPEC,55.0,Alimentación,pago automatico pronto copec
6864,43160253,COMPRA TBK SERVICIOS GENERALES,253.03,Vivienda,compra tbk servicios generales
6865,91499215,DEBITO TIENDA ONLINE,47.28,Servicios,debito tienda online
6866,19257551,ABONO SODIMAC HOME,171.01,Vivienda,abono sodimac home
6867,39874642,TEF ENVIADA SPOTIFY PREMIUM,40.01,Ocio,tef enviada spotify premium
6868,93044549,PAGO AUTOMATICO UDEMY COURSES,129.65,Educación,pago automatico udemy courses
6869,48657589,PAGO WEB PLATAFORMA APRENDIZAJE,123.73,Educación,pago web plataforma aprendizaje
6870,85829234,TEF ENVIADA ARRIENDO DEPT,74.45,Vivienda,tef enviada arriendo dept
6871,15825206,ABONO GASOLINERA,17.16,Transporte,abono gasolinera
6872,69271134,COMPRA TBK SUPERMERCADO DIA,24.07,Alimentación,compra tbk supermercado dia
6873,52286400,DEBITO GASOLINERA,30.41,Transporte,debito gasolinera
6874,22022183,ABONO PRONTO COPEC,28.18,Alimentación,abono pronto copec
6875,90267569,TEF ENVIADA cINEMARK ON1INE,9.89,Ocio,tef enviada cinemark onine
6876,62864878,ABONO PRONTO COPEC,18.82,Alimentación,abono pronto copec
6877,38221330,CARGO TC TAXI APP,50.3,Transporte,cargo tc taxi app
6878,88952166,ABONO COMPRA EN AMAZON,10.11,Ocio,abono compra en amazon
6879,11000660,DEBITO UBER TRIP,39.73,Transporte,debito uber trip
6880,69248631,TEF ENVIADA CONDOMINIO GGCC,189.29,Vivienda,tef enviada condominio ggcc
6881,78264794,CARGO TC SISTEMA DUOC,16.57,Educación,cargo tc sistema duoc
6882,52897013,PAGO AUTOMATICO MERCADO CENTRAL,41.78,Ocio,pago automatico mercado central
6883,35280582,PAGO WEB JUMBO BILBAO,34.72,Alimentación,pago web jumbo bilbao
6884,28859018,CoMPRA TBK INTEGRAMEd1CA,57.89,Salud,compra tbk integramedca
6885,69853645,DEBITO TIENDA ONLINE,53.66,Ocio,debito tienda online
6886,26186057,CARGO TC CENTRO MEDICO,77.12,Salud,cargo tc centro medico
6887,42390660,PAGO AUTOMATICO LIBRERIA UNIVERSITARIA,50.5,Educación,pago automatico libreria universitaria
6888,34670627,DEBITO TALLER AUTOMOTRIZ,109.64,Servicios,debito taller automotriz
6889,99946386,CARGO TC TALLER AUTOMOTRIZ,67.84,Servicios,cargo tc taller automotriz
6890,18731930,CARGO TC PAGO CUOTAS,56.79,Servicios,cargo tc pago cuotas
6891,26252081,DEBITO TIENDA ONLINE,30.6,Ocio,debito tienda online
6892,19124796,CARGO TC ARRIENDO DEPT,336.17,Vivienda,cargo tc arriendo dept
6893,77068267,COMPRA TBK PLATAFORMA APRENDIZAJE,65.42,Educación,compra tbk plataforma aprendizaje
6894,86010158,CARGO TC TIENDA ONLINE,24.85,Ocio,cargo tc tienda online
6895,11692090,CARGO TC PAGO CUOTAS,15.85,Educación,cargo tc pago cuotas
6896,52248617,DEBITO STEAM GAMES,13.44,Ocio,debito steam games
6897,44398271,DEBITO PAGO CUOTAS,99.24,Educación,debito pago cuotas
6898,27164035,PAGO WEB JUMBO BILBAO,22.93,Alimentación,pago web jumbo bilbao
6899,88903040,CARGO TC BAR LA ESQUINA,39.86,Ocio,cargo tc bar la esquina
6900,40850239,PAGO AUTOMATICO GASCO LIQUADO,77.85,Servicios,pago automatico gasco liquado
6901,29316859,CARGO TC SODIMAC HOME,377.5,Vivienda,cargo tc sodimac home
6902,73332523,COMPRA TBK INTEGRAMEDICA,16.47,Salud,compra tbk integramedica
6903,34016631,ABONO ALMACEN VECINAL,37.47,Alimentación,abono almacen vecinal
6904,36885969,COMPRA TBK SHELL RUTA 5,24.89,Transporte,compra tbk shell ruta 
6905,35527189,CARGO TC VTR BANDA ANCHA,94.86,Servicios,cargo tc vtr banda ancha
6906,21670126,DEBITO GASOLINERA,44.4,Transporte,debito gasolinera
6907,27862581,CARGO TC ENTRETENIMIENTO PLUS,35.63,Ocio,cargo tc entretenimiento plus
6908,96759860,ABONO MERCADO CENTRAL,41.72,Alimentación,abono mercado central
6909,83252007,TEF ENVIADA SERVICIO TECNICO,75.5,Servicios,tef enviada servicio tecnico
6910,71459280,ABONO CARGA BIP WEB,42.79,Transporte,abono carga bip web
6911,51701966,PAGO AUTOMATICO JUMBO BILBAO,21.69,Alimentación,pago automatico jumbo bilbao
6912,85431466,PAGO AUTOMATICO SERVICIOS GENERALES,127.69,Vivienda,pago automatico servicios generales
6913,95064857,DEBITO NETFLIX.COM,22.01,Ocio,debito netflixcom
6914,57778960,PAGO WEB PAGO CUOTAS,136.76,Educación,pago web pago cuotas
6915,34262207,CARGO TC TIENDA ONLINE,23.38,Alimentación,cargo tc tienda online
6916,34744664,TEF ENVIADA TIENDA ONLINE,25.74,Ocio,tef enviada tienda online
6917,29160042,TEF ENVIADA MATRICULA UNIV,55.84,Educación,tef enviada matricula univ
6918,50825027,PAGO AUTOMATICO CINEMARK ONLINE,44.48,Ocio,pago automatico cinemark online
6919,32232750,ABONO HOME CENTER,215.75,Vivienda,abono home center
6920,35828453,CARGO TC DELIVERY COMIDA,47.95,Alimentación,cargo tc delivery comida
6921,67770480,CARGO TC STEAM GAMES,27.89,Ocio,cargo tc steam games
6922,50032071,CARGO TC JUMBO BILBAO,37.97,Alimentación,cargo tc jumbo bilbao
6923,60791799,COMPRA TBK TIENDA ONLINE,52.85,Ocio,compra tbk tienda online
6924,61823259,PAGO WEB CONDOMINIO GGCC,315.21,Vivienda,pago web condominio ggcc
6925,73199814,DEBITO MERCADO CENTRAL,56.85,Ocio,debito mercado central
6926,91077021,CARGO TC MATRICULA UNIV,135.18,Educación,cargo tc matricula univ
6927,97242936,ABONO CRUZ VERDE LOCAL,104.62,Salud,abono cruz verde local
6928,67343730,COMPRA TBK PLATAFORMA APRENDIZAJE,97.02,Educación,compra tbk plataforma aprendizaje
6929,99552886,ABONO CENTRO MEDICO,51.96,Salud,abono centro medico
6930,98016489,PAGO WEB TIENDA ONLINE,17.94,Alimentación,pago web tienda online
6931,26281297,TEF ENVIADA TIENDA ONLINE,26.73,Alimentación,tef enviada tienda online
6932,88600182,CARGO TC STEAM GAMES,8.75,Ocio,cargo tc steam games
6933,90861860,PAGO AUTOMATICO DIDI RIDE,58.32,Transporte,pago automatico didi ride
6934,22221724,PAGO WEB GASOLINERA,47.67,Transporte,pago web gasolinera
6935,59266436,A8OnO UBER TRIP,14.92,Transporte,aono uber trip
6936,23342070,TEF ENVIADA DELIVERY COMIDA,25.01,Alimentación,tef enviada delivery comida
6937,63013046,TEF ENVIADA SHELL RUTA 5,40.04,Transporte,tef enviada shell ruta 
6938,10653733,DEBITO STEAM GAMES,37.65,Ocio,debito steam games
6939,34641164,TEF ENVIADA SHELL RUTA 5,18.44,Transporte,tef enviada shell ruta 
6940,25085657,PAGO AUTOMATICO PAGO CUOTAS,35.61,Educación,pago automatico pago cuotas
6941,23110817,ABONO CRUZ VERDE LOCAL,102.83,Salud,abono cruz verde local
6942,87214802,DEBITO PAGO CUOTAS,294.12,Vivienda,debito pago cuotas
6943,20627691,DEBITO JUMBO BILBA0,57.32,Alimentación,debito jumbo bilba
6944,38530039,ABONO REPARACIONES HOGAR,337.29,Vivienda,abono reparaciones hogar
6945,42005288,ABONO CARGA BIP WEB,19.14,Transporte,abono carga bip web
6946,60025368,ABONO PEAJE TAG,55.22,Transporte,abono peaje tag
6947,68433456,DEBITO EXAMENES MED,96.63,Salud,debito examenes med
6948,84148525,DEBITO MERCADO CENTRAL,29.87,Alimentación,debito mercado central
6949,35014896,TEF ENVIADA ESTACIONAMIENTO,54.84,Transporte,tef enviada estacionamiento
6950,79749541,COMPRA TBK CLARO TELEcOM,11.35,Servicios,compra tbk claro telecom
6951,94167865,DEBITO PAGO CUOTAS,109.88,Servicios,debito pago cuotas
6952,32512506,TEF ENVIADA SPOTIFY PREMIUM,11.23,Ocio,tef enviada spotify premium
6953,83334481,COMPRA T8K ENTRETENIMI3NTO pLUS,17.84,Ocio,compra tk entreteniminto plus
6954,61590666,TEF ENVIADA RESTAURANT FANCY,13.81,Ocio,tef enviada restaurant fancy
6955,24992544,TEF ENVIADA COPEC SANTIAGO,10.43,Transporte,tef enviada copec santiago
6956,81018915,DEBITO REPARACIONES HOGAR,384.1,Vivienda,debito reparaciones hogar
6957,76317977,TEF ENVIADA STEAM GAMES,42.38,Ocio,tef enviada steam games
6958,24873566,PAGO AUTOMATICO LIDER EXPRESS,11.21,Alimentación,pago automatico lider express
6959,82077282,ABONO PAGO CUOTAS,194.0,Vivienda,abono pago cuotas
6960,22864861,COMPRA TBK GASOLINERA,23.32,Transporte,compra tbk gasolinera
6961,32721053,ABONO PAGO CUOTAS,70.52,Educación,abono pago cuotas
6962,92515948,TEF ENVIADA COPEC SANTIAGO,36.54,Transporte,tef enviada copec santiago
6963,55366754,DEBITO MERCADO CENTRAL,16.48,Alimentación,debito mercado central
6964,11600631,CARGO TC ENEL DISTRIBUCION,60.54,Servicios,cargo tc enel distribucion
6965,19966994,PAGO WEB SHELL RUTA 5,8.34,Transporte,pago web shell ruta 
6966,52913287,PAGO AUTOMATICO CRUZ VERDE LOCAL,10.37,Salud,pago automatico cruz verde local
6967,65413189,TEF ENVIADA CONSULTA ESPECIALISTA,140.07,Salud,tef enviada consulta especialista
6968,77673602,TEF ENVIADA SODIMAC HOME,137.68,Vivienda,tef enviada sodimac home
6969,85045497,COMPRA TBK PAGO CUOTAS,279.27,Vivienda,compra tbk pago cuotas
6970,46587978,DEBITO COPEC SANTIAGO,41.29,Transporte,debito copec santiago
6971,41177793,CARGO TC ENEL DISTRIBUCION,55.07,Servicios,cargo tc enel distribucion
6972,31933938,COMPRA TBK NETFLIX.COM,29.3,Ocio,compra tbk netflixcom
6973,28461026,TEF ENVIADA PAGO CUOTAS,241.97,Vivienda,tef enviada pago cuotas
6974,83436356,COMPRA TBK UDEMY COURSES,137.09,Educación,compra tbk udemy courses
6975,31159443,CARGO TC COPEC SANTIAGO,8.48,Transporte,cargo tc copec santiago
6976,36232441,COMPRA TBK CARGA BIP WEB,51.74,Transporte,compra tbk carga bip web
6977,90065964,COMPRA TBK UDEMY COURSES,15.54,Educación,compra tbk udemy courses
6978,72956668,CARGO TC MCDONALDS WEB,40.09,Alimentación,cargo tc mcdonalds web
6979,20420650,ABONO CLARO TELECOM,110.66,Servicios,abono claro telecom
6980,82580806,DEBITO SODIMAC HOME,173.08,Vivienda,debito sodimac home
6981,78479914,PAGO WEB SERVICIOS GENERALES,87.86,Servicios,pago web servicios generales
6982,44174038,TEF ENVIADA SHELL RUTA 5,50.62,Transporte,tef enviada shell ruta 
6983,82883547,CARGO TC SODIMAC HOME,289.66,Vivienda,cargo tc sodimac home
6984,87517348,DEBITO PEAJE TAG,8.43,Transporte,debito peaje tag
6985,46825952,ABONO LIDER EXPRESS,50.15,Alimentación,abono lider express
6986,63971244,PAGO AUTOMATICO CENTRO MEDICO,75.06,Salud,pago automatico centro medico
6987,27347145,PAGO WEB EASY PORTAL,143.79,Vivienda,pago web easy portal
6988,86268457,COMPRA TBK SODIMAC HOME,103.65,Vivienda,compra tbk sodimac home
6989,20079941,PAGO AUTOMATICO MERCADO CENTRAL,56.26,Alimentación,pago automatico mercado central
6990,27305539,ABONO PAGO CUOTAS,359.51,Vivienda,abono pago cuotas
6991,69113227,PAGO wEB 5TeAM GAMES,30.32,Ocio,pago web team games
6992,29967361,ABONO AUTOPISTA CENTRAL,8.26,Transporte,abono autopista central
6993,85702617,PAGO WEB CLINICA INDISA,87.79,Salud,pago web clinica indisa
6994,76954632,CARGO TC GASCO LIQUADO,34.45,Servicios,cargo tc gasco liquado
6995,35524774,PAGO WEB CONDOMINIO GGCC,125.24,Vivienda,pago web condominio ggcc
6996,94156648,DEBITO RESTAURANT FANCY,5.87,Ocio,debito restaurant fancy
6997,92195862,COMPRA TBK BAR LA ESQUINA,18.35,Ocio,compra tbk bar la esquina
6998,91393213,DEBITO PAGO CUOTAS,121.99,Educación,debito pago cuotas
6999,45778035,CARGO TC CENTRO MEDICO,28.94,Salud,cargo tc centro medico
7000,52828222,PAGO WEB ARRIENDO DEPT,302.99,Vivienda,pago web arriendo dept
